#pragma once
#include <stdint.h>

// 320x170 raw background (alpha 1.0)，固件运行时按透明度混合
const uint16_t BACKGROUND_IMG[54400] PROGMEM = {
  0x8CF6, 0x84D6, 0x84D6, 0x7CD6, 0x7CF7, 0x8D98, 0xAE19, 0xC67A, 0xCE9A, 0xCE9A, 0xD6BA, 0xD6BA, 0xD6BB, 0xDEBA, 0xD71C, 0xD6FC,
  0xCE59, 0x9536, 0x8452, 0x6BD1, 0x63D1, 0x630C, 0x632D, 0x4BD7, 0x4C38, 0x6C34, 0x85DB, 0x9D57, 0x9491, 0x6C14, 0x6BF2, 0x63B3,
  0x5BB3, 0x53B3, 0x5393, 0x6390, 0x5393, 0x6BF0, 0x73AF, 0x73AE, 0x73AE, 0x5BD3, 0x6BF1, 0x7BCF, 0x5BF3, 0x83EF, 0x7BEF, 0x7BEF,
  0x7BF0, 0x73F1, 0x83EF, 0x7410, 0x5BF4, 0x7BF0, 0x83EF, 0x7BF0, 0x840F, 0x8410, 0x8410, 0x8410, 0x8410, 0x8410, 0x8430, 0x8410,
  0x8430, 0x8430, 0x8C30, 0x8C30, 0x8431, 0x73F1, 0x5B51, 0x29F1, 0x63D4, 0x53F6, 0x32B6, 0x2191, 0x42D2, 0x10EC, 0x2AD6, 0x4334,
  0x218C, 0x218B, 0x2A2E, 0x4B75, 0x4374, 0x3AB1, 0x29EA, 0x31C9, 0x39E9, 0x420A, 0x424B, 0x4A8C, 0x52CD, 0x530F, 0x5B10, 0x5B0E,
  0x5B2E, 0x5B0E, 0x6350, 0x6370, 0x632E, 0x634F, 0x634E, 0x634E, 0x6351, 0x6350, 0x634F, 0x5B51, 0x6330, 0x5ACD, 0x5B30, 0x5B0F,
  0x4A4A, 0x630C, 0x5AEC, 0x420D, 0x42B1, 0x4B55, 0x5419, 0x5CDC, 0x5CFC, 0x653C, 0x6D5D, 0x653D, 0x649C, 0x4B76, 0x42D2, 0x4B32,
  0x5373, 0x5332, 0x4AD0, 0x3A8F, 0x324F, 0x322F, 0x3291, 0x3B15, 0x43B8, 0x543B, 0x549C, 0x5CDC, 0x5CDC, 0x5CDC, 0x64FD, 0x6D1D,
  0x6D3D, 0x757D, 0x7D7D, 0x7D9D, 0x859D, 0x859C, 0x7D5C, 0x751B, 0x6CBA, 0x6499, 0x6479, 0x649A, 0x6CDB, 0x74FB, 0x753C, 0x755D,
  0x755C, 0x7D5C, 0x853B, 0x8D5A, 0x8D59, 0x9557, 0x9558, 0x9559, 0x95BA, 0x9E1B, 0x9DFB, 0xADF9, 0xB5F8, 0xB5D7, 0xB5B7, 0xB596,
  0xB575, 0xB575, 0xB595, 0xAD95, 0xA555, 0xA556, 0x9D36, 0x9D35, 0xA534, 0xA534, 0xA534, 0xA514, 0xA513, 0xA513, 0xA4F3, 0x9CF3,
  0x9CF3, 0x94B3, 0x8C93, 0x7C74, 0x7475, 0x84B6, 0x9D36, 0xB596, 0xCE79, 0xE75D, 0xE75D, 0xDF3D, 0xC6BC, 0xB63A, 0xB5D9, 0xB5B6,
  0xAD75, 0xA534, 0x9CF3, 0x9CF3, 0xA534, 0xB5B6, 0xC67A, 0xAE3A, 0xA5F9, 0xADF9, 0xADFA, 0xB5F8, 0xB5B6, 0xB596, 0xB5B6, 0xB5B6,
  0xBDD7, 0xBDF7, 0xC638, 0xCE59, 0xCE79, 0xDEDB, 0xEF5D, 0xEF9D, 0xEF7D, 0xE77E, 0xD75D, 0xCF1D, 0xC6FC, 0xCF1D, 0xE75D, 0xEF7D,
  0xEF7D, 0xEF7D, 0xEF7D, 0xE75D, 0xDF3D, 0xD71C, 0xC6DC, 0xBEBC, 0xBEBC, 0xBEBC, 0xBEBC, 0xC6DC, 0xCEDC, 0xD6FC, 0xD71C, 0xDF3C,
  0xE73D, 0xEF5D, 0xEF5D, 0xEF5D, 0xEF5D, 0xEF5D, 0xEF5D, 0xEF5D, 0xEF5D, 0xEF5D, 0xEF5D, 0xEF5D, 0xEF5D, 0xEF5D, 0xEF5D, 0xEF5D,
  0xEF7D, 0xEF7D, 0xEF7D, 0xEF7D, 0xEF7D, 0xEF7D, 0xEF7D, 0xEF7D, 0xEF7D, 0xDF3C, 0xD6FC, 0xCEBB, 0xBE9B, 0xB65A, 0xAE19, 0xADD9,
  0xA598, 0xA557, 0xA537, 0x9D37, 0x9D37, 0xA557, 0xA578, 0xA598, 0xA5B8, 0xA5B8, 0xA5B8, 0xA5B8, 0xA598, 0xA598, 0x9D77, 0x9D57,
  0x9D37, 0x9517, 0x94F6, 0x94D6, 0x94D6, 0x94B6, 0x8C96, 0x8C96, 0x8C96, 0x8C76, 0x8455, 0x8455, 0x8455, 0x8434, 0x8434, 0x9CF6,
  0x8CF6, 0x84D6, 0x84F6, 0x7CD6, 0x7CD6, 0x7D37, 0x9DB9, 0xB659, 0xC67A, 0xCE9A, 0xCE9A, 0xD6BA, 0xDEDA, 0xDEBB, 0xDF1D, 0xDEDB,
  0xD6BA, 0xA5D9, 0x8472, 0x7434, 0x63B0, 0x736D, 0x6415, 0x3BFA, 0x5BD3, 0x6435, 0x7538, 0xADF9, 0xB63B, 0x9D57, 0x8C94, 0x5C58,
  0x6C13, 0x73F1, 0x63D3, 0x5437, 0x6456, 0x73F0, 0x73AF, 0x73CE, 0x6BD1, 0x63D2, 0x7BEF, 0x53F4, 0x73F0, 0x83EF, 0x7BEF, 0x7C10,
  0x6412, 0x7C10, 0x73F1, 0x5414, 0x7BF0, 0x840F, 0x7C10, 0x8430, 0x8431, 0x8430, 0x8431, 0x8430, 0x8C51, 0x8C50, 0x8C51, 0x8C51,
  0x8C71, 0x8C71, 0x8C71, 0x8C71, 0x8C71, 0x8C52, 0x7C32, 0x6BB2, 0x3231, 0x4333, 0x4BB7, 0x190F, 0x3A91, 0x2169, 0x112D, 0x4315,
  0x29EE, 0x2149, 0x2189, 0x326F, 0x4353, 0x3AD2, 0x3A4D, 0x420A, 0x422A, 0x424B, 0x4A8C, 0x52CD, 0x52ED, 0x5B0F, 0x5B10, 0x5B0E,
  0x5B0D, 0x5B0E, 0x6351, 0x634F, 0x634E, 0x634E, 0x632E, 0x6350, 0x6330, 0x5B2E, 0x5B2F, 0x5B0F, 0x52AD, 0x5B0E, 0x52EE, 0x424A,
  0x4A49, 0x4A29, 0x420C, 0x4A70, 0x42F3, 0x4B96, 0x543A, 0x5CBC, 0x5CDC, 0x651D, 0x64FC, 0x5418, 0x4334, 0x4314, 0x4B33, 0x4290,
  0x320C, 0x29CB, 0x31ED, 0x324F, 0x3AB2, 0x4356, 0x4BD9, 0x547C, 0x5CDD, 0x5CFD, 0x5CFD, 0x64DD, 0x64DC, 0x5CBB, 0x5C9B, 0x5C9A,
  0x5C7A, 0x5C7A, 0x5C7A, 0x5C59, 0x6479, 0x6479, 0x6C99, 0x74BA, 0x7CFA, 0x853B, 0x7D3B, 0x7D1A, 0x74D9, 0x6C99, 0x6479, 0x6499,
  0x64BA, 0x6CDB, 0x751C, 0x753C, 0x7D5B, 0x8D9B, 0xA5D9, 0xAE19, 0xA63B, 0x9E1B, 0x9DDB, 0x9D9A, 0x9558, 0x8D18, 0x84F7, 0x8D16,
  0x9516, 0x9D15, 0xA535, 0xA535, 0xA534, 0xA514, 0xA515, 0x9516, 0x9516, 0x9CF5, 0x9CF4, 0x94D4, 0x94B3, 0x8493, 0x7C74, 0x7454,
  0x6C33, 0x7433, 0x7C73, 0x8CB4, 0xA514, 0xB574, 0xB595, 0xAD96, 0xC639, 0xE75D, 0xDF3C, 0xC6BB, 0xB61A, 0xB5D8, 0xB5B7, 0xB575,
  0xA535, 0xA514, 0x9CF3, 0xA4F4, 0xAD55, 0xBE39, 0xB65A, 0xAE19, 0xADF9, 0xADF9, 0xB5D7, 0xB596, 0xAD75, 0xAD75, 0xB595, 0xB5B6,
  0xBDD7, 0xC618, 0xC638, 0xCE59, 0xDEDB, 0xEF7D, 0xEF9E, 0xE75D, 0xDF3C, 0xCF1D, 0xC6DD, 0xC6DC, 0xCF1D, 0xE77D, 0xEF7D, 0xF77D,
  0xEF7D, 0xEF7D, 0xEF7D, 0xEF7D, 0xE75D, 0xD71C, 0xCEFC, 0xC6DC, 0xC6DC, 0xC6DC, 0xCEFC, 0xCEFC, 0xD6FC, 0xD71C, 0xDF3C, 0xE73C,
  0xE75D, 0xEF5D, 0xEF5D, 0xEF5D, 0xEF5D, 0xEF5D, 0xEF5D, 0xEF5D, 0xEF5D, 0xEF5D, 0xEF5D, 0xEF5D, 0xEF5D, 0xEF7D, 0xEF7D, 0xEF7D,
  0xEF7D, 0xEF7D, 0xEF7D, 0xEF7D, 0xEF7D, 0xEF7D, 0xEF7D, 0xEF7D, 0xE75C, 0xDF1C, 0xCEDB, 0xC69B, 0xBE7A, 0xAE19, 0xADD8, 0xA598,
  0xA557, 0xA557, 0xA557, 0xA557, 0xA578, 0xA598, 0xA5B8, 0xADB8, 0xA5B8, 0xA5B8, 0xA598, 0xA598, 0xA598, 0x9D77, 0x9D57, 0x9537,
  0x94F6, 0x94F6, 0x94D6, 0x9496, 0x8C96, 0x8C96, 0x8C76, 0x8C75, 0x8C75, 0x8C55, 0x8455, 0x8455, 0x8435, 0x8435, 0x8434, 0x9CF7,
  0x9536, 0x84F7, 0x84F7, 0x7CF7, 0x7CD7, 0x7CF7, 0x8578, 0xA5F9, 0xBE5A, 0xC67A, 0xC69A, 0xCE9A, 0xDEBB, 0xDEDB, 0xDF1D, 0xDEDB,
  0xDEDB, 0xBE3A, 0x8CB4, 0x7454, 0x738D, 0x7C52, 0x5459, 0x43D6, 0x5B93, 0x5437, 0x7CB5, 0x7D79, 0xAE5A, 0xD69A, 0xB65C, 0x9537,
  0x9471, 0x6C97, 0x5CBA, 0x7475, 0x83F0, 0x6BF1, 0x6BD1, 0x73CF, 0x5BF4, 0x7C0F, 0x6BF2, 0x6C13, 0x8410, 0x840F, 0x7C30, 0x5BF3,
  0x7C10, 0x7C11, 0x5C13, 0x7C10, 0x7C31, 0x8C2F, 0x8450, 0x6433, 0x7C52, 0x8C71, 0x8C71, 0x8C71, 0x8C71, 0x9491, 0x9492, 0x9492,
  0x94B2, 0x94B2, 0x94B2, 0x94B2, 0x94B2, 0x9CB2, 0x9493, 0x8C94, 0x8C74, 0x3251, 0x3AF4, 0x42B4, 0x190C, 0x322D, 0x18C5, 0x29AE,
  0x3A90, 0x2907, 0x2969, 0x29A9, 0x42D0, 0x4312, 0x4290, 0x426B, 0x4A6B, 0x4A8B, 0x52AC, 0x52ED, 0x5B0D, 0x5B2E, 0x6330, 0x5B0D,
  0x5B0D, 0x630E, 0x634F, 0x632E, 0x632E, 0x632D, 0x632F, 0x6350, 0x5B0E, 0x5B0D, 0x5AEE, 0x52AC, 0x52CC, 0x52AD, 0x4248, 0x4229,
  0x4209, 0x420C, 0x426F, 0x42D1, 0x4334, 0x4BB7, 0x541A, 0x5C7B, 0x64BB, 0x5C7A, 0x4B96, 0x4315, 0x4313, 0x3A8F, 0x39EC, 0x31EC,
  0x322E, 0x3A91, 0x3B14, 0x4377, 0x4BD9, 0x4C3A, 0x547B, 0x549C, 0x5C9C, 0x549C, 0x549B, 0x547B, 0x545A, 0x545A, 0x5C7A, 0x5C7A,
  0x5C7A, 0x5C9A, 0x5C7A, 0x5C7A, 0x5C59, 0x5C18, 0x53B6, 0x5375, 0x4B54, 0x5394, 0x63F6, 0x6C78, 0x74F9, 0x853B, 0x853B, 0x7CFA,
  0x6C99, 0x6458, 0x6438, 0x6478, 0x6CD9, 0x7D3B, 0x8D7C, 0x9E1C, 0xA67C, 0xAE5B, 0xADF9, 0xA597, 0x9536, 0x8CF7, 0x84D6, 0x7CB6,
  0x84D6, 0x8CD5, 0x84D6, 0x7CB6, 0x7C95, 0x7C95, 0x7C94, 0x8494, 0x7C94, 0x7C74, 0x7454, 0x7C73, 0x8474, 0x8473, 0x8493, 0x94B3,
  0x9CD3, 0x9D13, 0xA514, 0xA514, 0xA534, 0x9D35, 0x9D56, 0xA576, 0xC659, 0xD73D, 0xBE9C, 0xAE1A, 0xB5F8, 0xB5D7, 0xB576, 0xAD55,
  0xA514, 0x9CF3, 0x9D14, 0xA534, 0xB5F8, 0xBE5A, 0xAE39, 0xAE19, 0xADF9, 0xB5B7, 0xAD75, 0xAD55, 0xAD55, 0xAD55, 0xAD76, 0xB5B6,
  0xBDD7, 0xC618, 0xCE59, 0xD6BA, 0xEF5D, 0xEF9E, 0xE75D, 0xD71D, 0xC6FC, 0xB6BC, 0xBE9C, 0xC6FC, 0xDF3D, 0xEF7E, 0xEF7D, 0xEF7D,
  0xEF7D, 0xEF7D, 0xEF7D, 0xEF5D, 0xE75D, 0xDF1C, 0xD71C, 0xCEFC, 0xCEDC, 0xCEFD, 0xCEFD, 0xCEFC, 0xD71C, 0xD71C, 0xD71C, 0xDF3C,
  0xE75D, 0xEF5D, 0xEF5D, 0xEF5D, 0xEF5D, 0xEF5D, 0xEF5D, 0xEF7D, 0xEF7D, 0xEF7D, 0xEF7D, 0xEF7D, 0xEF7D, 0xEF7D, 0xEF7D, 0xEF7D,
  0xEF7D, 0xEF7D, 0xEF7D, 0xEF7D, 0xEF7D, 0xEF7D, 0xEF7D, 0xE75D, 0xDF3C, 0xCEFC, 0xC6BB, 0xBE5A, 0xB619, 0xADD9, 0xA598, 0xA577,
  0xA557, 0xA557, 0xA578, 0xA598, 0xAD98, 0xADB8, 0xADB8, 0xADB8, 0xA5B8, 0xA5B8, 0xA598, 0xA577, 0x9D57, 0x9D37, 0x9D17, 0x94F6,
  0x94D6, 0x94B6, 0x8C96, 0x8C96, 0x8C75, 0x8C75, 0x8C75, 0x8C75, 0x8C75, 0x8455, 0x8455, 0x8455, 0x8435, 0x8435, 0x8434, 0x9CF7,
  0x9557, 0x8517, 0x84F7, 0x84F7, 0x7CF7, 0x74F7, 0x7537, 0x8D98, 0xAE1A, 0xB65A, 0xBE7B, 0xC69B, 0xD6BA, 0xDEDB, 0xDF1D, 0xDEDB,
  0xDEFB, 0xCE9B, 0x9516, 0x8454, 0x7BF1, 0x7CF7, 0x53F5, 0x4BB6, 0x3BB8, 0x5C16, 0x7C74, 0x7519, 0x8DB9, 0xB69C, 0xCEFD, 0xCE7A,
  0xA5DA, 0x7D3A, 0x7496, 0x8C50, 0x7452, 0x6434, 0x7C10, 0x6413, 0x6C12, 0x7411, 0x6413, 0x8410, 0x8430, 0x8431, 0x5C14, 0x7432,
  0x8C30, 0x5C14, 0x7C31, 0x7432, 0x7C32, 0x7C53, 0x5415, 0x6C54, 0x9492, 0x9471, 0x9492, 0x94B2, 0x9CD2, 0x8C93, 0x9493, 0x94B3,
  0x94D3, 0x9CD3, 0x9CD3, 0x9CF3, 0xA4F3, 0xA514, 0xB555, 0xAD56, 0xA536, 0xA536, 0x5312, 0x3AD3, 0x31F1, 0x216B, 0x2987, 0x1905,
  0x31CA, 0x3188, 0x3167, 0x39A9, 0x39EB, 0x4AF0, 0x4B12, 0x4AAE, 0x52AC, 0x52CC, 0x52CC, 0x5AED, 0x5B0D, 0x5B2E, 0x632F, 0x630D,
  0x630E, 0x630E, 0x632E, 0x632E, 0x632D, 0x630E, 0x6350, 0x5B0E, 0x5AED, 0x52CD, 0x52AB, 0x4A6A, 0x4A6B, 0x4228, 0x4209, 0x4209,
  0x41EB, 0x422E, 0x42B0, 0x4313, 0x4376, 0x4BB8, 0x5419, 0x5439, 0x53D7, 0x4B55, 0x4315, 0x3AD2, 0x322E, 0x31ED, 0x322E, 0x3270,
  0x3AD3, 0x4336, 0x43B7, 0x4C19, 0x543B, 0x547C, 0x549C, 0x5CBC, 0x5CBC, 0x5CBC, 0x5C9B, 0x5C7B, 0x545A, 0x5459, 0x5459, 0x5439,
  0x5C38, 0x5418, 0x5417, 0x5417, 0x5BF7, 0x53F7, 0x53D7, 0x5396, 0x5375, 0x4B53, 0x4B12, 0x4AF2, 0x4B11, 0x5332, 0x5B94, 0x6C37,
  0x74B9, 0x7CFA, 0x7CFA, 0x74B9, 0x7477, 0x7477, 0x8D59, 0xA63C, 0xAE7D, 0x9DDC, 0x8D5A, 0x9559, 0x9D37, 0x94F6, 0x8CD5, 0x8CD5,
  0x8CF6, 0x8CF6, 0x94F5, 0xA535, 0xA555, 0x9D35, 0x9516, 0x94F5, 0x94F5, 0x9D15, 0x94F5, 0x8CF5, 0x9D14, 0x9D13, 0x9CF4, 0x9CF4,
  0x94D4, 0x94D3, 0x94D4, 0x94F4, 0x94F4, 0xA535, 0xAD76, 0xB596, 0xC639, 0xBE9C, 0xB619, 0xBDF7, 0xBDD6, 0xB596, 0xAD55, 0xA534,
  0xA514, 0xA514, 0xA514, 0xAD96, 0xBE5A, 0xB63A, 0xAE39, 0xAE19, 0xAD96, 0xAD55, 0xA555, 0xA534, 0xA534, 0xAD55, 0xB596, 0xB5B6,
  0xBDF7, 0xC638, 0xD69A, 0xE73C, 0xF77D, 0xEF7D, 0xD71D, 0xBEDC, 0xAE9C, 0xA67B, 0xB69C, 0xCF1D, 0xE75D, 0xEF7D, 0xEF7D, 0xEF7D,
  0xEF7D, 0xEF7D, 0xEF7D, 0xE73C, 0xDF1D, 0xD71C, 0xCEFC, 0xC6DC, 0xC6DC, 0xC6DC, 0xC6DC, 0xCEDC, 0xCEFC, 0xCEFC, 0xD71C, 0xDF3C,
  0xE73D, 0xEF5D, 0xEF5D, 0xEF5D, 0xEF5D, 0xEF5D, 0xEF5D, 0xEF7D, 0xEF7D, 0xEF7D, 0xEF7D, 0xEF7D, 0xEF7D, 0xEF7D, 0xEF7D, 0xEF7D,
  0xEF7D, 0xEF7D, 0xEF7D, 0xEF7D, 0xEF7D, 0xEF7D, 0xEF7D, 0xE73C, 0xD6FC, 0xCEBB, 0xBE7A, 0xB61A, 0xADD9, 0xA598, 0xA578, 0xA557,
  0xA578, 0xA598, 0xADB8, 0xADB8, 0xADB9, 0xADB9, 0xADB8, 0xA5B8, 0xA598, 0xA578, 0x9D77, 0x9D57, 0x9D36, 0x9CF7, 0x94D6, 0x94B6,
  0x9496, 0x8C95, 0x8C75, 0x8C75, 0x8C75, 0x8C75, 0x8C55, 0x8455, 0x8455, 0x8455, 0x8455, 0x8435, 0x8435, 0x8435, 0x8434, 0x9CF7,
  0x9D77, 0x8D37, 0x8517, 0x84F7, 0x7D17, 0x74F8, 0x7517, 0x7D58, 0x95D9, 0xAE39, 0xAE7C, 0xB67B, 0xCE9A, 0xDEDB, 0xDF1D, 0xDEDB,
  0xDEFB, 0xD6DC, 0xAD99, 0x8474, 0x74B8, 0x7CD6, 0x3BD8, 0x4396, 0x3B98, 0x6C12, 0x7455, 0x7CF7, 0x6D5B, 0x8E1D, 0xC69C, 0xD6DC,
  0xCEDB, 0xB65C, 0xAD76, 0x94D3, 0x7496, 0x8C51, 0x7C32, 0x6434, 0x8430, 0x6414, 0x7C32, 0x8431, 0x8451, 0x5C35, 0x7C33, 0x9471,
  0x6434, 0x7433, 0x8451, 0x6C34, 0x7C53, 0x5C35, 0x5C35, 0x94B1, 0x9C92, 0x9CD3, 0x9CB2, 0x8494, 0x6414, 0x53F5, 0x6C54, 0x6C54,
  0x7475, 0x7474, 0x7475, 0x84B5, 0x9CF4, 0xAD76, 0xAD76, 0xAD76, 0xA556, 0x8CB5, 0x94D6, 0x4AD1, 0x3251, 0x3231, 0x296C, 0x2945,
  0x2944, 0x2986, 0x31A6, 0x39C8, 0x3A0A, 0x426C, 0x5310, 0x5B10, 0x52EE, 0x5AED, 0x5AED, 0x5AED, 0x5B0D, 0x5B0E, 0x630E, 0x632D,
  0x630D, 0x630D, 0x632E, 0x632E, 0x5B0D, 0x5B2F, 0x5B0E, 0x52ED, 0x52CD, 0x4A8C, 0x4A6A, 0x4249, 0x4229, 0x4208, 0x3A08, 0x41EA,
  0x422C, 0x4290, 0x42F4, 0x4335, 0x4B76, 0x4BB7, 0x4B96, 0x4B34, 0x3AD2, 0x42B3, 0x3A91, 0x322D, 0x322D, 0x3A4F, 0x3A90, 0x3AD3,
  0x4356, 0x4C19, 0x54BB, 0x5CFD, 0x5D1D, 0x5D3D, 0x653E, 0x655E, 0x655E, 0x6D5E, 0x6D5E, 0x6D5E, 0x6D3D, 0x653D, 0x651C, 0x651C,
  0x64FB, 0x64DB, 0x5CBB, 0x5C7A, 0x5C59, 0x5C38, 0x5BF7, 0x5BF5, 0x5BF5, 0x63F5, 0x63F5, 0x63F5, 0x6BF5, 0x6BF4, 0x63D4, 0x5BB4,
  0x63D5, 0x6C16, 0x7497, 0x8D3A, 0x9DBC, 0x9DDB, 0xA61B, 0xB67C, 0xA599, 0x7497, 0x6C77, 0x6478, 0x6C58, 0x74B7, 0x7CF7, 0x7CB6,
  0x7C95, 0x8CB5, 0x8CF5, 0x84B4, 0x8CB4, 0x9D14, 0xA534, 0x9D34, 0x9D14, 0x9CF4, 0x9CF4, 0x9514, 0x84B5, 0x84B5, 0x94F4, 0x94F4,
  0x94F4, 0x9CF4, 0x9D15, 0xA515, 0xAD34, 0xAD54, 0xAD75, 0xB596, 0xB5F8, 0xB61A, 0xADD9, 0xB5F8, 0xB5D7, 0xAD96, 0xA554, 0xA514,
  0xA514, 0xA514, 0xAD55, 0xB619, 0xB65A, 0xB63A, 0xAE18, 0xAD96, 0xAD55, 0xA534, 0xA534, 0xA534, 0xAD55, 0xAD75, 0xB596, 0xBDD7,
  0xC618, 0xCE79, 0xE73C, 0xEF7D, 0xEF7D, 0xDF3D, 0xBEDC, 0xA67C, 0x9E3B, 0x963B, 0xAE9C, 0xCEFD, 0xDF3D, 0xE75D, 0xEF7D, 0xEF5D,
  0xE75D, 0xE75D, 0xE73D, 0xD71C, 0xCEDC, 0xC6DC, 0xC6DC, 0xBEBC, 0xBEBC, 0xBE9C, 0xBEBC, 0xC6DC, 0xC6DB, 0xCEFC, 0xCEFC, 0xD71C,
  0xDF3D, 0xEF5D, 0xEF5D, 0xEF5D, 0xEF5D, 0xEF7D, 0xEF7D, 0xEF7D, 0xEF7D, 0xEF7D, 0xEF7D, 0xEF7D, 0xEF7D, 0xEF7D, 0xEF7D, 0xEF7D,
  0xEF7D, 0xEF7D, 0xEF7D, 0xEF7D, 0xEF7D, 0xEF7D, 0xE75D, 0xDF1C, 0xCEDB, 0xC69B, 0xB63A, 0xADD9, 0xADB8, 0xA578, 0xAD78, 0xAD98,
  0xADB8, 0xADB8, 0xADD9, 0xADD9, 0xADD9, 0xADB8, 0xA598, 0xA598, 0xA577, 0x9D57, 0x9D37, 0x9D17, 0x9516, 0x94F6, 0x94B6, 0x94B6,
  0x8C95, 0x8C95, 0x8C75, 0x8C75, 0x8C55, 0x8455, 0x8455, 0x8455, 0x8455, 0x8455, 0x8455, 0x8435, 0x8435, 0x8435, 0x8435, 0x9D17,
  0x9D98, 0x8D58, 0x8537, 0x7D18, 0x7D18, 0x7518, 0x74F7, 0x6D18, 0x7D78, 0x95F9, 0xA65B, 0xAE3A, 0xBE7A, 0xD6DB, 0xDF1D, 0xDEFC,
  0xDEFB, 0xDEFD, 0xB63B, 0x7CB8, 0x8D78, 0x6479, 0x53F6, 0x3B96, 0x5394, 0x63B4, 0x7433, 0x7CB7, 0x655B, 0x6D9C, 0xA63B, 0xCEBB,
  0xCEBC, 0xD6DC, 0xDE9A, 0xAE1B, 0x9D14, 0x94B2, 0x6477, 0x8451, 0x7433, 0x6453, 0x9450, 0x8451, 0x5C35, 0x8452, 0x9C71, 0x7454,
  0x6C54, 0x9C91, 0x6C54, 0x6434, 0x6475, 0x6C35, 0x8C94, 0xA4F3, 0x94D4, 0x7454, 0x6415, 0x3BB6, 0x6C55, 0x9CD4, 0x9CF4, 0x9D15,
  0xA534, 0xA555, 0x9D35, 0x8CD5, 0x8495, 0x8CD5, 0x9D56, 0xA576, 0xAD97, 0xB5D7, 0xAD96, 0x9516, 0x5332, 0x4290, 0x4291, 0x318B,
  0x3187, 0x31A6, 0x39C7, 0x3A08, 0x422A, 0x4A6B, 0x4AAD, 0x530E, 0x5B0E, 0x5B0D, 0x5B0D, 0x5B0D, 0x5B0D, 0x5B0D, 0x5B0D, 0x5B0D,
  0x5B0D, 0x5B0D, 0x5B0D, 0x5B0D, 0x5B0D, 0x5AED, 0x5ACD, 0x52AC, 0x528C, 0x4A4A, 0x4229, 0x4209, 0x4209, 0x39E9, 0x39E9, 0x3A0A,
  0x426E, 0x42B2, 0x42F1, 0x4314, 0x4B35, 0x42F2, 0x42B0, 0x3A6F, 0x3A70, 0x3A50, 0x320C, 0x3A2D, 0x324F, 0x3AB1, 0x4314, 0x4BF8,
  0x549B, 0x5D1D, 0x655E, 0x657E, 0x659E, 0x65BD, 0x6DBE, 0x6DDE, 0x6DDE, 0x6DBE, 0x6DBE, 0x6D9E, 0x6D7F, 0x6D5E, 0x6D5E, 0x6D7E,
  0x759E, 0x759D, 0x85BD, 0x85BD, 0x85BD, 0x85BD, 0x7D7C, 0x751B, 0x6C9A, 0x6C38, 0x63D6, 0x5BB4, 0x5373, 0x5373, 0x5B72, 0x5B52,
  0x5B52, 0x5B72, 0x6393, 0x6BD4, 0x7C55, 0xA5B9, 0xC6DC, 0xC69C, 0xA599, 0x8CF7, 0x7435, 0x63B4, 0x5B93, 0x5374, 0x5B95, 0x6415,
  0x6C76, 0x6C36, 0x7435, 0x8495, 0x94D4, 0x8494, 0x8474, 0x9CD4, 0xAD54, 0xA534, 0xA515, 0xAD35, 0xA534, 0x94F4, 0x9CF4, 0xAD34,
  0xA534, 0xA534, 0xA534, 0xA534, 0xA554, 0xAD55, 0xAD75, 0xB596, 0xA5B8, 0x8DDA, 0x95D9, 0xADD7, 0xB596, 0xAD75, 0xA534, 0xA514,
  0xA513, 0xA534, 0xB5D7, 0xB65A, 0xAE3A, 0xB5F8, 0xAD76, 0xAD55, 0xA534, 0xA514, 0xA534, 0xA534, 0xAD75, 0xB596, 0xBDD7, 0xC618,
  0xCE79, 0xE71C, 0xEF7D, 0xEF7D, 0xE75E, 0xC6DD, 0x9E7B, 0x8E1B, 0x85FB, 0x963C, 0xAE7B, 0xBEDC, 0xCEFD, 0xD71D, 0xD71D, 0xD71D,
  0xCEFC, 0xCEFD, 0xC6DC, 0xBEBC, 0xBEBC, 0xB69C, 0xB69C, 0xB69C, 0xB69C, 0xB69C, 0xB69C, 0xB69C, 0xBEBC, 0xC6DC, 0xCEFC, 0xD71C,
  0xDF3D, 0xE75D, 0xEF7D, 0xEF5D, 0xEF5D, 0xEF7D, 0xEF7D, 0xEF7D, 0xEF7D, 0xEF7D, 0xEF7D, 0xEF7D, 0xEF7D, 0xEF7D, 0xEF7D, 0xEF7D,
  0xEF7D, 0xEF7D, 0xEF7D, 0xEF7D, 0xEF7D, 0xEF5D, 0xE73D, 0xD6FC, 0xC6BB, 0xBE5A, 0xAE19, 0xADD9, 0xADB8, 0xADB8, 0xADB9, 0xADD9,
  0xADD9, 0xADD9, 0xADD9, 0xADD9, 0xA5B8, 0xA5B8, 0xA598, 0xA577, 0x9D57, 0x9D37, 0x9D17, 0x9CF7, 0x94D6, 0x94B6, 0x8C96, 0x8C95,
  0x8C75, 0x8C75, 0x8C55, 0x8455, 0x8455, 0x8455, 0x8455, 0x8455, 0x8455, 0x8455, 0x8435, 0x8435, 0x8435, 0x8435, 0x8435, 0x9D17,
  0x9DD9, 0x8D78, 0x8558, 0x7D18, 0x7518, 0x7518, 0x74F8, 0x6CF8, 0x7538, 0x8599, 0x95FB, 0x9DFA, 0xAE3A, 0xBE9B, 0xD6FC, 0xDF1D,
  0xDEFB, 0xDF1D, 0xC69B, 0x9557, 0x8D9A, 0x5C5A, 0x5417, 0x3BB7, 0x5B73, 0x5B94, 0x73D5, 0x74D6, 0x651B, 0x6D7A, 0x8DDA, 0xB67B,
  0xCEFD, 0xE71B, 0xDF3D, 0xDEFC, 0xD659, 0x8558, 0x7496, 0x9471, 0x6455, 0x8452, 0x8C71, 0x6455, 0x7C73, 0x94B2, 0x8493, 0x6435,
  0x94B3, 0x8CB3, 0x4C17, 0x6C74, 0x8494, 0x7495, 0x94D4, 0x6C54, 0x4BD6, 0x7455, 0x6435, 0x8474, 0xAD54, 0xA534, 0xAD35, 0xAD54,
  0xA535, 0x94D5, 0x94F4, 0x9D35, 0xB596, 0xBDD8, 0xC637, 0xCE38, 0xB5F7, 0xAD97, 0xAD57, 0x9D56, 0x8CB5, 0x4AF1, 0x3A50, 0x39ED,
  0x39AB, 0x39E9, 0x39E9, 0x4229, 0x4A4A, 0x528B, 0x52AC, 0x5AEC, 0x5B0D, 0x5B0D, 0x5B0D, 0x5B0D, 0x5B0D, 0x5B0D, 0x630D, 0x5B0D,
  0x5B0D, 0x5B0D, 0x5AED, 0x5AEC, 0x5AEC, 0x52CC, 0x52AB, 0x4A8B, 0x4A4A, 0x4229, 0x4209, 0x4209, 0x39E9, 0x39C9, 0x39CA, 0x3A0C,
  0x3A4E, 0x3A4D, 0x4290, 0x42B2, 0x4290, 0x42D0, 0x428E, 0x3A2D, 0x3A2E, 0x320C, 0x320D, 0x324F, 0x3AD3, 0x4398, 0x4C1A, 0x549C,
  0x54DC, 0x5D3D, 0x659E, 0x6DDE, 0x6DFE, 0x6DFE, 0x6DDE, 0x6DBE, 0x6D9E, 0x6D7E, 0x653E, 0x5CFD, 0x64FD, 0x755D, 0x7DBD, 0x8DDD,
  0x85DD, 0x7D9D, 0x755C, 0x6CFB, 0x64BA, 0x6479, 0x5C59, 0x5C5A, 0x5C59, 0x5C39, 0x5BF8, 0x53B6, 0x5353, 0x5332, 0x5311, 0x5311,
  0x52F0, 0x52F0, 0x5B10, 0x6351, 0x73F2, 0xADB8, 0xBE39, 0x8C95, 0x73F3, 0x7C76, 0x84B7, 0x7C76, 0x6C14, 0x63D2, 0x5B72, 0x5B32,
  0x5353, 0x5B93, 0x5BD4, 0x5BD5, 0x6C14, 0x8494, 0x94B5, 0x8474, 0x8494, 0x9D14, 0xAD55, 0xAD54, 0xA534, 0xA534, 0x94F5, 0x94F4,
  0xAD55, 0xAD34, 0xA534, 0xA535, 0xA555, 0xAD55, 0xAD75, 0xAD96, 0xA5B8, 0xA5B7, 0xB5B6, 0xB596, 0xAD75, 0xA555, 0xA534, 0x9D14,
  0x9CF3, 0xA576, 0xB65A, 0xAE1A, 0xA5B9, 0xA576, 0xAD35, 0xA534, 0xA514, 0xAD14, 0xAD34, 0xAD75, 0xB596, 0xB5D7, 0xBDF8, 0xC659,
  0xDF1C, 0xEF7D, 0xEF7D, 0xE75D, 0xCEFD, 0xA67B, 0x8E1B, 0x7DFB, 0x85FC, 0x8E1B, 0x9E3B, 0xA67C, 0xAE9C, 0xB6BC, 0xBEDC, 0xBEDC,
  0xB6BC, 0xAE9C, 0xAE7B, 0xAE7C, 0xAE9C, 0xAE7C, 0xAE7C, 0xAE7C, 0xAE9C, 0xAE7C, 0xB69C, 0xB69C, 0xB69B, 0xBEBC, 0xC6DC, 0xD6FC,
  0xDF1C, 0xE73C, 0xEF5D, 0xEF5D, 0xEF5D, 0xEF7D, 0xEF7D, 0xEF7D, 0xEF7D, 0xEF7D, 0xEF7D, 0xEF7D, 0xEF7D, 0xEF7D, 0xEF7D, 0xEF7D,
  0xEF7D, 0xEF7D, 0xEF7D, 0xEF7D, 0xEF7D, 0xEF5D, 0xDF1C, 0xCEDC, 0xBE9B, 0xB63A, 0xADF9, 0xADF9, 0xADD9, 0xADF9, 0xADF9, 0xAE19,
  0xADF9, 0xADF9, 0xADD9, 0xADB9, 0xA5B8, 0xA598, 0xA578, 0x9D57, 0x9D17, 0x9CF7, 0x94D6, 0x94D6, 0x94B6, 0x8C95, 0x8C95, 0x8C75,
  0x8C75, 0x8C75, 0x8455, 0x8454, 0x8454, 0x8455, 0x8455, 0x8455, 0x8455, 0x8455, 0x8435, 0x8435, 0x8435, 0x8435, 0x8435, 0x9D17,
  0xA5F9, 0x8DB9, 0x8578, 0x7D38, 0x7518, 0x6D18, 0x6CF8, 0x6CF8, 0x6CF8, 0x6D59, 0x7D9A, 0x85B9, 0x9DF9, 0xAE5B, 0xC6DC, 0xDF1D,
  0xDEFB, 0xCF3F, 0xD6BC, 0xB61B, 0x857B, 0x649A, 0x4439, 0x4BB5, 0x5374, 0x4B75, 0x7412, 0x6498, 0x651B, 0x75BA, 0x7DDB, 0x9E7D,
  0xCEDC, 0xD6FC, 0xD6DD, 0xE6FB, 0xCEDC, 0x857A, 0x94B3, 0x7C95, 0x7495, 0x8C93, 0x6456, 0x8493, 0x9C92, 0x94B3, 0x6455, 0x84B4,
  0xA4F3, 0x5C16, 0x5C16, 0x9D14, 0x5C16, 0x7476, 0x6455, 0x53F6, 0x8CD6, 0x7475, 0x8495, 0xAD54, 0xA555, 0xAD55, 0x9D35, 0x9515,
  0x9D15, 0xA555, 0xB596, 0xB5B6, 0xBDF6, 0xC5F7, 0xB5B7, 0xA577, 0x9D36, 0x94D5, 0x73F3, 0x52D1, 0x3210, 0x322F, 0x320F, 0x3A0D,
  0x3A0B, 0x420A, 0x422A, 0x4A4A, 0x528B, 0x52AC, 0x5ACC, 0x5AED, 0x5B0D, 0x5B0D, 0x5B0D, 0x630D, 0x5B0D, 0x630D, 0x630D, 0x5AED,
  0x5AED, 0x5AEC, 0x5ACC, 0x52CC, 0x52AB, 0x528B, 0x4A6A, 0x424A, 0x4229, 0x4209, 0x39E9, 0x39E8, 0x39C9, 0x39C9, 0x39C9, 0x39EB,
  0x39EB, 0x3A2C, 0x3A6F, 0x42B0, 0x42AF, 0x3A2D, 0x31EB, 0x320C, 0x320C, 0x320C, 0x3A70, 0x3AF4, 0x4377, 0x43B8, 0x4C3A, 0x4CBC,
  0x5D1D, 0x5D7D, 0x65BE, 0x657E, 0x5D3E, 0x5D1F, 0x5CBE, 0x545D, 0x4BFC, 0x4BFB, 0x5C7C, 0x6CFC, 0x751B, 0x74DA, 0x647A, 0x5C3A,
  0x53FA, 0x53FA, 0x541A, 0x541A, 0x5C1A, 0x5419, 0x53F8, 0x53F7, 0x5BF7, 0x5C17, 0x6459, 0x6479, 0x6459, 0x5C18, 0x53D6, 0x5394,
  0x5B73, 0x5B93, 0x6392, 0x6B92, 0x9D16, 0xCE5A, 0x9CF5, 0x6B6F, 0x630E, 0x52AD, 0x52AE, 0x5AEF, 0x5B71, 0x63B2, 0x63D2, 0x63B1,
  0x5B70, 0x5B30, 0x5310, 0x5330, 0x5352, 0x5373, 0x63D3, 0x7C53, 0x8474, 0x8454, 0x8C94, 0xA515, 0xB555, 0xB555, 0xAD75, 0x9CF5,
  0x94D4, 0xAD55, 0xAD35, 0xAD55, 0xAD54, 0xA555, 0xA555, 0xA555, 0x9D36, 0x9D35, 0x94F5, 0x8CB5, 0x8494, 0x8474, 0x8474, 0x8474,
  0x8CD5, 0xADD9, 0xADD8, 0xA576, 0x9D55, 0x9D36, 0x9D36, 0x9D36, 0x9536, 0x9D36, 0x9D57, 0x9D57, 0xA598, 0xADF9, 0xBE3A, 0xDEFC,
  0xEF5E, 0xEF7E, 0xE75D, 0xD71C, 0xA69C, 0x8E1B, 0x7DDA, 0x75DB, 0x7DFB, 0x7DFB, 0x861B, 0x8E3B, 0x9E5C, 0xA65B, 0xA65B, 0xA65B,
  0x9E5B, 0x9E5B, 0x9E5B, 0x9E5B, 0x9E5B, 0xA65B, 0xA65B, 0xA65B, 0xA67B, 0xAE7B, 0xAE7C, 0xAE9C, 0xB69B, 0xB6BC, 0xC6BC, 0xCEDC,
  0xD71C, 0xDF1D, 0xE73D, 0xEF5D, 0xEF7D, 0xEF7D, 0xEF7D, 0xEF7D, 0xEF7D, 0xEF7D, 0xEF7D, 0xEF7D, 0xEF7D, 0xEF7D, 0xEF7D, 0xEF7D,
  0xEF7D, 0xEF7D, 0xEF7D, 0xEF7D, 0xEF7D, 0xE75D, 0xDF1C, 0xCEDC, 0xC69B, 0xB65A, 0xB63A, 0xB63A, 0xB63A, 0xB63A, 0xB63A, 0xB61A,
  0xADF9, 0xADF9, 0xADD9, 0xADB8, 0xA598, 0xA577, 0xA557, 0x9D17, 0x9CF7, 0x94D6, 0x94B6, 0x94B5, 0x8C95, 0x8C95, 0x8C75, 0x8C75,
  0x8455, 0x8455, 0x8455, 0x8454, 0x8454, 0x8455, 0x8455, 0x8455, 0x8455, 0x8455, 0x8435, 0x8435, 0x8435, 0x8435, 0x8435, 0x9D17,
  0xA5F9, 0x95FA, 0x8599, 0x7558, 0x7538, 0x6D18, 0x6CF8, 0x6CF8, 0x64D8, 0x6519, 0x655A, 0x7579, 0x85B9, 0x95FA, 0xAE9C, 0xCEFD,
  0xDF1C, 0xD71E, 0xD6FD, 0xCEBD, 0x9538, 0x64DA, 0x4C38, 0x5BB5, 0x4357, 0x73B0, 0x63B3, 0x5C9B, 0x95FC, 0x85DA, 0x657B, 0x7DBB,
  0xA61A, 0xBE9C, 0xD6DB, 0xE6FC, 0xB67D, 0x9537, 0x9CD3, 0x7496, 0x7CD6, 0x6476, 0x8494, 0x9CB2, 0x94D4, 0x7474, 0x7495, 0xA513,
  0x8CD4, 0x53F6, 0xA535, 0x6416, 0x5C16, 0x84B5, 0x6C35, 0x9D35, 0x7C75, 0x7CB4, 0xB575, 0xA556, 0xA555, 0x9D36, 0x9D36, 0xAD76,
  0xB596, 0xB5B6, 0xB5B6, 0xB5D6, 0xAD98, 0xA557, 0x9D37, 0x8CB5, 0x6BF3, 0x4B12, 0x2A71, 0x2A0F, 0x31EE, 0x39CD, 0x39CB, 0x39EA,
  0x3A0A, 0x4229, 0x4A4A, 0x528B, 0x52AC, 0x5ACC, 0x5AED, 0x5AED, 0x5B0D, 0x5B0D, 0x5B0D, 0x630D, 0x5B0D, 0x5AED, 0x5AED, 0x5AED,
  0x5AEC, 0x52CC, 0x52AC, 0x52AB, 0x4A8B, 0x4A6A, 0x424A, 0x4229, 0x4209, 0x39E9, 0x39E8, 0x39C8, 0x39C8, 0x31A8, 0x31A8, 0x39A8,
  0x39A9, 0x39EB, 0x3A2D, 0x320B, 0x31CA, 0x31CA, 0x31EA, 0x31EB, 0x320C, 0x3A90, 0x3AF3, 0x3B35, 0x3B77, 0x441A, 0x4C5B, 0x4C7C,
  0x54FD, 0x54FD, 0x549C, 0x4C1C, 0x4BFC, 0x3B78, 0x32B3, 0x3293, 0x4335, 0x5C17, 0x5C16, 0x4B74, 0x3AF4, 0x3AF5, 0x4315, 0x4336,
  0x4B56, 0x4B56, 0x4B56, 0x4B56, 0x4B56, 0x4B77, 0x5377, 0x53B8, 0x53D8, 0x5BF8, 0x5C18, 0x5C38, 0x5C58, 0x6479, 0x6C9A, 0x6C79,
  0x6438, 0x6C16, 0x6C15, 0x84B7, 0xC65B, 0xB5B8, 0x73B1, 0x632E, 0x5AED, 0x52AC, 0x4A6B, 0x4A4A, 0x424B, 0x4A6C, 0x52CD, 0x5B50,
  0x6371, 0x5B70, 0x5B4F, 0x530F, 0x52EF, 0x52EF, 0x4B10, 0x4B32, 0x5332, 0x5B71, 0x5B92, 0x5B93, 0x7413, 0x94D5, 0xA555, 0xAD76,
  0x94F4, 0x8CD5, 0x9D15, 0x94D4, 0x8C94, 0x7C53, 0x7433, 0x7414, 0x7434, 0x7433, 0x7433, 0x7434, 0x7433, 0x7434, 0x7433, 0x7434,
  0x84B5, 0x8CF7, 0x7C75, 0x8454, 0x8CB4, 0x94F4, 0x8CD4, 0x84B4, 0x84B5, 0x8D16, 0x9D98, 0xADD8, 0xBE19, 0xC659, 0xDEFB, 0xEF7D,
  0xEF7D, 0xE75D, 0xD71D, 0xB6BC, 0x8E3B, 0x7DFB, 0x75DB, 0x75BB, 0x6DBA, 0x6DBA, 0x75DB, 0x75FB, 0x861B, 0x861B, 0x8E1B, 0x8E1B,
  0x8E3B, 0x8E3B, 0x963B, 0x963B, 0x963B, 0x9E5B, 0x9E5B, 0x9E5B, 0x9E5B, 0xA65B, 0xA65B, 0xAE7C, 0xAE9C, 0xB69C, 0xBEBC, 0xBEBC,
  0xCEFC, 0xD6FD, 0xDF1D, 0xDF3D, 0xEF5D, 0xEF7D, 0xEF7D, 0xEF7D, 0xEF7D, 0xEF7D, 0xEF7D, 0xEF7D, 0xEF7D, 0xEF7D, 0xEF7D, 0xEF7D,
  0xEF7D, 0xF79E, 0xF79E, 0xF79E, 0xEF7D, 0xEF5D, 0xDF1C, 0xD6FC, 0xC6BB, 0xBE9B, 0xBE9B, 0xBE7A, 0xBE7A, 0xB65A, 0xB63A, 0xB63A,
  0xB619, 0xADF9, 0xADD8, 0xA598, 0xA578, 0x9D57, 0x9D37, 0x9D17, 0x94D6, 0x94B6, 0x8C95, 0x8C95, 0x8C95, 0x8C75, 0x8C75, 0x8C75,
  0x8455, 0x8454, 0x8454, 0x8454, 0x8454, 0x8455, 0x8455, 0x8455, 0x8455, 0x8435, 0x8435, 0x8435, 0x8435, 0x8435, 0x8455, 0x9D17,
  0x9538, 0x95B9, 0x95D9, 0x7D99, 0x7539, 0x6D18, 0x6CF8, 0x64F8, 0x64D8, 0x64FA, 0x651A, 0x6D39, 0x6D58, 0x85BA, 0x963C, 0xBEBD,
  0xD6FC, 0xD71D, 0xD73E, 0xD6FC, 0x959A, 0x5CFB, 0x6436, 0x53B7, 0x6BD2, 0x5B4F, 0x5C99, 0x967C, 0x9DD9, 0x7538, 0x5D5A, 0x755A,
  0x8DFB, 0xB65A, 0xCEBB, 0xD6FC, 0xA61C, 0xA514, 0x84D5, 0x74D7, 0x54BA, 0x8494, 0x9CD2, 0x9CD3, 0x94B4, 0x6456, 0xA513, 0x9D14,
  0x53D6, 0x7496, 0x5BF6, 0x6C36, 0xA535, 0x6C35, 0xA536, 0x7C95, 0x84B5, 0xB595, 0x9D57, 0x9557, 0x9D57, 0xAD96, 0xB5B6, 0xB5B6,
  0xB596, 0xBDB7, 0xB596, 0xA556, 0x9D36, 0x8C95, 0x7413, 0x5393, 0x3AF2, 0x3291, 0x326F, 0x324E, 0x320D, 0x39CC, 0x39EB, 0x420A,
  0x4A2A, 0x4A4A, 0x4A8B, 0x52AC, 0x5AED, 0x5AED, 0x5B0D, 0x5B0D, 0x630D, 0x630D, 0x630D, 0x5B0D, 0x5B0D, 0x5AED, 0x5AEC, 0x5ACC,
  0x52CC, 0x52AB, 0x528B, 0x4A6A, 0x4A6A, 0x422A, 0x4209, 0x4209, 0x39E9, 0x39E8, 0x39C8, 0x39C8, 0x39C8, 0x31A8, 0x31A8, 0x31A8,
  0x31A8, 0x31A9, 0x3188, 0x3188, 0x29A9, 0x29AA, 0x29CA, 0x320D, 0x3A70, 0x3AD2, 0x3AF3, 0x3B15, 0x4398, 0x3B77, 0x3B98, 0x4C1B,
  0x441B, 0x43BA, 0x32D5, 0x32B5, 0x29EF, 0x29CD, 0x3290, 0x4B32, 0x42F1, 0x324F, 0x31EE, 0x322F, 0x3250, 0x3A71, 0x3A92, 0x42B3,
  0x42D3, 0x42F4, 0x42F4, 0x4314, 0x4B14, 0x4B54, 0x5396, 0x53D7, 0x5BF8, 0x5C19, 0x5C59, 0x649A, 0x649A, 0x649A, 0x6499, 0x6C99,
  0x74B9, 0x7CBA, 0x7CD9, 0xADFB, 0xBE5B, 0x84D7, 0x7415, 0x6372, 0x52CD, 0x4A8B, 0x4A6B, 0x4A4A, 0x4A4A, 0x4A49, 0x4229, 0x422A,
  0x4A6B, 0x52ED, 0x5B2F, 0x5B4F, 0x5B2F, 0x532F, 0x52EE, 0x4ACD, 0x42EE, 0x42F1, 0x42B0, 0x3A6F, 0x326F, 0x326F, 0x4AF0, 0x5310,
  0x5B72, 0x5B52, 0x5B51, 0x4B11, 0x3AD1, 0x3B12, 0x4332, 0x4B52, 0x5373, 0x5393, 0x4B93, 0x5393, 0x4BB4, 0x4BD5, 0x53F5, 0x5416,
  0x5437, 0x5C37, 0x5C37, 0x5C37, 0x53F7, 0x5417, 0x5C37, 0x84D6, 0xA555, 0xB595, 0xBDB6, 0xC5F7, 0xCE59, 0xDEFC, 0xEF7E, 0xEF7E,
  0xEF5D, 0xDF1D, 0xBEBC, 0x9E5C, 0x85FB, 0x7DDB, 0x75BB, 0x6D9A, 0x657A, 0x657A, 0x657A, 0x6D9A, 0x6DBB, 0x75DB, 0x75DB, 0x7DDB,
  0x7DFB, 0x85FB, 0x8DFB, 0x8E1B, 0x961B, 0x963B, 0x9E5B, 0x9E5B, 0x9E5B, 0xA67B, 0xAE9C, 0xAE9C, 0xB69C, 0xB69C, 0xBEBC, 0xBEBC,
  0xC6DC, 0xD6FC, 0xDF1D, 0xDF1D, 0xEF5D, 0xEF5D, 0xEF7D, 0xEF7D, 0xEF7D, 0xEF7D, 0xEF7D, 0xEF7D, 0xEF7D, 0xEF7D, 0xEF7D, 0xF79E,
  0xF79E, 0xF79E, 0xF79E, 0xF79E, 0xF79E, 0xEF7D, 0xE75D, 0xDF1D, 0xD6FC, 0xCEFC, 0xC6DC, 0xC6BB, 0xBE9B, 0xBE7B, 0xB65A, 0xB63A,
  0xAE19, 0xADD9, 0xADB8, 0xA598, 0xA557, 0x9D37, 0x9D17, 0x9CF6, 0x94D6, 0x94B5, 0x8C95, 0x8C95, 0x8C75, 0x8C75, 0x8C75, 0x8C75,
  0x8C55, 0x8455, 0x8455, 0x8455, 0x8454, 0x8455, 0x8455, 0x8455, 0x8455, 0x8455, 0x8455, 0x8455, 0x8455, 0x8455, 0x8455, 0x9D37,
  0x94F7, 0x8518, 0x8DB9, 0x95DA, 0x7D79, 0x6D38, 0x6D18, 0x64F8, 0x64F8, 0x64FA, 0x64FA, 0x6CD8, 0x64F8, 0x6D5A, 0x75DC, 0x9E3B,
  0xCEBB, 0xD71F, 0xDF5F, 0xDF5D, 0x95FE, 0x64D9, 0x6438, 0x6C14, 0x73AE, 0x6476, 0x7D9C, 0x74F9, 0x7457, 0x751A, 0x655A, 0x653B,
  0x85DA, 0x9DFC, 0xBE9B, 0xBEBD, 0xA5B8, 0x9D14, 0x74B7, 0x64FA, 0x84B5, 0x9CD3, 0x94F3, 0xA513, 0x6C35, 0x8CB4, 0xAD34, 0x6416,
  0x3358, 0x7456, 0x5C17, 0xA556, 0x6C36, 0xA536, 0x7C95, 0x84B6, 0xBD96, 0x9577, 0x9578, 0xA597, 0xB5D7, 0xBDD7, 0xBDD7, 0xBDD7,
  0xBDD7, 0xAD76, 0x9D56, 0x8CB5, 0x7C13, 0x6BF3, 0x53B5, 0x3B12, 0x32B0, 0x3290, 0x3A4E, 0x320D, 0x39EB, 0x41EB, 0x420A, 0x424A,
  0x4A6C, 0x4A8C, 0x52CD, 0x5AED, 0x5B0E, 0x5B0E, 0x632E, 0x632F, 0x632E, 0x630D, 0x632D, 0x630D, 0x5B0D, 0x5AED, 0x5AEC, 0x5ACC,
  0x52AB, 0x4A8B, 0x4A6B, 0x4A4A, 0x422A, 0x4209, 0x4209, 0x39E8, 0x39C8, 0x39C8, 0x31A8, 0x31A7, 0x31A7, 0x31A7, 0x3187, 0x3187,
  0x3187, 0x3187, 0x3187, 0x2987, 0x2988, 0x29AA, 0x29EC, 0x324F, 0x2A4F, 0x2A2F, 0x2A30, 0x2A51, 0x2A51, 0x32D3, 0x3B57, 0x3B17,
  0x4357, 0x2A51, 0x29EE, 0x218C, 0x29EE, 0x32B1, 0x3A6F, 0x29CD, 0x29AC, 0x29CD, 0x320E, 0x320E, 0x3A4F, 0x3A70, 0x42B2, 0x42F3,
  0x4B35, 0x4B55, 0x5375, 0x5375, 0x5375, 0x5374, 0x5B74, 0x5B74, 0x5B74, 0x5395, 0x53D6, 0x6438, 0x649B, 0x6CFC, 0x753C, 0x753B,
  0x7D1A, 0x7CFA, 0x9DBB, 0xC6DE, 0x9D9B, 0x6C36, 0x63D4, 0x63F5, 0x63D4, 0x530F, 0x4A4B, 0x424B, 0x4A6A, 0x4A4A, 0x4A49, 0x4A49,
  0x4229, 0x4209, 0x4209, 0x424B, 0x4ACD, 0x52EE, 0x532F, 0x5B50, 0x5330, 0x428D, 0x3A2C, 0x31EB, 0x31EB, 0x31CB, 0x218A, 0x218A,
  0x218B, 0x21AB, 0x21AB, 0x21AB, 0x21AC, 0x21CD, 0x220E, 0x222F, 0x2A30, 0x2270, 0x2AB2, 0x2AD3, 0x2AF3, 0x3314, 0x3334, 0x3334,
  0x3334, 0x3B55, 0x4375, 0x4BB5, 0x4BD6, 0x5418, 0x5C79, 0x6CDA, 0x853A, 0x9D99, 0xBDD8, 0xC638, 0xDEFA, 0xEF5D, 0xEF7D, 0xEF7E,
  0xE75D, 0xC6DD, 0xA67C, 0x963B, 0x861B, 0x85FB, 0x75BB, 0x6D9A, 0x6D7A, 0x6D7A, 0x6D7A, 0x6D9B, 0x6DBB, 0x75DB, 0x7DDB, 0x7DDB,
  0x85FB, 0x8E1B, 0x963B, 0x963B, 0x9E5B, 0x9E5B, 0xA65C, 0xAE7C, 0xAE9C, 0xB69C, 0xB6BC, 0xBEBC, 0xBEBB, 0xC6DC, 0xC6DC, 0xCEFC,
  0xD71C, 0xDF3D, 0xE73D, 0xE75D, 0xEF5D, 0xEF7D, 0xEF7D, 0xEF7D, 0xEF5D, 0xEF5D, 0xEF7E, 0xEF7E, 0xEF7D, 0xEF7D, 0xF79E, 0xF79E,
  0xF79E, 0xF79E, 0xF79E, 0xF79E, 0xF79E, 0xEF7E, 0xEF7D, 0xE77E, 0xE75D, 0xDF3D, 0xD71C, 0xCEFC, 0xC6BB, 0xBE7B, 0xB65A, 0xB63A,
  0xAE1A, 0xADD9, 0xADB8, 0xA578, 0xA557, 0x9D17, 0x94F7, 0x94D6, 0x94B6, 0x8C95, 0x8C95, 0x8C95, 0x8C75, 0x8C75, 0x8C75, 0x8C75,
  0x8C55, 0x8455, 0x8455, 0x8455, 0x8455, 0x8455, 0x8455, 0x8455, 0x8455, 0x8455, 0x8455, 0x8435, 0x8455, 0x8455, 0x8455, 0x9D37,
  0xA535, 0x8CF7, 0x8538, 0x95BA, 0x95DA, 0x7D79, 0x6D39, 0x6538, 0x6518, 0x5D1A, 0x64FA, 0x6498, 0x6477, 0x5CF9, 0x657C, 0x85B9,
  0xAE5B, 0xC71F, 0xE77E, 0xDF5F, 0xA61C, 0x6CBB, 0x647A, 0x83F1, 0x7495, 0x7DDC, 0x549A, 0x6459, 0x4B78, 0x74FC, 0x6D3A, 0x653A,
  0x759A, 0x95FA, 0xAE5C, 0xAE3B, 0xAD75, 0x84F5, 0x545A, 0x74D8, 0x9CD2, 0x9CD3, 0xA514, 0x8494, 0x6C55, 0xB554, 0x7455, 0x2AF8,
  0x8497, 0x7C96, 0x94D6, 0x7496, 0xADD9, 0x8D17, 0x84D6, 0xB5D7, 0x8519, 0x8D79, 0xB5D7, 0xBDD6, 0xBDF7, 0xBDF8, 0xC618, 0xBE17,
  0xADB7, 0x9D57, 0x8453, 0x7C33, 0x6C76, 0x53D5, 0x3AD1, 0x3AD1, 0x3AD0, 0x3A8F, 0x3A4E, 0x426E, 0x3A6D, 0x424D, 0x42CE, 0x4AEE,
  0x4ACE, 0x52CE, 0x5AED, 0x5B0E, 0x5B2E, 0x6350, 0x6370, 0x6350, 0x634E, 0x632E, 0x632E, 0x5B0D, 0x5B0D, 0x5AED, 0x5ACC, 0x52AC,
  0x4A8B, 0x4A6A, 0x424A, 0x422A, 0x422A, 0x3A09, 0x39E9, 0x39E8, 0x31C8, 0x31A8, 0x31A7, 0x31A7, 0x3187, 0x3186, 0x3186, 0x3166,
  0x2967, 0x2967, 0x2966, 0x2947, 0x2969, 0x298A, 0x29AB, 0x21AA, 0x218A, 0x218A, 0x216A, 0x216A, 0x29EE, 0x2A71, 0x2A52, 0x3292,
  0x29CD, 0x21AC, 0x21CE, 0x2A0F, 0x2A0E, 0x218B, 0x218A, 0x29AB, 0x29CB, 0x29CB, 0x29CC, 0x31EC, 0x3A4F, 0x3A70, 0x4290, 0x4290,
  0x4290, 0x426F, 0x3A6E, 0x424E, 0x424D, 0x424D, 0x424E, 0x428F, 0x4AB0, 0x4AF3, 0x5355, 0x53B6, 0x5C18, 0x64BB, 0x753C, 0x7D7C,
  0x859C, 0x95BC, 0xBE9D, 0xB65D, 0x959C, 0x8D9D, 0x74B9, 0x5B95, 0x5353, 0x63D5, 0x63D4, 0x4ACD, 0x422A, 0x424B, 0x4A4A, 0x4229,
  0x4229, 0x4229, 0x4229, 0x39E8, 0x39E8, 0x4209, 0x422A, 0x428D, 0x530F, 0x63B2, 0x5B91, 0x3A6C, 0x2968, 0x3A0A, 0x52CD, 0x4A8C,
  0x3A0B, 0x29AA, 0x218B, 0x19AB, 0x21CC, 0x29ED, 0x2A0E, 0x2A2F, 0x2A4F, 0x3AD0, 0x3AF1, 0x4332, 0x5393, 0x5BB3, 0x6BD3, 0x6BF3,
  0x6C13, 0x6C14, 0x7455, 0x7C95, 0x84B6, 0x8CF6, 0x8D17, 0x8D38, 0x8D7A, 0x95DB, 0xA61C, 0xC6DE, 0xE75E, 0xEF7E, 0xE77E, 0xE75D,
  0xD73D, 0xBEDC, 0xA65C, 0x963B, 0x963B, 0x8E1B, 0x7DFB, 0x75DA, 0x75BA, 0x75BA, 0x7DDB, 0x7DDB, 0x85FB, 0x861B, 0x8E3B, 0x963B,
  0x9E7B, 0xA67C, 0xAE7C, 0xAE9C, 0xB69C, 0xB6BC, 0xBEDC, 0xC6DC, 0xC6DD, 0xC6FD, 0xCEFC, 0xD6FC, 0xD71D, 0xDF1D, 0xDF1D, 0xDF3D,
  0xDF3C, 0xDF3C, 0xDF3D, 0xDF1D, 0xD71D, 0xCEFD, 0xCEFD, 0xC6DC, 0xC6BC, 0xBEBC, 0xC6DC, 0xDF3D, 0xEF7D, 0xF77D, 0xF79E, 0xF79E,
  0xF79E, 0xF79E, 0xF79E, 0xF79E, 0xF79E, 0xF79E, 0xF79E, 0xEF9E, 0xEF9D, 0xE75D, 0xDF3D, 0xD71C, 0xCEDC, 0xBE9B, 0xBE5A, 0xB63A,
  0xADF9, 0xADD9, 0xADB8, 0xA577, 0x9D37, 0x9D17, 0x94F6, 0x94D6, 0x94B5, 0x8C95, 0x8C95, 0x8C95, 0x8C75, 0x8C75, 0x8C75, 0x8C75,
  0x8C75, 0x8C75, 0x8455, 0x8455, 0x8455, 0x8475, 0x8475, 0x8455, 0x8455, 0x8455, 0x8455, 0x8455, 0x8455, 0x8475, 0x8475, 0xA558,
  0xAD75, 0xA535, 0x9517, 0x8559, 0x95DA, 0x95FA, 0x7D99, 0x6D39, 0x6D19, 0x651A, 0x651A, 0x6477, 0x5C17, 0x5C99, 0x5D1A, 0x6D59,
  0x8DFB, 0xB6BE, 0xDF7F, 0xDF3F, 0xB65C, 0x851A, 0x7C76, 0x9D34, 0x7539, 0x4C9A, 0x6CF8, 0x4B95, 0x5BF7, 0x64FC, 0x6CFA, 0x6D3A,
  0x759A, 0x95FA, 0x961B, 0xA5D9, 0xAD55, 0x5438, 0x5479, 0x94F4, 0x9CD3, 0x9CF3, 0x9CF4, 0x6415, 0xA534, 0x7C95, 0x53B7, 0x6416,
  0x8CD5, 0x7477, 0x7496, 0x9537, 0xA5B9, 0x9D79, 0xA5B9, 0x649A, 0x84F9, 0xBDF7, 0xBDF7, 0xBDF7, 0xC618, 0xC638, 0xC639, 0xADD8,
  0x9D57, 0x8474, 0x8C95, 0x7CD7, 0x53F5, 0x3AF1, 0x4313, 0x4313, 0x42D2, 0x42D1, 0x42B0, 0x426D, 0x42AD, 0x4B30, 0x4AEF, 0x52EE,
  0x5B0F, 0x5AED, 0x5B0E, 0x634F, 0x6371, 0x6371, 0x6350, 0x632F, 0x634F, 0x632F, 0x630E, 0x5B0D, 0x5B0D, 0x5AED, 0x52CC, 0x528B,
  0x4A6B, 0x4A4A, 0x422A, 0x4209, 0x3A09, 0x3A09, 0x39E9, 0x31C8, 0x31C8, 0x31A7, 0x31A7, 0x3187, 0x3187, 0x2986, 0x2966, 0x2966,
  0x2966, 0x2968, 0x296A, 0x294A, 0x2948, 0x2127, 0x2127, 0x2107, 0x2107, 0x2107, 0x2107, 0x2129, 0x194A, 0x216B, 0x21AC, 0x1948,
  0x214A, 0x21AF, 0x21CE, 0x2169, 0x2127, 0x2168, 0x2189, 0x2989, 0x29AA, 0x29AA, 0x29AA, 0x31AB, 0x31CA, 0x31CB, 0x31EB, 0x320C,
  0x3A0D, 0x3A2D, 0x3A2C, 0x422C, 0x424B, 0x424C, 0x4A8E, 0x4AF0, 0x5352, 0x5B94, 0x63F7, 0x6459, 0x6C9B, 0x751C, 0x7D5D, 0x7D7D,
  0x7D5C, 0x9E1C, 0xAE5C, 0x851A, 0x74D9, 0x7D3A, 0x859D, 0x859D, 0x6C78, 0x4B32, 0x5B53, 0x6436, 0x5B92, 0x4A4B, 0x422A, 0x4A2A,
  0x4229, 0x4229, 0x422A, 0x4A6A, 0x4229, 0x39A7, 0x39C7, 0x31C9, 0x31EA, 0x320B, 0x42CE, 0x5B91, 0x5B50, 0x4A8D, 0x5ACD, 0x73B0,
  0x9516, 0x9516, 0x7413, 0x5351, 0x42D0, 0x4B32, 0x5B72, 0x63B2, 0x63D2, 0x6BD3, 0x5B92, 0x5372, 0x63B3, 0x6C13, 0x6C12, 0x63F2,
  0x6BF2, 0x7413, 0x7413, 0x7453, 0x7C94, 0x84B5, 0x9516, 0x9D77, 0xADB8, 0xB61A, 0xCEDC, 0xE77F, 0xE77E, 0xE77E, 0xEF7E, 0xE75D,
  0xD73D, 0xC6DC, 0xB6BC, 0xAE9C, 0xA67C, 0x9E5C, 0x963B, 0x8E3B, 0x963B, 0x963B, 0x9E5C, 0xA67C, 0xAE7C, 0xAE9C, 0xB6BC, 0xBEBC,
  0xBEDC, 0xC6DC, 0xCEDD, 0xCEFD, 0xCEFC, 0xD71C, 0xD71D, 0xD71D, 0xD71C, 0xD71C, 0xCEFC, 0xCEFD, 0xCEFC, 0xC6DC, 0xBEBC, 0xBEBB,
  0xB67C, 0xAE5B, 0xA63B, 0x9E1B, 0x95FB, 0x95DA, 0x95DA, 0x95BA, 0x95BA, 0x9DDA, 0xAE3A, 0xCEDC, 0xEF5D, 0xF79E, 0xF79E, 0xF79E,
  0xF79E, 0xF79E, 0xF79E, 0xF79E, 0xF79E, 0xF79E, 0xF79E, 0xF79E, 0xF79E, 0xEF9E, 0xE75D, 0xDF1C, 0xCEFC, 0xC69B, 0xBE7B, 0xB63A,
  0xAE1A, 0xADD9, 0xAD98, 0xA577, 0x9D57, 0x9517, 0x94F6, 0x94B6, 0x94B5, 0x8C95, 0x8C95, 0x8C95, 0x8C95, 0x8C75, 0x8C75, 0x8C75,
  0x8C75, 0x8C75, 0x8C75, 0x8C55, 0x8C55, 0x8C55, 0x8C55, 0x8C55, 0x8C55, 0x8C55, 0x8455, 0x8475, 0x8C76, 0x8C95, 0x8495, 0xA578,
  0xB575, 0xAD54, 0xA576, 0x9578, 0x8D79, 0x95D9, 0x8DFA, 0x7D79, 0x6D39, 0x653A, 0x6D3A, 0x5C78, 0x5C18, 0x5459, 0x5C99, 0x64F9,
  0x6D9B, 0x9E7C, 0xC73F, 0xCF1E, 0xCEBC, 0x9D59, 0x9D35, 0x9597, 0x5C79, 0x64FB, 0x6477, 0x3AD5, 0x5C79, 0x549C, 0x6C79, 0x7D79,
  0x75BB, 0x7DBA, 0x85BB, 0xADB7, 0x84B6, 0x6457, 0x7CF7, 0x9CF2, 0x9CF3, 0xA514, 0x7C75, 0x7C75, 0x7415, 0x3B76, 0x8CD6, 0x7456,
  0x7477, 0x7476, 0x84D7, 0x9517, 0x7CD7, 0x855A, 0x647B, 0x957A, 0xC638, 0xC618, 0xC638, 0xC638, 0xC638, 0xC638, 0xB5FA, 0x9556,
  0x8496, 0x8CD6, 0x6C97, 0x4BD5, 0x4313, 0x4B74, 0x4333, 0x42D0, 0x42D0, 0x42AF, 0x428E, 0x4B32, 0x5332, 0x52AD, 0x530F, 0x5B51,
  0x5B0E, 0x5B2F, 0x6371, 0x6371, 0x6370, 0x6350, 0x6350, 0x6370, 0x6350, 0x630E, 0x630E, 0x5B0E, 0x5AEE, 0x52ED, 0x52AC, 0x4A8C,
  0x4A6B, 0x424A, 0x3A2A, 0x3A0A, 0x3A0A, 0x31E8, 0x39E9, 0x31C8, 0x31C8, 0x3187, 0x3187, 0x3187, 0x3167, 0x2967, 0x2946, 0x2946,
  0x2946, 0x2146, 0x2146, 0x2929, 0x292B, 0x2129, 0x2129, 0x2127, 0x18E5, 0x20E6, 0x18E6, 0x18E6, 0x18E6, 0x18E6, 0x18E5, 0x1907,
  0x2129, 0x2128, 0x1905, 0x2126, 0x2148, 0x2148, 0x2148, 0x2968, 0x2968, 0x2968, 0x2988, 0x3188, 0x31A9, 0x31A9, 0x39CA, 0x39EA,
  0x3A0B, 0x3A0B, 0x3A0B, 0x3A0B, 0x422B, 0x422B, 0x424D, 0x4A6D, 0x4A8E, 0x4AAF, 0x4AF0, 0x5332, 0x5BB5, 0x6437, 0x74DA, 0x7D3C,
  0x95DD, 0xB69E, 0x95BC, 0x74FA, 0x6CB9, 0x6478, 0x6457, 0x6CB9, 0x859D, 0x7D5C, 0x5394, 0x4AB0, 0x5BB4, 0x6416, 0x4ACE, 0x420A,
  0x422A, 0x4229, 0x420A, 0x4A8C, 0x738F, 0x6B6E, 0x422B, 0x31C9, 0x31C9, 0x31C9, 0x29A9, 0x2189, 0x3A2B, 0x5B91, 0x5391, 0x42CE,
  0x7494, 0x7453, 0x7C53, 0x94D5, 0x8494, 0x7413, 0x7C73, 0x7C34, 0x7C74, 0x8CB2, 0x94B3, 0x94B3, 0x8C93, 0x8472, 0x8473, 0x8C93,
  0x8493, 0x8C93, 0x8CB4, 0x94F4, 0x9D14, 0xA515, 0xA535, 0xA556, 0xA598, 0xC67B, 0xE75D, 0xEF7E, 0xEF7E, 0xE77E, 0xE77E, 0xEF7E,
  0xE77E, 0xDF3D, 0xD71D, 0xCF1D, 0xC6FD, 0xC6FC, 0xC6DC, 0xC6DD, 0xC6DC, 0xC6DC, 0xCEFC, 0xCEFC, 0xCEFD, 0xCEFC, 0xCEFC, 0xCEFD,
  0xCEDC, 0xCEFC, 0xC6DC, 0xC6DC, 0xC6BC, 0xBEBC, 0xBE9B, 0xBE7B, 0xB67C, 0xAE5B, 0xAE5B, 0xAE3B, 0xAE3B, 0xA61B, 0xA5FA, 0xA5FA,
  0xA5FA, 0xADF9, 0xADF9, 0xADFA, 0xB5FA, 0xB61A, 0xB61A, 0xBE3A, 0xC63A, 0xC67A, 0xCEBB, 0xDF1C, 0xEF7E, 0xEF9E, 0xF79E, 0xF79E,
  0xF79E, 0xF79E, 0xF79E, 0xF79E, 0xF79E, 0xF79E, 0xF79E, 0xF79E, 0xF79E, 0xF79E, 0xEF7D, 0xDF3C, 0xD6FC, 0xC6BB, 0xBE7B, 0xB65A,
  0xB61A, 0xADD9, 0xA598, 0xA577, 0x9D37, 0x9517, 0x94F6, 0x94B6, 0x94B6, 0x9495, 0x8C95, 0x8C96, 0x8C95, 0x8C95, 0x8C95, 0x8C95,
  0x8C75, 0x8C75, 0x8C75, 0x8C75, 0x8C75, 0x8C76, 0x8C76, 0x8C76, 0x8C96, 0x8C76, 0x8C96, 0x8C95, 0x8C96, 0x8CB6, 0x84D6, 0xADB8,
  0xAD96, 0xAD75, 0xAD96, 0xAD97, 0x9D78, 0x8D99, 0x8DFA, 0x8DDA, 0x759A, 0x6D5A, 0x6D5A, 0x64B9, 0x5C59, 0x5418, 0x5438, 0x5C99,
  0x653B, 0x8E3C, 0xA6BE, 0xC6DE, 0xD6FC, 0xB5FB, 0xAE18, 0x6C56, 0x6D3B, 0x64B9, 0x53B6, 0x42D4, 0x54BB, 0x543B, 0x84B6, 0x8D98,
  0x7D9B, 0x6D5A, 0x95B9, 0x9516, 0x5BF6, 0x74D8, 0x8CD5, 0x9CD3, 0x9CF3, 0x9D13, 0x53B5, 0x63D7, 0x4376, 0x94D5, 0x8476, 0x6416,
  0x6C76, 0x7C97, 0x9517, 0x6499, 0x6D3B, 0x7D1A, 0xAE1A, 0xCE58, 0xC638, 0xC658, 0xCE59, 0xCE59, 0xC659, 0xB61A, 0x9557, 0x8CB7,
  0x7C96, 0x5C58, 0x53F5, 0x4B95, 0x53D7, 0x4333, 0x42F1, 0x4AF2, 0x42D0, 0x4B10, 0x5BD5, 0x5351, 0x4AAD, 0x5310, 0x5B52, 0x5B2F,
  0x5B2F, 0x6351, 0x6350, 0x6370, 0x6371, 0x6392, 0x6B92, 0x6350, 0x5B2F, 0x630F, 0x630F, 0x5B0E, 0x52EE, 0x52CE, 0x52CE, 0x4A8D,
  0x426C, 0x426C, 0x3A2B, 0x3A0A, 0x3A0C, 0x39EB, 0x31C8, 0x31C9, 0x31C9, 0x31EA, 0x3167, 0x3167, 0x2968, 0x2966, 0x2947, 0x2926,
  0x2926, 0x2106, 0x2107, 0x2105, 0x2106, 0x210A, 0x212B, 0x214C, 0x216B, 0x18E5, 0x18C5, 0x18E5, 0x18C5, 0x18C5, 0x18C5, 0x18E5,
  0x18E4, 0x18E4, 0x20E6, 0x1905, 0x2126, 0x2127, 0x2127, 0x2146, 0x2946, 0x2946, 0x2967, 0x2967, 0x3188, 0x31A8, 0x31C9, 0x39EA,
  0x39EB, 0x3A0A, 0x3A0A, 0x3A0A, 0x3A0A, 0x420A, 0x420A, 0x420A, 0x422B, 0x424B, 0x424C, 0x4A6D, 0x4AAF, 0x5332, 0x5BB5, 0x6C57,
  0x9DDC, 0x9DDB, 0x7D3C, 0x7D3C, 0x751C, 0x6CBB, 0x6C7A, 0x5BF6, 0x5BD4, 0x6CDA, 0x7DBD, 0x6436, 0x428E, 0x4AF1, 0x6416, 0x5351,
  0x422C, 0x424B, 0x422A, 0x3A2B, 0x420B, 0x52AC, 0x5310, 0x4AF0, 0x426D, 0x31CA, 0x2989, 0x2988, 0x2968, 0x2989, 0x428D, 0x6C54,
  0x5C13, 0x3A4D, 0x3A6E, 0x4AF0, 0x5B92, 0x63B2, 0x7434, 0x8473, 0x7433, 0x6BD3, 0x63B2, 0x7433, 0x8CB2, 0x8CB3, 0x8C92, 0x8C93,
  0x8C93, 0x8CB2, 0x94B3, 0x94F5, 0x9D56, 0xA596, 0xADB7, 0xBDD7, 0xD699, 0xEF5D, 0xEF5D, 0xEF5D, 0xE75D, 0xE77D, 0xEF7D, 0xEF7D,
  0xE77E, 0xDF5E, 0xDF5D, 0xDF3D, 0xD73D, 0xCF1D, 0xCEFD, 0xC6DD, 0xBEDD, 0xBEBC, 0xBE9C, 0xBE9C, 0xB69C, 0xB67B, 0xB65B, 0xB65B,
  0xB65B, 0xB65B, 0xB63B, 0xB63A, 0xB63B, 0xB63A, 0xB63A, 0xB61A, 0xBE19, 0xBE1A, 0xBE19, 0xBE39, 0xC639, 0xC639, 0xC639, 0xC639,
  0xC659, 0xCE59, 0xCE79, 0xCE79, 0xD679, 0xD69A, 0xD69A, 0xD69A, 0xDEDB, 0xE73C, 0xE75D, 0xEF7D, 0xEF9E, 0xF79E, 0xF79E, 0xF79E,
  0xF79E, 0xF79E, 0xF79E, 0xF79E, 0xF79E, 0xF79E, 0xF79E, 0xF7BE, 0xF79E, 0xF79E, 0xEF7D, 0xE73D, 0xD71C, 0xCEDC, 0xBE9B, 0xB65A,
  0xB61A, 0xADF9, 0xA5B8, 0xA577, 0x9D37, 0x9D16, 0x94F6, 0x94D6, 0x94B6, 0x94B6, 0x94B6, 0x94B6, 0x8C96, 0x8C96, 0x8C96, 0x8C95,
  0x8C95, 0x8C95, 0x8C95, 0x8C96, 0x8C96, 0x8C96, 0x8C96, 0x8CB6, 0x8CB6, 0x8CB6, 0x8CB6, 0x8CD6, 0x8CD6, 0x8CF6, 0x8CF6, 0xADB8,
  0xAD96, 0xAD55, 0xA597, 0xAD76, 0xB596, 0x9D98, 0x8D9A, 0x8DBA, 0x85DA, 0x759B, 0x757B, 0x64FA, 0x6478, 0x5BF8, 0x5419, 0x545A,
  0x5CFB, 0x7DFD, 0x8E3D, 0xB67D, 0xD6DC, 0xCEFD, 0x9537, 0x74D8, 0x753C, 0x74D7, 0x6BB3, 0x3B36, 0x54DC, 0x4C39, 0x9CF3, 0x859A,
  0x755A, 0x753A, 0x8D38, 0x6C17, 0x7476, 0x7CF7, 0x9CD3, 0x9CD3, 0xAD33, 0x7434, 0x4335, 0x7435, 0x7435, 0xAD54, 0x53B6, 0x6416,
  0x7456, 0x8D16, 0x547A, 0x757A, 0xA5D8, 0xAE1A, 0xB5F8, 0xB5F9, 0xC63A, 0xCE59, 0xCE59, 0xCE59, 0xB639, 0x8D58, 0x8CD7, 0x6C77,
  0x5C58, 0x6477, 0x5416, 0x53F6, 0x4354, 0x4333, 0x4B53, 0x4311, 0x5393, 0x6456, 0x5311, 0x4ACE, 0x5330, 0x5B71, 0x5B51, 0x5B71,
  0x6371, 0x6371, 0x6391, 0x6392, 0x63B2, 0x6BB2, 0x6371, 0x6330, 0x5B30, 0x6350, 0x5B0F, 0x5B31, 0x5B52, 0x530F, 0x4ACF, 0x4AAF,
  0x428E, 0x424E, 0x3A4C, 0x3A2B, 0x31EA, 0x39EC, 0x31EB, 0x320B, 0x31AA, 0x31A9, 0x31EB, 0x2967, 0x2968, 0x2969, 0x2146, 0x2927,
  0x2127, 0x2106, 0x2107, 0x2108, 0x2109, 0x1907, 0x1907, 0x18E9, 0x214D, 0x29CF, 0x1907, 0x18A5, 0x18C5, 0x18C3, 0x18C4, 0x18C3,
  0x18C4, 0x18E4, 0x18E5, 0x1905, 0x2106, 0x2126, 0x2126, 0x2146, 0x2946, 0x2946, 0x2967, 0x2967, 0x3187, 0x31A7, 0x31A8, 0x31C9,
  0x39E9, 0x39EA, 0x39EA, 0x3A0A, 0x420A, 0x422A, 0x422A, 0x420A, 0x420A, 0x4229, 0x4229, 0x422A, 0x4A6B, 0x4ACD, 0x5311, 0x7C76,
  0x9D7B, 0x7479, 0x6C99, 0x6CBA, 0x6CDB, 0x64BB, 0x649A, 0x6C9B, 0x6438, 0x4B53, 0x5BB5, 0x7D3C, 0x6C98, 0x4AAF, 0x428E, 0x5BB5,
  0x5B93, 0x426D, 0x426D, 0x424C, 0x426D, 0x3A4D, 0x31CA, 0x428E, 0x6393, 0x5352, 0x42B0, 0x426C, 0x31C9, 0x2148, 0x29AA, 0x42CE,
  0x4B0F, 0x5371, 0x3A6E, 0x322D, 0x324E, 0x3AB0, 0x4B32, 0x5BB3, 0x63F3, 0x6BF3, 0x6BF3, 0x7433, 0x7414, 0x6BF3, 0x7454, 0x8C93,
  0x94B4, 0x8CB4, 0x94B3, 0x9CF4, 0xA535, 0xB596, 0xB5B7, 0xBE7A, 0xDF1D, 0xDF3D, 0xDF3D, 0xD73D, 0xD71D, 0xCEFD, 0xC6DD, 0xC6BD,
  0xC6BC, 0xBEBD, 0xB67D, 0xB69D, 0xBE7C, 0xB67B, 0xB65B, 0xAE5B, 0xB63B, 0xB61B, 0xB61B, 0xBE3A, 0xBE3A, 0xBE3A, 0xBE39, 0xBE39,
  0xC639, 0xC639, 0xC619, 0xC618, 0xC618, 0xC618, 0xC618, 0xBE18, 0xC618, 0xC5F8, 0xC618, 0xC618, 0xC618, 0xC618, 0xC618, 0xC618,
  0xC638, 0xC638, 0xCE59, 0xCE79, 0xCE79, 0xCE79, 0xD69A, 0xDEFB, 0xEF5D, 0xEF7D, 0xEF7D, 0xF79E, 0xF79E, 0xF79E, 0xF79E, 0xF79E,
  0xF79E, 0xF79E, 0xF79E, 0xF79E, 0xF79E, 0xF79E, 0xF79E, 0xF7BE, 0xF7BE, 0xF7BE, 0xF79E, 0xE75D, 0xD71D, 0xCEDC, 0xC69B, 0xB67A,
  0xB63A, 0xADF9, 0xA5D8, 0xA598, 0xA558, 0x9D37, 0x9D16, 0x94F6, 0x94D6, 0x94D6, 0x94D6, 0x94D6, 0x94D6, 0x94B6, 0x94B6, 0x94B6,
  0x8CB6, 0x8CB6, 0x8CD6, 0x94D6, 0x94D6, 0x94D6, 0x94F6, 0x94F6, 0x94F7, 0x94F7, 0x9517, 0x8D17, 0x9517, 0x9537, 0x9517, 0xADD9,
  0xAD75, 0xA534, 0x9D77, 0xAD35, 0xAD55, 0xAD96, 0x9DBA, 0x9579, 0x8D9A, 0x8DFB, 0x75DB, 0x6D1B, 0x6CB8, 0x6439, 0x5C3A, 0x53F9,
  0x64BB, 0x6D9C, 0x75DD, 0x9E1C, 0xCEDD, 0xD71D, 0x9517, 0x857B, 0x6CF9, 0x9D35, 0x6352, 0x3379, 0x4CDD, 0x5C36, 0x94F5, 0x859B,
  0x74D9, 0x74F9, 0x7C97, 0x7436, 0x74D8, 0x94D5, 0x9CD3, 0xA513, 0x8475, 0x4334, 0x94D5, 0x63D4, 0xA535, 0x84B5, 0x4357, 0x6C36,
  0x8CD6, 0x549A, 0x6D7A, 0xA598, 0x857A, 0x8D19, 0xA5BA, 0xB65A, 0xCE7A, 0xCE79, 0xCE79, 0xC65A, 0x9599, 0x8518, 0x6479, 0x6499,
  0x64B8, 0x53F6, 0x53D7, 0x4394, 0x4B73, 0x4B73, 0x4B73, 0x5BF5, 0x74B8, 0x5332, 0x5310, 0x5B73, 0x63B4, 0x63B2, 0x5B92, 0x6392,
  0x63B2, 0x63B3, 0x63B2, 0x63B2, 0x63B2, 0x6371, 0x6350, 0x5B50, 0x5B71, 0x5B50, 0x5B72, 0x5BB4, 0x5351, 0x5310, 0x5310, 0x4AD0,
  0x4AAE, 0x428E, 0x3A4E, 0x322C, 0x320B, 0x31A8, 0x31C9, 0x320C, 0x320D, 0x2989, 0x2989, 0x320C, 0x2147, 0x296A, 0x296C, 0x2149,
  0x2127, 0x2128, 0x1907, 0x1907, 0x1929, 0x214D, 0x190A, 0x18E8, 0x18C7, 0x190A, 0x2A31, 0x1949, 0x1884, 0x18C5, 0x18A4, 0x18C4,
  0x18C3, 0x18C4, 0x18E4, 0x1905, 0x2106, 0x2126, 0x2126, 0x2146, 0x2946, 0x2946, 0x2966, 0x2966, 0x3187, 0x3187, 0x31A7, 0x31C8,
  0x39E8, 0x39E9, 0x39EA, 0x3A0A, 0x3A0A, 0x420A, 0x420A, 0x4209, 0x420A, 0x4209, 0x4229, 0x422A, 0x4A4A, 0x4A6A, 0x5AEC, 0x8C94,
  0x73F4, 0x6BF6, 0x6418, 0x643A, 0x647A, 0x6459, 0x5C37, 0x5C38, 0x649B, 0x647A, 0x4B31, 0x4AF1, 0x6C79, 0x6CDA, 0x4B11, 0x426D,
  0x5352, 0x5B94, 0x42AF, 0x428E, 0x426D, 0x428F, 0x428F, 0x31EC, 0x31CB, 0x4A8F, 0x5B93, 0x6BF4, 0x7C13, 0x6B90, 0x4ACE, 0x21A9,
  0x10E6, 0x320B, 0x5391, 0x42F0, 0x328F, 0x3270, 0x2A4F, 0x3AF1, 0x53B3, 0x6434, 0x6C34, 0x7454, 0x8493, 0x8C93, 0x7C53, 0x6C34,
  0x7C54, 0x8CB3, 0x94F4, 0x9D16, 0xA576, 0xB5B7, 0xB5F8, 0xB67B, 0xB67B, 0xB67C, 0xB67C, 0xB65C, 0xB65B, 0xBE3B, 0xBE5B, 0xBE5B,
  0xBE3C, 0xB63C, 0xBE7C, 0xBE5C, 0xC69C, 0xCE9B, 0xCE7B, 0xCE7A, 0xCE79, 0xCE59, 0xCE59, 0xCE58, 0xC658, 0xC638, 0xC638, 0xC618,
  0xC5F7, 0xBDF7, 0xBDD7, 0xBDD7, 0xBDD7, 0xBDD7, 0xBDD6, 0xBDD6, 0xB5B6, 0xB5D6, 0xB5B6, 0xBDB7, 0xBDD7, 0xBDD7, 0xBDF7, 0xBDF7,
  0xC618, 0xC638, 0xCE59, 0xCE79, 0xCE79, 0xDEDB, 0xE73C, 0xEF7D, 0xEF7D, 0xEF7D, 0xEF7D, 0xF79E, 0xF79E, 0xF79E, 0xF79E, 0xF79E,
  0xF79E, 0xF79E, 0xF79E, 0xF79E, 0xF79E, 0xF7BE, 0xF7BE, 0xF7BE, 0xF7BE, 0xF7BE, 0xF79E, 0xE75D, 0xDF1D, 0xCEFC, 0xC6BB, 0xBE7B,
  0xB63A, 0xADF9, 0xADD9, 0xA5B8, 0xA578, 0x9D57, 0x9D37, 0x9D17, 0x9517, 0x94F7, 0x94F6, 0x94F6, 0x94F6, 0x94F6, 0x94F6, 0x94F6,
  0x94F6, 0x94F6, 0x9516, 0x9517, 0x9517, 0x9537, 0x9557, 0x9557, 0x9577, 0x9577, 0x9577, 0x9577, 0x9578, 0x9578, 0x9577, 0xB619,
  0xBDF7, 0xA534, 0x9D35, 0xA514, 0xA534, 0xA555, 0xADB8, 0xA598, 0x8D7A, 0x8DDB, 0x85FC, 0x757A, 0x74F8, 0x64BA, 0x5C5A, 0x5C18,
  0x6C9B, 0x653C, 0x6D7C, 0x95FB, 0xC6DD, 0xD6FD, 0xA5BA, 0x8DBC, 0x74D7, 0xA534, 0x5333, 0x445C, 0x4CBC, 0x6C35, 0x8D57, 0x74B8,
  0x74B8, 0x6C98, 0x8CB5, 0x6C36, 0x7CF8, 0x9CD3, 0x9D13, 0x8C93, 0x3AD4, 0x7455, 0x7414, 0x8474, 0xAD74, 0x63D6, 0x5BB5, 0x7C76,
  0x4C5A, 0x547A, 0x84B7, 0x7D5A, 0xADDA, 0xBE5A, 0xBE5A, 0xCE7A, 0xD699, 0xCE79, 0xD69A, 0x9DDA, 0x7539, 0x6CBA, 0x64DB, 0x751A,
  0x4BF7, 0x53F7, 0x53D7, 0x4BD6, 0x4BB5, 0x53D6, 0x6C57, 0x855A, 0x53B5, 0x5B73, 0x63F5, 0x63F5, 0x63F4, 0x63D3, 0x63D3, 0x6BD3,
  0x6BF3, 0x6BD3, 0x6BB3, 0x6BB3, 0x6392, 0x6372, 0x6371, 0x6392, 0x6392, 0x63B3, 0x6415, 0x5B92, 0x5372, 0x5353, 0x5332, 0x52CE,
  0x4AAD, 0x4AAF, 0x4AF2, 0x3A8E, 0x322C, 0x31EB, 0x2988, 0x29AA, 0x324E, 0x29CC, 0x2168, 0x2988, 0x29ED, 0x2147, 0x214A, 0x298D,
  0x216C, 0x1948, 0x1928, 0x1928, 0x1927, 0x194B, 0x2190, 0x194D, 0x1909, 0x18C6, 0x10E8, 0x3272, 0x198B, 0x1085, 0x18C5, 0x10C4,
  0x18C4, 0x18E5, 0x1905, 0x1905, 0x1905, 0x2126, 0x2126, 0x2146, 0x2946, 0x2966, 0x2966, 0x2966, 0x3187, 0x31A8, 0x31A8, 0x31C8,
  0x31C8, 0x39E9, 0x39E9, 0x3A0A, 0x420B, 0x420A, 0x420A, 0x422A, 0x4229, 0x420A, 0x422A, 0x424A, 0x4A6B, 0x4A6B, 0x73B0, 0x73D0,
  0x52AC, 0x73F3, 0x8CB6, 0x7C77, 0x6439, 0x645A, 0x5C59, 0x5C18, 0x53B5, 0x6439, 0x6C9B, 0x4B31, 0x426E, 0x5BD6, 0x64B9, 0x5333,
  0x42AF, 0x5311, 0x5373, 0x4AF0, 0x4B11, 0x428F, 0x3A6D, 0x42AF, 0x322E, 0x216A, 0x31EC, 0x5311, 0x6392, 0x7414, 0x6BD4, 0x6351,
  0x52AD, 0x2968, 0x18E6, 0x322C, 0x324C, 0x324D, 0x4312, 0x3B33, 0x32F1, 0x32F2, 0x4B72, 0x6C35, 0x7CD6, 0x8517, 0x9516, 0x9D15,
  0x8CF4, 0x7CB4, 0x8CB4, 0x9536, 0xA597, 0xB5D8, 0xADF9, 0xADD9, 0xB5D9, 0xBDF8, 0xC619, 0xC65A, 0xC67A, 0xC69A, 0xD6BB, 0xDEDB,
  0xE6FC, 0xD6DB, 0xC67C, 0xC69B, 0xD6DB, 0xD6DB, 0xCE9A, 0xCE79, 0xCE59, 0xC638, 0xC618, 0xC618, 0xBDF8, 0xBDF7, 0xBDD7, 0xBDD7,
  0xB5B6, 0xB5B6, 0xB596, 0xB596, 0xAD96, 0xB596, 0xB596, 0xB596, 0xB596, 0xB596, 0xB596, 0xB596, 0xB5B6, 0xB5B6, 0xBDD7, 0xBDF7,
  0xC638, 0xCE59, 0xCE79, 0xD6BA, 0xE71C, 0xEF7D, 0xEF7D, 0xEF7D, 0xEF7D, 0xF79E, 0xF79E, 0xF79E, 0xF79E, 0xF79E, 0xF79E, 0xF79E,
  0xF79E, 0xF79E, 0xF79E, 0xF79E, 0xF7BE, 0xF7BE, 0xF7BE, 0xF7BE, 0xF7BE, 0xF7BE, 0xF79E, 0xE77D, 0xDF3D, 0xCEFC, 0xC6BB, 0xBE9B,
  0xB65A, 0xB61A, 0xADF9, 0xADB9, 0xA598, 0xA578, 0xA578, 0x9D57, 0x9D57, 0x9D37, 0x9D37, 0x9D37, 0x9D17, 0x9D37, 0x9537, 0x9537,
  0x9D37, 0x9D37, 0x9D58, 0x9D78, 0x9D78, 0x9D98, 0x9D98, 0x9DB8, 0x9DB9, 0xA5D9, 0xA5D9, 0xA5D9, 0xA5D9, 0x9DD9, 0x9DD8, 0xBE39,
  0xD6DB, 0xB5F8, 0x9CF4, 0x9CD3, 0x9CF3, 0xA513, 0xA576, 0xAD96, 0xA598, 0x959B, 0x8DDC, 0x859B, 0x7D59, 0x6CFB, 0x64BA, 0x647A,
  0x6CBB, 0x64BB, 0x653A, 0x8DFB, 0xB6BD, 0xCEBB, 0xBE9D, 0x859B, 0x8D17, 0xA4F3, 0x5BD6, 0x54DD, 0x445A, 0x7C95, 0x7518, 0x7C35,
  0x6437, 0x8CF6, 0x7C14, 0x6C77, 0x8CF5, 0x9D14, 0x8C93, 0x5B73, 0x63D4, 0x7C34, 0x6BF4, 0xAD34, 0x94F4, 0x5395, 0x5C16, 0x5459,
  0x5C58, 0x9D36, 0xADD9, 0xBE59, 0xCE58, 0xB63A, 0xC65A, 0xCE79, 0xCE9A, 0xD69A, 0xB65B, 0x7D5B, 0x753B, 0x6D3D, 0x859C, 0x5C7A,
  0x545A, 0x5C59, 0x5C18, 0x53D6, 0x6499, 0x6CB9, 0x8DDB, 0x6C98, 0x6437, 0x7498, 0x6C58, 0x6C57, 0x6415, 0x6C35, 0x6C35, 0x6C15,
  0x6414, 0x63F4, 0x6BF4, 0x63D4, 0x63B3, 0x6392, 0x63D3, 0x6BD4, 0x63D4, 0x6457, 0x63F4, 0x5BD4, 0x5BD4, 0x5373, 0x4B32, 0x4A6B,
  0x528A, 0x4AAA, 0x42D0, 0x4332, 0x424C, 0x2A0C, 0x29CA, 0x2967, 0x29CB, 0x320D, 0x29CB, 0x2127, 0x298A, 0x29CE, 0x1928, 0x194A,
  0x21AD, 0x21AE, 0x196C, 0x1929, 0x1949, 0x192A, 0x196C, 0x2231, 0x19EF, 0x194B, 0x10E7, 0x10E7, 0x3315, 0x21AC, 0x18A7, 0x18E6,
  0x18E6, 0x1908, 0x2128, 0x2149, 0x2127, 0x2126, 0x2146, 0x2146, 0x2966, 0x2967, 0x2988, 0x2987, 0x29A7, 0x31A7, 0x31A8, 0x31C8,
  0x39E9, 0x39E9, 0x39E9, 0x3A0A, 0x422B, 0x422B, 0x422C, 0x424D, 0x426D, 0x422A, 0x4209, 0x4A4A, 0x4A4A, 0x5AEC, 0x73D0, 0x52CC,
  0x4A4B, 0x5B0E, 0x8454, 0x94F4, 0x9CF6, 0x7CB7, 0x5C3A, 0x643A, 0x5BF8, 0x5395, 0x5BD7, 0x6C9B, 0x4B33, 0x422C, 0x4B53, 0x6437,
  0x5373, 0x4ACF, 0x4AF1, 0x5BD5, 0x6416, 0x4AF1, 0x3A4E, 0x320C, 0x3A90, 0x324F, 0x216B, 0x29AC, 0x52F0, 0x6BB3, 0x73D3, 0x6BD3,
  0x6BF3, 0x7C33, 0x7BD0, 0x528B, 0x426C, 0x2A0B, 0x1929, 0x322E, 0x4B73, 0x53F6, 0x4BD5, 0x4393, 0x5394, 0x6415, 0x7CB6, 0x8D17,
  0x8D57, 0x9578, 0x9578, 0x9D98, 0xA5D9, 0xB639, 0xC619, 0xBE39, 0xBE59, 0xC659, 0xCE79, 0xCE79, 0xCE9A, 0xCEBB, 0xD6BB, 0xDEDB,
  0xDEFB, 0xDF1B, 0xE71B, 0xCE9B, 0xBE5B, 0xCE9B, 0xD679, 0xC639, 0xC618, 0xBDF7, 0xBDF7, 0xBDD7, 0xBDD7, 0xB5B6, 0xB5B6, 0xB596,
  0xAD75, 0xAD75, 0xAD75, 0xAD55, 0xAD55, 0xAD55, 0xAD55, 0xAD55, 0xAD55, 0xAD75, 0xAD75, 0xB596, 0xB5B6, 0xB5B6, 0xBDF7, 0xC618,
  0xC638, 0xCE79, 0xDEDB, 0xEF5D, 0xEF7D, 0xEF7D, 0xEF7D, 0xEF7D, 0xEF7D, 0xF79E, 0xF79E, 0xF79E, 0xF79E, 0xF79E, 0xF79E, 0xF79E,
  0xF79E, 0xF7BE, 0xF7BE, 0xF7BE, 0xF7BE, 0xF7BE, 0xF7BE, 0xF7BE, 0xF7BE, 0xF7BE, 0xF79E, 0xE77D, 0xDF3D, 0xCEFC, 0xC6BB, 0xBE9B,
  0xBE5B, 0xB63A, 0xB61A, 0xADF9, 0xADF9, 0xA5D8, 0xA5B8, 0xA598, 0xA598, 0x9D77, 0x9D77, 0x9D78, 0x9D78, 0x9D78, 0x9D78, 0x9D78,
  0x9D98, 0xA598, 0xA5B8, 0xA5D8, 0xA5F9, 0xA5F9, 0xAE19, 0xAE3A, 0xAE3A, 0xB63A, 0xB63A, 0xB63A, 0xB63A, 0xB63A, 0xB639, 0xC69A,
  0xBE18, 0xD6DB, 0xBDD7, 0x9CD3, 0x94D3, 0x9CF3, 0x9536, 0xA555, 0xA577, 0xA5DB, 0x959A, 0x8D7A, 0x85BA, 0x755B, 0x6D1B, 0x6CFB,
  0x6CBA, 0x647A, 0x64FA, 0x8E1B, 0xA67C, 0xC69C, 0xCF1E, 0x8D59, 0x9D77, 0x9CF3, 0x5438, 0x5D1D, 0x4439, 0x8517, 0x6458, 0x63B5,
  0x7435, 0x9CD4, 0x5BB5, 0x7CB6, 0x84F6, 0x94B5, 0x5B93, 0x7C54, 0x6BD4, 0x5BD4, 0x9CD3, 0xAD54, 0x8474, 0x2AF6, 0x3BBA, 0x8CF7,
  0xBDB7, 0xBE18, 0xAE19, 0xCE38, 0xAE3A, 0xC659, 0xCE79, 0xD679, 0xD699, 0xCE99, 0x95DC, 0x85BC, 0x757D, 0x861E, 0x6D7C, 0x64FE,
  0x64FD, 0x649B, 0x5C59, 0x74FC, 0x7D5B, 0x95FB, 0x857C, 0x7CFA, 0x855B, 0x6CDA, 0x7CFA, 0x6C98, 0x7498, 0x74B8, 0x7497, 0x6C36,
  0x6C36, 0x6C15, 0x6C15, 0x63F4, 0x63D4, 0x6BF4, 0x6C15, 0x6435, 0x6C98, 0x6415, 0x6415, 0x6436, 0x5B71, 0x5392, 0x52CE, 0x52AB,
  0x4AAB, 0x528A, 0x4A6A, 0x3AF0, 0x42CF, 0x3A0A, 0x2A0C, 0x29AA, 0x2168, 0x322E, 0x29CB, 0x21CB, 0x1906, 0x21AC, 0x21CD, 0x1949,
  0x196B, 0x19AD, 0x220F, 0x220F, 0x116B, 0x196C, 0x116C, 0x19CF, 0x2A92, 0x1A50, 0x198D, 0x10E8, 0x196A, 0x43B8, 0x19EE, 0x1908,
  0x1928, 0x214A, 0x216B, 0x21AC, 0x2A0F, 0x218A, 0x2146, 0x2947, 0x2947, 0x2967, 0x2987, 0x31A9, 0x31A9, 0x31A8, 0x31A8, 0x39C9,
  0x39E9, 0x39E9, 0x3A09, 0x3A0A, 0x3A0A, 0x422B, 0x422B, 0x422C, 0x424D, 0x426F, 0x426D, 0x4229, 0x4A6A, 0x634E, 0x5ACC, 0x4A4A,
  0x4A6A, 0x424A, 0x632F, 0x6B93, 0x8474, 0xAD55, 0x94D5, 0x63F7, 0x645A, 0x5C38, 0x5375, 0x5396, 0x647A, 0x4B32, 0x422B, 0x4AF1,
  0x53B5, 0x4B74, 0x42D0, 0x4AF1, 0x5394, 0x4AF2, 0x3A6F, 0x320D, 0x29CC, 0x3AB0, 0x3A90, 0x216B, 0x218B, 0x4ACF, 0x6BB2, 0x7C13,
  0x7C52, 0x5352, 0x63B3, 0x8474, 0x8C71, 0x8453, 0x63D2, 0x21AB, 0x216B, 0x324E, 0x4B53, 0x6456, 0x6C98, 0x6457, 0x6435, 0x7C95,
  0x8CF5, 0x8CF6, 0x9538, 0x9D78, 0xA5B8, 0xA5DA, 0xAE3B, 0xBE39, 0xBE38, 0xC67A, 0xC69B, 0xCE9A, 0xD6BA, 0xDEDA, 0xDEFB, 0xD6FC,
  0xDF1C, 0xDF1C, 0xDEFC, 0xE6FB, 0xD6BB, 0xAE3A, 0xBE39, 0xC638, 0xBDF7, 0xBDD7, 0xBDD7, 0xB5B6, 0xB596, 0xB596, 0xAD75, 0xAD75,
  0xAD55, 0xAD54, 0xA534, 0xA534, 0xA534, 0xA534, 0xA534, 0xA534, 0xAD55, 0xAD55, 0xAD75, 0xB596, 0xB5B6, 0xBDD7, 0xC618, 0xC638,
  0xD69A, 0xE71C, 0xEF7D, 0xEF7D, 0xF77D, 0xF77D, 0xEF7D, 0xEF7D, 0xEF7E, 0xEF9E, 0xF79E, 0xF79E, 0xF79E, 0xF79E, 0xF79E, 0xF79E,
  0xF7BE, 0xF7BE, 0xF79E, 0xF79E, 0xF79E, 0xF7BE, 0xF7BE, 0xF7BE, 0xF7BE, 0xF79E, 0xEF9E, 0xE75D, 0xDF3D, 0xCEFC, 0xC6DC, 0xC6BC,
  0xBE7B, 0xBE5B, 0xB65A, 0xB63A, 0xAE3A, 0xAE19, 0xADF9, 0xADF9, 0xA5D9, 0xA5D8, 0xA5D8, 0xA5D9, 0xA5D9, 0xA5D8, 0xA5D8, 0xA5F9,
  0xA5F9, 0xAE19, 0xAE19, 0xB639, 0xB65A, 0xBE5A, 0xBE7A, 0xC69B, 0xC69B, 0xCEBB, 0xCEBB, 0xCE9B, 0xCE9B, 0xCE9A, 0xC69A, 0xCEDB,
  0x94B2, 0xA596, 0xC659, 0xB595, 0x94D4, 0x94D3, 0x8CF5, 0x9D15, 0x9D16, 0x9E1D, 0xADD9, 0x8D5A, 0x8D7B, 0x7DBC, 0x759D, 0x7D5C,
  0x74BB, 0x643A, 0x6CDA, 0x85FB, 0x9E3C, 0xBE9C, 0xCF1E, 0x9DBA, 0xAD96, 0x8CD5, 0x5C99, 0x5D1D, 0x4438, 0x7539, 0x5396, 0x42F5,
  0x9CD4, 0x7413, 0x5C16, 0x74B7, 0x84D6, 0x5B94, 0x8C94, 0x7434, 0x5394, 0x8474, 0xA514, 0x7C33, 0x4336, 0x2B39, 0x8497, 0xB595,
  0xB5B6, 0xA5F9, 0xC618, 0xAE39, 0xBE38, 0xD659, 0xCE59, 0xC67A, 0xCE7A, 0x9E1C, 0x85DC, 0x7DDE, 0x865E, 0x8E3E, 0x75BE, 0x757E,
  0x755E, 0x6CFD, 0x757E, 0x963E, 0x961D, 0x8DFD, 0x8DBE, 0x95DE, 0x7D5D, 0x859D, 0x7D3B, 0x7D1B, 0x855B, 0x853B, 0x74B9, 0x7498,
  0x6C57, 0x7477, 0x6C36, 0x6C15, 0x6C16, 0x6C36, 0x7456, 0x74D8, 0x6C76, 0x6435, 0x6455, 0x5B51, 0x6390, 0x5372, 0x630C, 0x632C,
  0x5AEB, 0x4A8B, 0x4A8A, 0x4229, 0x4311, 0x3A2B, 0x39EB, 0x29EC, 0x2189, 0x21AB, 0x326F, 0x19A9, 0x29EB, 0x1107, 0x29CE, 0x21AD,
  0x196A, 0x198C, 0x196B, 0x2A91, 0x32B1, 0x198D, 0x19CE, 0x19AE, 0x2A51, 0x2AB3, 0x2291, 0x19EE, 0x10E9, 0x2A50, 0x4C5A, 0x220F,
  0x194A, 0x218C, 0x21EF, 0x29EE, 0x2A30, 0x3272, 0x21AB, 0x2947, 0x2947, 0x2967, 0x2987, 0x31A8, 0x31EB, 0x31CA, 0x31C9, 0x39C8,
  0x39E9, 0x39E9, 0x39E9, 0x3A0A, 0x420B, 0x422A, 0x422B, 0x422C, 0x424D, 0x422C, 0x4A6F, 0x4A6F, 0x52AB, 0x5ACD, 0x4A4A, 0x4A4A,
  0x4A4A, 0x424A, 0x422A, 0x73B0, 0x73F3, 0x6BD3, 0x9CF5, 0x84B4, 0x73F5, 0x7CB9, 0x5C3A, 0x5376, 0x4B54, 0x6419, 0x4AF0, 0x3A0B,
  0x428F, 0x4B32, 0x4B32, 0x428F, 0x42D0, 0x4333, 0x3AD1, 0x322E, 0x31ED, 0x218B, 0x3290, 0x3AB1, 0x196C, 0x196B, 0x4A8F, 0x6391,
  0x73D1, 0x8CB4, 0x7C33, 0x63D2, 0x5B93, 0x7433, 0x8CB3, 0x8CF6, 0x5BB3, 0x42B0, 0x42AF, 0x4AEF, 0x5BB3, 0x7C96, 0x8519, 0x8519,
  0x8519, 0x8D37, 0x9D57, 0xA598, 0xADDA, 0xBE19, 0xB5F8, 0xADFA, 0xBE5A, 0xC659, 0xC67A, 0xC69B, 0xCE9B, 0xD6DC, 0xDEFB, 0xE6DB,
  0xDEDB, 0xDEDB, 0xDEDB, 0xDEDB, 0xD6BA, 0xCE79, 0xADF9, 0xB5F8, 0xBDD7, 0xB5B6, 0xB5B6, 0xB596, 0xB596, 0xAD75, 0xAD55, 0xAD34,
  0xA534, 0xA534, 0xA514, 0xA514, 0xA514, 0xA534, 0xA534, 0xA534, 0xAD55, 0xAD75, 0xB596, 0xB5B6, 0xBDD7, 0xBDF7, 0xCE59, 0xDEDB,
  0xEF5C, 0xEF7D, 0xEF7D, 0xEF7D, 0xE75D, 0xDF3D, 0xD71D, 0xD71D, 0xD71D, 0xDF3D, 0xDF5D, 0xE75D, 0xE75D, 0xE77E, 0xEF7E, 0xEF7E,
  0xEF9E, 0xEF7E, 0xEF7D, 0xEF7E, 0xEF7E, 0xEF9E, 0xF79E, 0xF79E, 0xF7BE, 0xEF9E, 0xEF7E, 0xE75D, 0xDF3D, 0xD71C, 0xCEDC, 0xC6DC,
  0xC6BC, 0xC69B, 0xBE9B, 0xBE7B, 0xBE7B, 0xBE7A, 0xBE5A, 0xBE5A, 0xB65A, 0xB63A, 0xB63A, 0xB63A, 0xB63A, 0xB639, 0xB659, 0xB65A,
  0xBE5A, 0xBE7A, 0xC69B, 0xC6BB, 0xCEBB, 0xCEBB, 0xD6DC, 0xD6DB, 0xDEFB, 0xDEFC, 0xDF1C, 0xDEFC, 0xDEFC, 0xDEFC, 0xDEDB, 0xDEFC,
  0x9492, 0x84B4, 0x94B4, 0xAD54, 0x9536, 0x8C92, 0x84F6, 0x94F5, 0x94D5, 0x95FD, 0xB5D6, 0x957B, 0x955A, 0x859C, 0x861D, 0x8DFD,
  0x751C, 0x6459, 0x74FA, 0x7D9B, 0x9E3B, 0xB69C, 0xCEFE, 0xC65B, 0xADB7, 0x7C97, 0x64BB, 0x5D1C, 0x4C99, 0x5C79, 0x32B5, 0x5BB4,
  0x9CD3, 0x5B94, 0x6477, 0x5CB7, 0x6BD5, 0x73F3, 0xA514, 0x5373, 0x63F5, 0x8C94, 0x5BB4, 0x7456, 0x3BB9, 0x6C36, 0xB575, 0xB576,
  0xADD8, 0xB618, 0xB638, 0xB61A, 0xC639, 0xB639, 0xB63A, 0xC659, 0xA63B, 0x7DBD, 0x761E, 0x867F, 0x9EBE, 0x865E, 0x7E1E, 0x7DDE,
  0x7DBE, 0x7DBF, 0x965F, 0xA6DE, 0x965E, 0x9E7E, 0x965E, 0x85DE, 0x8E1E, 0x95FD, 0x859C, 0x8DBD, 0x95FE, 0x857C, 0x7D3B, 0x7CDA,
  0x7CFA, 0x74B9, 0x6C57, 0x6C77, 0x6C77, 0x7498, 0x7D3A, 0x74D7, 0x6456, 0x6456, 0x5371, 0x5B2E, 0x63D3, 0x632E, 0x73AD, 0x73AE,
  0x6B4D, 0x5AEB, 0x4A8B, 0x4229, 0x424A, 0x4B31, 0x31A9, 0x324E, 0x2A0E, 0x218A, 0x2A2E, 0x2A0D, 0x29CB, 0x29CA, 0x112A, 0x2A10,
  0x21AE, 0x21AD, 0x21AE, 0x114A, 0x3AF4, 0x3B54, 0x2210, 0x2251, 0x2211, 0x3B36, 0x2AF3, 0x3314, 0x2230, 0x194C, 0x4397, 0x445B,
  0x222F, 0x21AD, 0x2A31, 0x2A30, 0x3250, 0x2A71, 0x3272, 0x29CB, 0x2968, 0x2967, 0x3189, 0x31A8, 0x31C9, 0x3A0B, 0x31EA, 0x39E9,
  0x39E8, 0x39E8, 0x39E9, 0x3A09, 0x420A, 0x420B, 0x422B, 0x422B, 0x424C, 0x426D, 0x424B, 0x426E, 0x52D2, 0x4A6C, 0x4A6C, 0x424B,
  0x422A, 0x4A4A, 0x422A, 0x4A6B, 0x94B3, 0x6BF3, 0x6BD4, 0x8473, 0x6BF4, 0x8454, 0x8CF7, 0x643A, 0x4BB7, 0x4B34, 0x53B9, 0x42AF,
  0x3A0B, 0x424D, 0x42B0, 0x42F2, 0x3A6F, 0x3AD0, 0x3B14, 0x3AB1, 0x29EE, 0x29CD, 0x216A, 0x3291, 0x32F4, 0x196C, 0x114C, 0x428F,
  0x6BD2, 0x6B71, 0x8C93, 0x94B3, 0x8C73, 0x7C52, 0x7C53, 0x7C74, 0x8D37, 0x8518, 0x7475, 0x7C74, 0x7433, 0x73F4, 0x7C55, 0x94F7,
  0x9D99, 0x9DBB, 0x9D9B, 0xA5DA, 0xAE1A, 0xB63B, 0xBE7B, 0xC63A, 0xBE3A, 0xC69B, 0xD6BB, 0xD6DB, 0xD6FC, 0xD6FC, 0xDEFC, 0xDF1C,
  0xE71B, 0xE71C, 0xE6FB, 0xDEFB, 0xD6DB, 0xD69A, 0xCE7A, 0xC639, 0xC618, 0xBDF7, 0xB5B6, 0xB596, 0xAD75, 0xAD55, 0xA555, 0xA555,
  0x9D35, 0xA534, 0xA514, 0xA514, 0xA514, 0xA534, 0xA534, 0xAD55, 0xAD75, 0xAD75, 0xB5B6, 0xBDD7, 0xC618, 0xD69A, 0xE71C, 0xEF7D,
  0xEF7D, 0xE77D, 0xDF5D, 0xCEFC, 0xB6BC, 0xAE9C, 0xB69C, 0xBEBC, 0xBEDC, 0xC6DD, 0xC6FD, 0xC71C, 0xCF1D, 0xD73D, 0xD73D, 0xDF3D,
  0xDF5D, 0xDF5D, 0xDF5D, 0xDF5E, 0xE75E, 0xE77E, 0xE77E, 0xEF7E, 0xEF9E, 0xEF7E, 0xE77E, 0xE77D, 0xDF3D, 0xDF3D, 0xDF1C, 0xD6FC,
  0xD6FC, 0xD6DC, 0xD6DC, 0xD6DC, 0xCEDC, 0xCEDC, 0xCEDB, 0xCEBB, 0xCEBB, 0xC6BB, 0xC6BB, 0xC69B, 0xC69B, 0xC69B, 0xCE9A, 0xCEBB,
  0xCEBB, 0xD6DB, 0xD6DB, 0xD6FC, 0xDEFC, 0xDF1C, 0xDF1C, 0xE71C, 0xE73C, 0xE73C, 0xE71C, 0xE71C, 0xE71C, 0xE71C, 0xDEFC, 0xDEFC,
  0x8C71, 0x84B4, 0x8C72, 0x8C71, 0x84B4, 0x8C72, 0x74D6, 0x8CB4, 0x8495, 0x95BB, 0xAD75, 0x955A, 0xA599, 0x957B, 0x8DFD, 0x967D,
  0x7D9C, 0x6CD9, 0x7D5B, 0x7D7B, 0x961B, 0xAE9D, 0xCEFE, 0xD6DB, 0xADD8, 0x6C37, 0x753D, 0x54DB, 0x54DB, 0x3B36, 0x4B35, 0x8C73,
  0x7C53, 0x53D5, 0x447A, 0x5C36, 0x6393, 0xA514, 0x8454, 0x3AF4, 0x63B4, 0x6BD3, 0x94F5, 0x53F7, 0x4B75, 0x9D57, 0xA575, 0xB596,
  0xADD8, 0xB5F8, 0xA5FB, 0xB619, 0xB619, 0xC619, 0xCE58, 0xC63A, 0x961B, 0x865E, 0x7E7F, 0x9F1E, 0x9EDE, 0x8E9E, 0x8E7E, 0x865E,
  0x861F, 0x8E7F, 0xB73F, 0xA6DE, 0xA6BE, 0xA6DE, 0x8E5E, 0x8E5E, 0x9E7E, 0x8DFE, 0x8DFE, 0x9E5D, 0x9E5E, 0x859D, 0x859D, 0x857D,
  0x8D7C, 0x74BA, 0x74D9, 0x7CFA, 0x74B9, 0x8D7B, 0x7D3A, 0x6C98, 0x6C56, 0x5350, 0x5AED, 0x63D2, 0x6390, 0x736E, 0x7C0F, 0x7BF0,
  0x7BCF, 0x6B4D, 0x5AAB, 0x424B, 0x31A7, 0x534F, 0x3A8F, 0x320C, 0x2A91, 0x2A0E, 0x198B, 0x42B1, 0x2169, 0x3A6D, 0x196B, 0x19AE,
  0x2A52, 0x21EF, 0x2210, 0x21AD, 0x118D, 0x43B7, 0x4BB6, 0x2AD5, 0x2AF5, 0x2AF5, 0x4BF9, 0x2AF3, 0x43D7, 0x2AB2, 0x2A50, 0x549C,
  0x33B8, 0x2230, 0x2A30, 0x2A72, 0x2A71, 0x3292, 0x3251, 0x3252, 0x29AB, 0x29A9, 0x31A9, 0x31C9, 0x31E9, 0x31EA, 0x3A0B, 0x3A0A,
  0x39EA, 0x39E9, 0x39E8, 0x39E9, 0x39E9, 0x3A09, 0x422A, 0x422B, 0x422B, 0x424C, 0x4A6E, 0x424C, 0x426D, 0x4AB1, 0x4A6D, 0x4AAD,
  0x424B, 0x422A, 0x424A, 0x3A2A, 0x52CD, 0x9CF4, 0x7C14, 0x94B4, 0x7C53, 0x5B94, 0x94B4, 0x84B6, 0x5419, 0x5377, 0x4314, 0x5375,
  0x3A6D, 0x39CA, 0x31EB, 0x3A8F, 0x3A91, 0x324F, 0x3AF1, 0x3B14, 0x3272, 0x21ED, 0x21CD, 0x196B, 0x3291, 0x32F4, 0x198C, 0x116D,
  0x4ACF, 0x73F2, 0x6391, 0x8CB3, 0x8CB4, 0x8CF3, 0x9CF4, 0xAD55, 0x9D14, 0xAD97, 0xA5DA, 0xADFA, 0xBE7B, 0xB63B, 0xB61A, 0xB5F9,
  0xB5FA, 0xBE5B, 0xC69C, 0xCEBD, 0xCEDD, 0xD6FD, 0xD6FD, 0xDF1D, 0xDF1D, 0xD71D, 0xE75D, 0xEF7D, 0xEF7D, 0xEF9E, 0xE77E, 0xE77E,
  0xEF7E, 0xEF7E, 0xE77E, 0xE75D, 0xE73C, 0xDEFB, 0xD6BA, 0xCE79, 0xC618, 0xBDD7, 0xB5B6, 0xAD75, 0xAD75, 0xA576, 0xA576, 0xA556,
  0xA535, 0xA534, 0xA534, 0xA534, 0xA534, 0xAD55, 0xAD55, 0xAD75, 0xB596, 0xB5B6, 0xBDD7, 0xCE59, 0xDEDB, 0xEF5D, 0xEF7D, 0xEF5D,
  0xDF3D, 0xC6FC, 0xAE9C, 0x9E5B, 0x9E5C, 0xA67C, 0xAE7C, 0xAE9C, 0xAE9C, 0xB6BC, 0xB6BC, 0xB6DC, 0xBEDC, 0xBEFD, 0xC6FD, 0xC6FD,
  0xCF1D, 0xD73D, 0xD73D, 0xD73E, 0xDF3D, 0xDF5E, 0xDF5E, 0xE77D, 0xE77E, 0xEF9E, 0xEF7E, 0xEF7E, 0xE75D, 0xE75D, 0xE75D, 0xE75D,
  0xE73D, 0xE73D, 0xE75D, 0xE75D, 0xE75D, 0xE73D, 0xE73D, 0xDF3D, 0xDF1C, 0xDF1C, 0xDF1C, 0xDEFC, 0xDEFC, 0xDEFC, 0xDEFC, 0xDEFC,
  0xDF1C, 0xDF1C, 0xDF1C, 0xE71C, 0xE71C, 0xE71C, 0xE71C, 0xE73C, 0xE73C, 0xE73C, 0xE71C, 0xE71C, 0xE71C, 0xE71C, 0xE71B, 0xDEFB,
  0x8C71, 0x84B4, 0x8C71, 0x8492, 0x8472, 0x7C94, 0x74B5, 0x8CB3, 0x7476, 0x859C, 0xA534, 0x7CFC, 0x9D77, 0x9DDC, 0x9E1D, 0x9E3D,
  0x85BC, 0x859A, 0x85BB, 0x7D9B, 0x961B, 0xB6BD, 0xCEDD, 0xDF3D, 0xADDA, 0x7478, 0x7D9D, 0x5CFC, 0x4C79, 0x5375, 0x63B4, 0x94D3,
  0x6393, 0x4BF7, 0x3C19, 0x5394, 0x8C73, 0xB553, 0x4B74, 0x2A75, 0x8454, 0xA534, 0x6437, 0x22F6, 0x7CF8, 0xA557, 0xB575, 0xADB8,
  0xA5D9, 0xA5FA, 0xB619, 0xBE19, 0xCE38, 0xCE58, 0xC639, 0x95DC, 0x863E, 0x86BF, 0x9EFF, 0xA73E, 0x9EDF, 0x96DF, 0xA6FE, 0x8E7F,
  0x8E9F, 0xAF1F, 0xBF7F, 0xAEDE, 0xAF3F, 0x96DF, 0x96BF, 0x9E9F, 0x965E, 0x8E3E, 0x965E, 0xB6FF, 0x963E, 0x8DDE, 0x8DDD, 0x9E1E,
  0x857D, 0x7D3C, 0x8D9D, 0x7D5C, 0x8DBC, 0x8D9B, 0x751A, 0x6C98, 0x5371, 0x5B0E, 0x5B6F, 0x6C14, 0x6B4D, 0x7C10, 0x8C50, 0x8C71,
  0x8430, 0x7BCF, 0x632C, 0x5289, 0x31C8, 0x3A4A, 0x5351, 0x21ED, 0x2AF3, 0x2AB2, 0x21EE, 0x3271, 0x326F, 0x1949, 0x42CF, 0x114C,
  0x2A72, 0x2A93, 0x2252, 0x2A93, 0x19AD, 0x2A73, 0x4BF9, 0x5459, 0x3BDA, 0x3B99, 0x441B, 0x547C, 0x3B76, 0x5CBA, 0x2AB3, 0x43B8,
  0x5C9C, 0x2B55, 0x2A50, 0x2A73, 0x3270, 0x3271, 0x3250, 0x3251, 0x3272, 0x31CB, 0x31CA, 0x31EA, 0x320B, 0x3A2B, 0x3A0C, 0x3A2C,
  0x3A0A, 0x39EA, 0x39E9, 0x39E8, 0x39EA, 0x3A09, 0x422A, 0x422B, 0x422B, 0x424B, 0x424C, 0x426E, 0x424C, 0x4A6D, 0x4AD1, 0x428E,
  0x4AEF, 0x424B, 0x422A, 0x424B, 0x39EA, 0x738F, 0x8CD4, 0x7433, 0xA534, 0x9494, 0x63B3, 0x7413, 0x6C35, 0x6C78, 0x4B76, 0x42F3,
  0x4B13, 0x31EB, 0x31A8, 0x31A9, 0x3A4E, 0x3250, 0x324F, 0x32F3, 0x3B14, 0x2A52, 0x29EF, 0x2A0E, 0x218C, 0x32D2, 0x3314, 0x218C,
  0x198F, 0x4B11, 0x73F2, 0x73D2, 0x9CF4, 0x94F5, 0x9515, 0xA555, 0xB5B6, 0xC5F7, 0xD6DB, 0xE75D, 0xE73D, 0xE75D, 0xE75D, 0xDF5D,
  0xE73D, 0xDEFD, 0xD6FC, 0xD6FD, 0xD6FD, 0xD71E, 0xD71E, 0xD71E, 0xD71D, 0xDF5E, 0xD73E, 0xD75E, 0xE77E, 0xE75D, 0xE75D, 0xE75D,
  0xDF3D, 0xDF1C, 0xD6FC, 0xCEBB, 0xCE7A, 0xC639, 0xBE17, 0xBDD6, 0xBDB6, 0xB5B6, 0xB5B6, 0xAD96, 0xA596, 0xA576, 0xAD55, 0xAD54,
  0xAD55, 0xAD55, 0xAD55, 0xAD55, 0xAD75, 0xAD75, 0xB596, 0xB5B6, 0xB5B6, 0xBDF7, 0xD69A, 0xE71C, 0xEF5D, 0xEF5D, 0xDF3D, 0xCF1C,
  0xB6BC, 0xA67C, 0x9E5C, 0x9E5C, 0xA67C, 0xA67C, 0xA67C, 0xA67C, 0xA69C, 0xA69C, 0xAE9C, 0xAEBC, 0xB6BC, 0xB6DC, 0xBEDD, 0xBEDD,
  0xC6FD, 0xC71D, 0xCF1D, 0xCF1D, 0xD71D, 0xD71D, 0xDF3D, 0xE75D, 0xE77E, 0xEF9E, 0xF79E, 0xEF9E, 0xEF9E, 0xEF9E, 0xEF9E, 0xEF7E,
  0xEF9E, 0xEF7E, 0xEF7E, 0xEF7E, 0xEF7E, 0xEF7E, 0xEF7D, 0xEF7D, 0xEF5D, 0xEF5D, 0xE75D, 0xE73D, 0xE73D, 0xE73D, 0xE73C, 0xE73C,
  0xE73C, 0xE73C, 0xE73C, 0xE73C, 0xE73C, 0xE73C, 0xE73C, 0xE73C, 0xE73C, 0xE71C, 0xE71C, 0xE71C, 0xE71C, 0xE71C, 0xE71C, 0xDEFB,
  0x8C71, 0x8493, 0x8C51, 0x8493, 0x8471, 0x7495, 0x7C73, 0x84B3, 0x6437, 0x857B, 0x84F7, 0x7CB8, 0x8D18, 0x963D, 0xAE9E, 0xA5FC,
  0x857A, 0x9E3B, 0x961C, 0x95FB, 0x9E1B, 0xBE9D, 0xCEDC, 0xE75E, 0xB5FA, 0x8519, 0x7D9D, 0x653C, 0x5C16, 0x73F3, 0x73F3, 0x9493,
  0x5353, 0x3C1A, 0x3BB6, 0x6BF3, 0xAD54, 0x7C54, 0x32B3, 0x8CB4, 0xA534, 0x6C56, 0x43B7, 0x5438, 0xAD56, 0xB574, 0xADB7, 0x9DD9,
  0x9DFA, 0xBE18, 0xC619, 0xBE39, 0xB619, 0xA5DA, 0x95BB, 0x861D, 0x8E7E, 0x8EFF, 0xA75E, 0xAF3F, 0x971F, 0xA73F, 0xA71F, 0x96BF,
  0x973F, 0xBF7F, 0xBF5F, 0xAF5F, 0x9F1F, 0x9F1F, 0x9EDF, 0x967F, 0x8E5F, 0x8E7F, 0xA6FE, 0xB71E, 0x8E3E, 0x8E1E, 0x9E7E, 0x963E,
  0x85BD, 0x961D, 0x8DFD, 0x8E1D, 0x95FD, 0x7D7C, 0x74F9, 0x5B71, 0x5B6F, 0x5B0E, 0x6C35, 0x6B90, 0x7BCF, 0x9471, 0x94B2, 0x9CD3,
  0x94B2, 0x8430, 0x738E, 0x5AEB, 0x4228, 0x29A7, 0x5B90, 0x220C, 0x32D2, 0x3356, 0x2AB3, 0x2252, 0x4B73, 0x1109, 0x3A8F, 0x3290,
  0x19D0, 0x3336, 0x2AD4, 0x3317, 0x32F5, 0x2232, 0x43FB, 0x547B, 0x6D5C, 0x4C9D, 0x3C5C, 0x5D1E, 0x4C7B, 0x4C5A, 0x64FA, 0x3335,
  0x64DD, 0x43D9, 0x3313, 0x2A72, 0x3271, 0x2A30, 0x3270, 0x2A0E, 0x3AB4, 0x3251, 0x31EB, 0x31EC, 0x322D, 0x3A2D, 0x3A4D, 0x3A4D,
  0x3A6E, 0x3A2B, 0x420B, 0x39E9, 0x39E8, 0x41E9, 0x420A, 0x426D, 0x422C, 0x422B, 0x424B, 0x424C, 0x426D, 0x426C, 0x428E, 0x4AD1,
  0x42AE, 0x4B10, 0x424C, 0x422A, 0x422B, 0x422A, 0x8452, 0x7C55, 0x8453, 0xA513, 0x7C54, 0x6C14, 0x63D4, 0x7C74, 0x6438, 0x4356,
  0x42B3, 0x42B1, 0x31A9, 0x3188, 0x2989, 0x326F, 0x2A2F, 0x3270, 0x3B13, 0x3314, 0x2A72, 0x2A31, 0x2A50, 0x19CD, 0x3314, 0x32D3,
  0x21CE, 0x21F0, 0x5B91, 0x7413, 0x8CB4, 0xAD55, 0xA577, 0xB5D8, 0xCE9A, 0xDEFB, 0xDF1C, 0xDF1D, 0xDF5D, 0xDF3C, 0xD71C, 0xCEFC,
  0xC6DC, 0xC6DC, 0xBEBC, 0xB67B, 0xB65B, 0xB67B, 0xB67C, 0xB6BD, 0xB6BD, 0xBEBD, 0xC6DD, 0xCEFD, 0xCEDD, 0xDF3D, 0xDF3C, 0xDEFB,
  0xD6DB, 0xCEBB, 0xC67A, 0xCE38, 0xBE39, 0xB639, 0xB618, 0xBDF7, 0xB5D7, 0xADD7, 0xADD7, 0xADB7, 0xAD75, 0xAD75, 0xAD75, 0xAD75,
  0xAD75, 0xAD75, 0xAD75, 0xB596, 0xB596, 0xB5B6, 0xB5B6, 0xBDD7, 0xCE59, 0xDEDB, 0xEF5D, 0xEF5D, 0xE73C, 0xDF1C, 0xC6FC, 0xB6BC,
  0xAE7C, 0xAE7C, 0xAE7C, 0xAE9C, 0xAE9C, 0xA67C, 0xA67C, 0xA67C, 0xA69C, 0xAE9C, 0xAE9D, 0xAEBC, 0xAEBD, 0xB6DD, 0xB6BD, 0xB6BD,
  0xB6DD, 0xBEDD, 0xC6FD, 0xC6FD, 0xCF3D, 0xD73E, 0xDF5E, 0xE77E, 0xEF9E, 0xF7BE, 0xF79E, 0xF79E, 0xF79E, 0xF79E, 0xF79E, 0xF79E,
  0xF79E, 0xF79E, 0xF79E, 0xEF7D, 0xEF7D, 0xEF7D, 0xEF7D, 0xEF7D, 0xEF5D, 0xEF5D, 0xEF5D, 0xEF5D, 0xE73C, 0xE73C, 0xE73C, 0xE73C,
  0xE73C, 0xE73C, 0xE73C, 0xE73C, 0xE73C, 0xE73C, 0xE73C, 0xE73C, 0xE71C, 0xE71C, 0xE71C, 0xE71C, 0xE71C, 0xE71C, 0xE71C, 0xDEFB,
  0x8C71, 0x8493, 0x8C51, 0x8493, 0x8451, 0x7496, 0x8452, 0x7CB4, 0x5C37, 0x7D3B, 0x7CB8, 0x8C94, 0x7CFA, 0x8E3E, 0xAEBE, 0x9E1D,
  0x8519, 0xA61B, 0xA65C, 0xAE7C, 0xB65C, 0xBE9C, 0xCEFC, 0xE75D, 0xC67B, 0x959B, 0x7DBE, 0x64FA, 0x7435, 0x6BD3, 0x8C93, 0x73B3,
  0x4BB5, 0x341A, 0x4B54, 0xA4F4, 0x7453, 0x3AB3, 0x6BD3, 0xB554, 0x6C34, 0x43B6, 0x5C16, 0x7413, 0xB574, 0xA596, 0x9DD9, 0xA5F9,
  0xB618, 0xC638, 0x9DDA, 0x9599, 0x9DB9, 0xA5D9, 0x9DFB, 0x8E3D, 0x8EBE, 0xA75F, 0xA73E, 0xAF3F, 0x9F3F, 0xB77F, 0x9EFF, 0x9F5F,
  0xA77F, 0xCFBF, 0xB77E, 0xA73F, 0xA73F, 0x9EFF, 0x9EDF, 0x967F, 0x969F, 0x969F, 0xBF7F, 0xA6DF, 0x8E5F, 0x9E9E, 0xA6DE, 0x8E3F,
  0x967E, 0x9E9E, 0x965E, 0x965E, 0x85BE, 0x7D5C, 0x5B72, 0x5B50, 0x632D, 0x63B1, 0x7C34, 0x6B8E, 0x9491, 0x9CD3, 0xA534, 0xA534,
  0xA534, 0x94B2, 0x8430, 0x6B4D, 0x52AA, 0x3186, 0x530C, 0x3A8E, 0x2A2F, 0x3BD9, 0x3358, 0x2AF5, 0x4396, 0x322F, 0x112B, 0x53B4,
  0x2210, 0x2AD6, 0x3B98, 0x3377, 0x443C, 0x3357, 0x43DA, 0x54DE, 0x653D, 0x7DDE, 0x4CFE, 0x54FD, 0x6D9F, 0x4C7C, 0x655E, 0x5CD9,
  0x4C1B, 0x5C7C, 0x3B54, 0x3B75, 0x2A50, 0x320E, 0x324E, 0x324E, 0x3A90, 0x3B16, 0x3A2F, 0x320C, 0x3A2E, 0x3A70, 0x3A6E, 0x426E,
  0x42AF, 0x42AF, 0x3A2C, 0x3A2B, 0x3A09, 0x39E9, 0x420A, 0x426E, 0x4AAF, 0x424C, 0x424C, 0x424B, 0x426C, 0x42AE, 0x428E, 0x428F,
  0x4AF1, 0x4AAE, 0x52F1, 0x422B, 0x422B, 0x3A2A, 0x528D, 0x8C95, 0x6C14, 0x94B3, 0x94D2, 0x7413, 0x8454, 0x5BB3, 0x73F5, 0x53D8,
  0x42F4, 0x3A91, 0x3A4F, 0x2968, 0x2988, 0x218A, 0x324F, 0x2A0F, 0x32D2, 0x3B55, 0x3B15, 0x3271, 0x2A71, 0x2A71, 0x21ED, 0x3B34,
  0x32B2, 0x2A0F, 0x3272, 0x6BD2, 0x8474, 0xAD96, 0xBE39, 0xC69B, 0xC6BC, 0xC6BC, 0xC69B, 0xBE9B, 0xBE9B, 0xBE9C, 0xB67B, 0xB65A,
  0xB65B, 0xAE3B, 0xAE3B, 0xAE3C, 0xAE3C, 0xAE1B, 0xA5FB, 0xA5FB, 0xADFB, 0xAE1B, 0xA61C, 0xBE7C, 0xC6BC, 0xC6DD, 0xDF1C, 0xDEDB,
  0xD6BA, 0xCE7A, 0xBE39, 0xB639, 0xBE18, 0xBDF7, 0xB5F8, 0xAE1A, 0xAE19, 0xB5D8, 0xB5B6, 0xB595, 0xB596, 0xAD96, 0xAD75, 0xAD75,
  0xB596, 0xB596, 0xB5B6, 0xB5B6, 0xBDD7, 0xBDD7, 0xC618, 0xD6BA, 0xE73C, 0xEF5D, 0xEF3D, 0xEF5D, 0xE75D, 0xD71C, 0xC6DC, 0xBEDD,
  0xBEDC, 0xBEBC, 0xB6BC, 0xB69C, 0xAE9C, 0xAE9C, 0xA67C, 0xA67C, 0xA69C, 0xA67C, 0xA67C, 0xA67D, 0xA67D, 0xA67C, 0xA67C, 0xA69C,
  0xAE9C, 0xAE9C, 0xB6BD, 0xC6FD, 0xD73D, 0xDF5E, 0xE77E, 0xEF9E, 0xF7BE, 0xF79E, 0xF79E, 0xF79E, 0xF79E, 0xF79E, 0xF79E, 0xF79E,
  0xF79E, 0xF79E, 0xEF7D, 0xEF7D, 0xEF7D, 0xEF7D, 0xEF7D, 0xEF7D, 0xEF5D, 0xEF5D, 0xEF5D, 0xEF5D, 0xE73C, 0xE73C, 0xE73C, 0xE73C,
  0xE73C, 0xE73C, 0xE73C, 0xE73C, 0xE71C, 0xE71C, 0xE71C, 0xE71C, 0xE71C, 0xE71C, 0xE71C, 0xE71C, 0xE71C, 0xE71C, 0xE71C, 0xDEFB,
  0x8471, 0x8493, 0x8C71, 0x84B4, 0x8472, 0x74B6, 0x8451, 0x7496, 0x5C37, 0x753B, 0x84B7, 0x8C71, 0x6D1B, 0x7E1F, 0xA69E, 0x7D5B,
  0x7C97, 0xADFB, 0x9DDB, 0xBE7C, 0xC69C, 0xCE9B, 0xD6FC, 0xDF3D, 0xD6DC, 0x9DFC, 0x8DFD, 0x5478, 0x6BD4, 0x6BD3, 0x94D3, 0x5B52,
  0x3C19, 0x3397, 0x7413, 0x6BD4, 0x6BD3, 0x4B33, 0x94D4, 0x8474, 0x2AD5, 0x4354, 0x7433, 0x8C74, 0xA597, 0xA5B8, 0xA5F8, 0xAE19,
  0xC617, 0x957A, 0x8559, 0xB5D8, 0xC618, 0xA5D9, 0x8DFC, 0x865E, 0x8F1F, 0xAF3E, 0xAF3F, 0xA73F, 0xA75F, 0xAF5F, 0x9F3F, 0x9F7F,
  0xBFBF, 0xCFBF, 0x9F1F, 0xA73F, 0xA73F, 0x9F1F, 0x9EBF, 0x967F, 0x969F, 0xA6FF, 0xC79F, 0x969F, 0x96BF, 0xAF1F, 0x9EBF, 0x96DE,
  0xA71E, 0x9EBE, 0xA6DE, 0x8E1D, 0x8E1E, 0x63F4, 0x5330, 0x632C, 0x5B51, 0x7496, 0x73D0, 0x8C71, 0xA4F4, 0xAD55, 0xB596, 0xB5B6,
  0xB596, 0xA534, 0x94B2, 0x7BEF, 0x632C, 0x4208, 0x4A69, 0x4AED, 0x19AC, 0x4419, 0x441B, 0x3BBA, 0x43B8, 0x4B34, 0x090B, 0x32B2,
  0x53B6, 0x1A54, 0x3C1B, 0x443A, 0x4C7D, 0x5CFE, 0x445B, 0x655E, 0x5D5F, 0x75FE, 0x7E1E, 0x551E, 0x657F, 0x6D7E, 0x4C9D, 0x7DBE,
  0x5478, 0x5C9E, 0x3B35, 0x4BF7, 0x32D3, 0x29ED, 0x322E, 0x3270, 0x324F, 0x4334, 0x3AD4, 0x3A4E, 0x3A2D, 0x4271, 0x3A6F, 0x428F,
  0x3AAE, 0x42D3, 0x42B0, 0x3A4C, 0x424C, 0x3A0A, 0x4209, 0x3A2A, 0x4AF2, 0x42AF, 0x424D, 0x426C, 0x424C, 0x428D, 0x4AD1, 0x42AF,
  0x42F0, 0x4AD1, 0x4ACF, 0x4ACF, 0x422B, 0x422B, 0x39EA, 0x5B50, 0x8495, 0x6C13, 0x94B3, 0x6BF3, 0x7413, 0x6C13, 0x7412, 0x5BB5,
  0x4B78, 0x3A91, 0x3230, 0x31EC, 0x2147, 0x2148, 0x2989, 0x2A4F, 0x2A4F, 0x3B34, 0x4376, 0x3AF4, 0x3271, 0x32B3, 0x3270, 0x2A2E,
  0x4B95, 0x3AB0, 0x3A90, 0x5313, 0x84B5, 0xADDA, 0xBE9B, 0xB67B, 0xAE5B, 0xAE3B, 0xAE3B, 0xAE1B, 0xADFB, 0xB61B, 0xB63B, 0xB63B,
  0xBE3A, 0xC63A, 0xC639, 0xBE5A, 0xB65B, 0xAE5B, 0xAE1B, 0x9D9A, 0x9D7A, 0x9D9A, 0x9D9A, 0x95BB, 0xAE1C, 0xBE7C, 0xC6BC, 0xCEBB,
  0xC659, 0xC618, 0xBDF7, 0xBDF8, 0xAE19, 0xAE19, 0xB5F9, 0xB5F7, 0xB5F7, 0xB5D8, 0xADD8, 0xB5B6, 0xB595, 0xB596, 0xB596, 0xB596,
  0xB5B6, 0xB5B6, 0xBDD7, 0xBDD7, 0xC618, 0xD69A, 0xE71C, 0xEF5D, 0xEF5D, 0xE75D, 0xE73C, 0xE73D, 0xE75D, 0xE73D, 0xDF3D, 0xD71D,
  0xD71D, 0xCEFD, 0xC6FD, 0xC6FC, 0xBEFD, 0xBEDD, 0xBEDD, 0xBEDD, 0xBEFD, 0xBEFD, 0xBEDD, 0xBEFD, 0xBEFD, 0xBEFD, 0xBEFD, 0xBEFD,
  0xC6FD, 0xC71D, 0xD73D, 0xDF5E, 0xE77E, 0xEF9E, 0xF79E, 0xF7BE, 0xF79E, 0xF79E, 0xF79E, 0xF79E, 0xF79E, 0xF79E, 0xF79E, 0xF79E,
  0xEF7D, 0xEF7D, 0xEF7D, 0xEF7D, 0xEF7D, 0xEF7D, 0xEF7D, 0xEF7D, 0xEF5D, 0xEF5D, 0xEF5D, 0xEF5D, 0xE73C, 0xE73C, 0xE73C, 0xE73C,
  0xE73C, 0xE73C, 0xE71C, 0xE71C, 0xE71C, 0xE71C, 0xE71C, 0xE71C, 0xE71C, 0xE71C, 0xE71C, 0xE71C, 0xE71C, 0xE71C, 0xE71C, 0xDEFB,
  0x8471, 0x8493, 0x8C71, 0x84B4, 0x8473, 0x6C96, 0x8C30, 0x7496, 0x5C37, 0x7D39, 0x8CD4, 0x8C51, 0x6D5B, 0x7DFE, 0x9E7E, 0x5C58,
  0x7C75, 0xADFA, 0x9559, 0xA5FB, 0xB65B, 0xCE7B, 0xDEFD, 0xD6FE, 0xDF1C, 0xAE7D, 0x8E1D, 0x4BD6, 0x5B53, 0x8473, 0x8413, 0x4353,
  0x3C1A, 0x4355, 0x5352, 0x7C12, 0x7434, 0x42F2, 0x9CF4, 0x3313, 0x2273, 0x8434, 0x7413, 0x8D15, 0xA596, 0xADB7, 0xA61A, 0xADB8,
  0x7498, 0x9559, 0xC618, 0xBE17, 0xADB8, 0x95BA, 0x7DDD, 0x8E7F, 0xA71F, 0x9EFE, 0xB75F, 0x9F1F, 0xAF3F, 0xA73F, 0x9F7F, 0xA77F,
  0xCFDF, 0xA73F, 0x9EFF, 0xA71F, 0xA71F, 0x9EFF, 0x969F, 0x969F, 0x96BF, 0xB77F, 0xBF5E, 0x969F, 0xAF5F, 0xA6FF, 0x96FF, 0xAF7F,
  0xA71F, 0xAF3F, 0x969E, 0x967E, 0x7497, 0x5372, 0x5B0D, 0x632E, 0x6C54, 0x8473, 0x8430, 0xAD55, 0xB596, 0xBDD7, 0xBDF7, 0xBDF7,
  0xBDD7, 0xAD75, 0xA514, 0x8C71, 0x73AE, 0x5ACB, 0x4A69, 0x5B4C, 0x1929, 0x43D8, 0x4CDE, 0x445D, 0x441B, 0x53F7, 0x11CF, 0x116E,
  0x5C58, 0x3B17, 0x33BA, 0x54FF, 0x4CDE, 0x5D9F, 0x5D7F, 0x5D5E, 0x75FF, 0x5D9E, 0x867E, 0x6DFE, 0x553E, 0x75DE, 0x54BD, 0x5CFE,
  0x759B, 0x545B, 0x43B9, 0x3B34, 0x53D7, 0x2A0F, 0x322E, 0x3A91, 0x324F, 0x4312, 0x4314, 0x3AF4, 0x3A4E, 0x3A70, 0x42D1, 0x3A8E,
  0x42B0, 0x42CF, 0x4B34, 0x42AF, 0x424D, 0x424D, 0x3A0A, 0x420A, 0x426E, 0x5376, 0x428E, 0x428F, 0x426E, 0x4A6D, 0x42AE, 0x4B13,
  0x4ACF, 0x4B32, 0x42D0, 0x4ACF, 0x428E, 0x422B, 0x422A, 0x3A2C, 0x7C32, 0x7433, 0x7C32, 0x7C13, 0x63F3, 0x6C13, 0x73F2, 0x7C11,
  0x5394, 0x3B36, 0x322F, 0x29ED, 0x29AA, 0x2127, 0x2127, 0x29CB, 0x324F, 0x3AB2, 0x43B5, 0x4BB7, 0x4B35, 0x42F3, 0x3AD3, 0x3290,
  0x3A90, 0x5395, 0x5331, 0x7476, 0x9579, 0xA5BA, 0xAE1A, 0xADFA, 0xAE1A, 0xB61A, 0xADFB, 0xBE3B, 0xBE5A, 0xC65A, 0xCE59, 0xCE9A,
  0xCE9A, 0xCE38, 0xC638, 0xC617, 0xC638, 0xBE19, 0xAE3A, 0xB63B, 0xADDA, 0x8D7A, 0x8D5A, 0x9579, 0x8D5A, 0x95BC, 0xA61C, 0xC65A,
  0xBE18, 0xADF9, 0xB5D8, 0xB5D8, 0xB5F8, 0xAE19, 0xBDF7, 0xBDF7, 0xBDD7, 0xBDD7, 0xB5D7, 0xADB8, 0xADB8, 0xB5B6, 0xB5B6, 0xB5B6,
  0xB5D7, 0xBDD6, 0xBDF7, 0xCE59, 0xDEFB, 0xEF5D, 0xEF7D, 0xEF5D, 0xEF5D, 0xEF5D, 0xEF5D, 0xEF5D, 0xEF5D, 0xEF5D, 0xEF7D, 0xEF7D,
  0xEF7D, 0xEF7E, 0xEF7E, 0xEF7E, 0xEF7E, 0xEF7E, 0xEF7E, 0xEF7E, 0xEF9E, 0xEF9E, 0xEF9E, 0xEF9E, 0xEF9E, 0xEF9E, 0xF79F, 0xEF9E,
  0xEF9E, 0xF79E, 0xF7BE, 0xF79E, 0xF79E, 0xF7BE, 0xF79E, 0xF79E, 0xF79E, 0xF79E, 0xF79E, 0xF79E, 0xF79E, 0xF79E, 0xF79E, 0xF79E,
  0xEF7D, 0xEF7D, 0xEF7D, 0xEF7D, 0xEF7D, 0xEF7D, 0xEF7D, 0xEF7D, 0xEF5D, 0xEF5D, 0xEF5D, 0xEF5D, 0xE73C, 0xE73C, 0xE73C, 0xE73C,
  0xE73C, 0xE73C, 0xE71C, 0xE71C, 0xE71C, 0xE71C, 0xE71C, 0xE71C, 0xE71C, 0xE71C, 0xE71C, 0xE71C, 0xE71C, 0xE71C, 0xE71C, 0xDEFB,
  0x8C71, 0x8493, 0x8C92, 0x84B3, 0x7C94, 0x7495, 0x9430, 0x7495, 0x6C36, 0x74F9, 0x94D3, 0x8451, 0x6D7C, 0x7DFE, 0x861C, 0x4356,
  0x8495, 0x9D78, 0x9517, 0x957A, 0x957A, 0xB63A, 0xD71D, 0xDF1D, 0xDF1D, 0xC6FE, 0x8DBC, 0x4355, 0x5B33, 0x9CF3, 0x6352, 0x3BB7,
  0x3BB9, 0x2A51, 0x7BF2, 0x9CF4, 0x42F2, 0x73F4, 0x6393, 0x3AF3, 0x5352, 0x9CF4, 0x6434, 0x9D56, 0xAD54, 0x9D99, 0x84F7, 0x6C77,
  0x7D39, 0xC618, 0xBDF6, 0xB5B7, 0xA598, 0x857B, 0x85FD, 0x96BF, 0xAF1E, 0x9EBF, 0xB75F, 0x96DF, 0xA71E, 0xA73F, 0x9F5F, 0xBF9F,
  0xC79F, 0x9EDF, 0x9EBF, 0x9EBF, 0x9EFF, 0x9EBF, 0x967F, 0x969F, 0x96DF, 0xC79F, 0x9EFF, 0xA71F, 0xAF5E, 0x971F, 0xA79F, 0xB79F,
  0xAF5E, 0x9F1E, 0x9EFF, 0x7CF7, 0x53B4, 0x5B0E, 0x5B4D, 0x6BF3, 0x8CF5, 0x8431, 0xAD74, 0xB5B7, 0xBDF7, 0xC618, 0xC618, 0xC618,
  0xBDF7, 0xB5B6, 0xAD55, 0x9CF3, 0x8430, 0x736D, 0x528A, 0x738E, 0x2167, 0x3B75, 0x5D7F, 0x4CBE, 0x4C7D, 0x5C5A, 0x2232, 0x114E,
  0x32B4, 0x64DB, 0x337B, 0x551E, 0x5D7F, 0x5D7F, 0x6DFF, 0x5D9F, 0x75FF, 0x763F, 0x65FE, 0x96BE, 0x5D9E, 0x6D9E, 0x5D3D, 0x4C7E,
  0x64FC, 0x6CF9, 0x4BDA, 0x3292, 0x5C38, 0x3A91, 0x322E, 0x3AD2, 0x3290, 0x42F2, 0x4313, 0x4355, 0x42D2, 0x3A4E, 0x42F2, 0x3AD0,
  0x42B0, 0x42D0, 0x4B11, 0x5355, 0x428E, 0x428E, 0x424D, 0x422B, 0x3A0A, 0x5334, 0x5396, 0x428E, 0x4AB0, 0x4A8F, 0x42AE, 0x4AD0,
  0x4B32, 0x4AF1, 0x4B53, 0x42AF, 0x4ACF, 0x424C, 0x422B, 0x3A0A, 0x4AAE, 0x7C53, 0x73F2, 0x8431, 0x63D2, 0x6BF3, 0x5BB4, 0x73D1,
  0x6BCF, 0x5352, 0x3AD4, 0x29ED, 0x29CB, 0x216A, 0x2126, 0x2148, 0x322D, 0x3AB2, 0x53F7, 0x5C59, 0x53B7, 0x3A91, 0x3A91, 0x3B13,
  0x42D1, 0x5BB4, 0x8519, 0x84F7, 0x8CF7, 0x8CF8, 0x9D38, 0xBE18, 0xBE18, 0xC659, 0xBE59, 0xBE5A, 0xC659, 0xBE5A, 0xC638, 0xC618,
  0xCE7A, 0xC659, 0xBDD7, 0xBDD7, 0xBDD7, 0xC5F8, 0xC618, 0xB639, 0xBE5A, 0xC65A, 0xA59A, 0x851A, 0x8D5A, 0x855A, 0x859C, 0x9DDB,
  0xADF9, 0xADF8, 0xA5F9, 0xADD8, 0xB5B7, 0xBDD6, 0xB5F8, 0xB5F8, 0xBDF7, 0xC5D7, 0xBDD7, 0xBDD7, 0xB5B7, 0xB5B7, 0xBDD7, 0xBDD6,
  0xBDF7, 0xBE18, 0xC67A, 0xD6FC, 0xDF3D, 0xDF3D, 0xE73D, 0xE73D, 0xE73D, 0xE73D, 0xE73D, 0xE75D, 0xE75D, 0xEF5D, 0xEF5D, 0xEF7D,
  0xEF7D, 0xF79E, 0xF79E, 0xF79E, 0xF79E, 0xF7BE, 0xF7BE, 0xF7BE, 0xF7BE, 0xF7BE, 0xF7BE, 0xF7BE, 0xF7BE, 0xF7BE, 0xF7BE, 0xF7BE,
  0xF7BE, 0xF7BE, 0xF7BE, 0xF7BE, 0xF7BE, 0xF7BE, 0xF79E, 0xF79E, 0xF79E, 0xF79E, 0xF79E, 0xF79E, 0xF79E, 0xF79E, 0xF79E, 0xF79E,
  0xEF7D, 0xEF7D, 0xEF7D, 0xEF7D, 0xEF7D, 0xEF7D, 0xEF7D, 0xEF7D, 0xEF5D, 0xEF5D, 0xEF5D, 0xEF5D, 0xE73C, 0xE73C, 0xE73C, 0xE73C,
  0xE73C, 0xE73C, 0xE71C, 0xE71C, 0xE71C, 0xE71C, 0xE71C, 0xE71C, 0xE71C, 0xE71C, 0xE71C, 0xE71C, 0xDEFB, 0xDEFB, 0xDEFB, 0xDEFB,
  0x8C71, 0x84B3, 0x8C93, 0x8CB3, 0x7C95, 0x7C94, 0x8C4F, 0x7C95, 0x5C37, 0x649B, 0x94D3, 0x8453, 0x657E, 0x75DD, 0x6D5B, 0x2AB3,
  0x8CB5, 0x84D7, 0x94F5, 0x84D8, 0x84D8, 0x9D99, 0xC6DD, 0xD71C, 0xDF1D, 0xD75E, 0x8539, 0x3AF4, 0x73F3, 0x9CB3, 0x42F3, 0x33F8,
  0x2AD4, 0x6BB1, 0xAD13, 0x6BF2, 0x5353, 0x5333, 0x5373, 0x4B12, 0x8474, 0x8C93, 0x7434, 0xA554, 0x9D36, 0x6CB7, 0x7CB6, 0x855A,
  0xB5D7, 0xB5B5, 0xA576, 0x9D77, 0x855A, 0x7D7B, 0x8E1E, 0x9EBF, 0x9E9F, 0xA6BF, 0xAF1F, 0x969F, 0xA6FF, 0x96FF, 0xAF5F, 0xCFBF,
  0xAF3F, 0x9E9F, 0x965F, 0x965F, 0x9EBF, 0x9E9F, 0x965F, 0x969F, 0xA71F, 0xBF7E, 0x9EDF, 0xB77F, 0x9F1F, 0x9F5F, 0xB7BF, 0xAF9F,
  0xAF5E, 0xA73F, 0x8D97, 0x5372, 0x5B71, 0x5B0B, 0x6BF3, 0x8CD4, 0x8CF6, 0x9CF4, 0xBE17, 0xC618, 0xC638, 0xC638, 0xC638, 0xC638,
  0xC618, 0xBDF7, 0xB596, 0xA534, 0x94B2, 0x83EF, 0x5ACB, 0x73AF, 0x31A8, 0x32AF, 0x6DFF, 0x4D3E, 0x4CDE, 0x649B, 0x2A94, 0x11B0,
  0x11B0, 0x5C5A, 0x545C, 0x447D, 0x5D9F, 0x5D7F, 0x65BF, 0x6DDF, 0x65BF, 0x865F, 0x65DF, 0x7E5E, 0x865F, 0x4CDE, 0x655E, 0x4C3C,
  0x547D, 0x64B9, 0x649B, 0x2A72, 0x4B96, 0x4B95, 0x2A2F, 0x3AD0, 0x42D3, 0x3AB0, 0x4B54, 0x42D1, 0x4396, 0x42B0, 0x3AD1, 0x4354,
  0x42B0, 0x42F1, 0x42F0, 0x5375, 0x4B53, 0x426E, 0x42AF, 0x424D, 0x3A2B, 0x3A2D, 0x6419, 0x4B53, 0x42D0, 0x42F1, 0x4AF1, 0x42D0,
  0x4B11, 0x4B33, 0x4B12, 0x4B53, 0x428E, 0x42AF, 0x3A2B, 0x420A, 0x3A0B, 0x6392, 0x6BF3, 0x7C11, 0x6BD1, 0x6BD1, 0x63F4, 0x5BB4,
  0x638F, 0x630C, 0x3AF2, 0x3271, 0x21AC, 0x29CC, 0x2148, 0x2127, 0x2969, 0x3AD0, 0x5BB6, 0x53D7, 0x4396, 0x3AF4, 0x3270, 0x3AF3,
  0x5395, 0x5BB4, 0x63F5, 0x6C15, 0x6392, 0x7415, 0x84D7, 0xB5B8, 0xC617, 0xC618, 0xC638, 0xBE19, 0xBE19, 0xB619, 0xB619, 0xBE18,
  0xBDF7, 0xC639, 0xC618, 0xB5B6, 0xBDD6, 0xBDD7, 0xC617, 0xC638, 0xB619, 0xB61A, 0xC679, 0xB61A, 0x8D5A, 0x8D7B, 0x857B, 0x7D9B,
  0x95BA, 0xAD75, 0xB575, 0xADB7, 0xADD8, 0xB5D7, 0xBDD7, 0xB5F8, 0xB5F8, 0xBDD7, 0xBDD6, 0xBDD7, 0xBDD6, 0xBDD7, 0xBDD7, 0xBDF7,
  0xBDF7, 0xBE59, 0xBE9B, 0xBE9C, 0xBE9C, 0xBEBB, 0xC6BB, 0xC6DC, 0xC6DC, 0xC6DC, 0xCEDC, 0xCEFC, 0xCEFC, 0xD71C, 0xD73C, 0xD73D,
  0xDF3D, 0xDF5D, 0xE75D, 0xE75E, 0xE77E, 0xE77E, 0xEF7E, 0xEF9E, 0xEF9E, 0xEF9E, 0xEF9E, 0xF79E, 0xF7BE, 0xF7BE, 0xF7BE, 0xF7BE,
  0xF7BE, 0xF7BE, 0xF7BE, 0xF7BE, 0xF7BE, 0xF7BE, 0xF7BE, 0xF79E, 0xF79E, 0xF79E, 0xF79E, 0xF79E, 0xF79E, 0xF79E, 0xF79E, 0xEF7D,
  0xEF7D, 0xEF7D, 0xEF7D, 0xEF7D, 0xEF7D, 0xEF7D, 0xEF7D, 0xEF5D, 0xEF5D, 0xEF5D, 0xEF5D, 0xEF5D, 0xE73C, 0xE73C, 0xE73C, 0xE73C,
  0xE73C, 0xE73C, 0xE71C, 0xE71C, 0xE71C, 0xE71C, 0xE71C, 0xE71C, 0xE71C, 0xE71C, 0xE71C, 0xE71C, 0xE71C, 0xDEFB, 0xDEFB, 0xDEFB,
  0x8C71, 0x84B3, 0x8CB3, 0x8CB3, 0x7C95, 0x7C74, 0x9450, 0x7475, 0x4C19, 0x6499, 0x94F3, 0x7C95, 0x555F, 0x75DD, 0x5479, 0x2231,
  0x94B5, 0x7476, 0x8CD5, 0x6417, 0x6BD4, 0x84D8, 0xA61B, 0xC69C, 0xDF1D, 0xDF5E, 0x8CF9, 0x4312, 0x94D4, 0x73F2, 0x3335, 0x2B78,
  0x42F1, 0xA4D2, 0x8C92, 0x63B2, 0x5331, 0x3291, 0x5B73, 0x5392, 0xA514, 0x73F3, 0x8C93, 0x94B4, 0x6C96, 0x8D37, 0x855A, 0x9D77,
  0xAD75, 0x9D36, 0xA556, 0x8539, 0x74FA, 0x8D9B, 0x8E3F, 0xA69E, 0x8E1F, 0xA6DE, 0x9E9F, 0x8E3F, 0x969F, 0x9EDF, 0xBF5E, 0xBF5E,
  0x9EDF, 0x965F, 0x961F, 0x963F, 0x967F, 0x965F, 0x963F, 0x969F, 0xBF5F, 0xAEFE, 0xA71E, 0xA73F, 0x973F, 0xB7BF, 0xB79F, 0xB77F,
  0xA73F, 0xA69B, 0x5B50, 0x5BB3, 0x62EA, 0x6C34, 0x7C93, 0xA5B7, 0x8CD4, 0xBDD7, 0xC638, 0xC638, 0xCE59, 0xCE59, 0xCE59, 0xC638,
  0xCE59, 0xCE79, 0xC638, 0xB5B6, 0xAD55, 0x9492, 0x6B4D, 0x7C0F, 0x422A, 0x2A0B, 0x6DDD, 0x5DBE, 0x4D1E, 0x64DD, 0x32B5, 0x11B2,
  0x19B0, 0x3B17, 0x64FC, 0x3BFB, 0x551F, 0x5DBF, 0x5D7F, 0x65BF, 0x5D7F, 0x761F, 0x75FF, 0x5DBE, 0x867E, 0x549C, 0x4C5C, 0x4BFA,
  0x4BFB, 0x43B8, 0x6CDA, 0x3AF4, 0x32B3, 0x4BD7, 0x326F, 0x3A70, 0x4314, 0x3A8F, 0x4B75, 0x42B1, 0x4354, 0x4375, 0x428F, 0x4374,
  0x4B12, 0x42F1, 0x4B12, 0x4331, 0x5BF7, 0x42F0, 0x428F, 0x42AF, 0x426D, 0x3A2C, 0x4B13, 0x6C7B, 0x42F1, 0x4B13, 0x4B13, 0x4B12,
  0x4AF1, 0x4B32, 0x4B12, 0x4B73, 0x42F0, 0x4A8E, 0x426D, 0x3A0A, 0x39E9, 0x52EE, 0x63D3, 0x73B2, 0x73D0, 0x63B0, 0x7BF2, 0x53B3,
  0x5372, 0x5B4E, 0x4B11, 0x3272, 0x3210, 0x21AC, 0x29AB, 0x2127, 0x2128, 0x320B, 0x4313, 0x3B14, 0x43B7, 0x4397, 0x3292, 0x42F1,
  0x4B74, 0x4B33, 0x4B11, 0x63B4, 0x6393, 0x6391, 0x7C35, 0x8CF7, 0xB5D7, 0xBDF7, 0xBE18, 0xB619, 0xB5F8, 0xBDF7, 0xB5F8, 0xBDF8,
  0xBE18, 0xBDF8, 0xBE59, 0xBE39, 0xB5D7, 0xBDF8, 0xBE19, 0xBE18, 0xC619, 0xB5F9, 0xA5DA, 0xB61A, 0xB61A, 0x959A, 0x8D9C, 0x859C,
  0x7D5B, 0x9579, 0xB575, 0xB595, 0xADB6, 0xADD8, 0xB5F8, 0xBDF7, 0xB5F8, 0xADF9, 0xBDF7, 0xBDD7, 0xBDF7, 0xBDF7, 0xBDF7, 0xBDF7,
  0xC618, 0xC618, 0xC618, 0xC638, 0xC638, 0xC638, 0xC639, 0xC639, 0xBE39, 0xBE5A, 0xBE7A, 0xC67A, 0xC67A, 0xC69B, 0xC6BB, 0xCEDC,
  0xCEDC, 0xCEFC, 0xCEFC, 0xCF1D, 0xD71D, 0xD71D, 0xD73D, 0xD73D, 0xD73D, 0xD73D, 0xD73D, 0xD73D, 0xD75E, 0xD75E, 0xD73E, 0xD73E,
  0xD75E, 0xD75E, 0xDF5E, 0xDF5E, 0xDF5E, 0xEF7D, 0xF79E, 0xF79E, 0xF79E, 0xF79E, 0xF79E, 0xF79E, 0xF79E, 0xF79E, 0xEF7D, 0xEF7D,
  0xEF7D, 0xEF7D, 0xEF7D, 0xEF7D, 0xEF7D, 0xEF5D, 0xEF5D, 0xEF5D, 0xEF5D, 0xEF5D, 0xEF5D, 0xE73C, 0xE73C, 0xE73C, 0xE73C, 0xE73C,
  0xE73C, 0xE73C, 0xE71C, 0xE71C, 0xE71C, 0xE71C, 0xE71C, 0xE71C, 0xE71C, 0xE71C, 0xE71C, 0xE71C, 0xE6FC, 0xDEFB, 0xDF1B, 0xDEFB,
  0x8C71, 0x84B3, 0x84D4, 0x8CB3, 0x7495, 0x8474, 0x9470, 0x7454, 0x4BF9, 0x7CD6, 0x94F5, 0x74B7, 0x553F, 0x75BC, 0x3B96, 0x19AF,
  0x7475, 0x7435, 0x8494, 0x53D7, 0x5311, 0x7455, 0x957A, 0xA5DB, 0xBEBC, 0xD75E, 0xA579, 0x5332, 0x94D4, 0x4B32, 0x3336, 0x2AF4,
  0x6BB1, 0xA4F2, 0x6BB2, 0x73D1, 0x3270, 0x4B32, 0x5372, 0x8453, 0x9D13, 0x6BF3, 0x7C32, 0x6C14, 0x855A, 0x8D58, 0x9557, 0x9D15,
  0x8CF5, 0x9D36, 0x8D37, 0x8519, 0x7CD8, 0x8DDD, 0x963D, 0x9E3D, 0x85BE, 0xA6BE, 0x961F, 0x8DFF, 0x965E, 0xAEFE, 0xB6DE, 0xAF1E,
  0x967F, 0x961F, 0x8D9F, 0x8DDF, 0x963F, 0x961F, 0x8E5E, 0x9E9E, 0xBF3E, 0x969E, 0xA6FE, 0x96FF, 0xAF7F, 0xB79F, 0xB77F, 0xA73F,
  0xAF3D, 0x6411, 0x6437, 0x632D, 0x6BF2, 0x7C95, 0xA5B6, 0xA597, 0xA556, 0xC659, 0xCE78, 0xCE59, 0xCE59, 0xCE59, 0xCE59, 0xDEDB,
  0xD6BA, 0xB5B6, 0xAD55, 0xAD55, 0x9CF3, 0x9492, 0x6B4D, 0x73EE, 0x4A6B, 0x2A0B, 0x655C, 0x6E1F, 0x553E, 0x6CFD, 0x3295, 0x1192,
  0x2210, 0x2296, 0x5C7C, 0x43B7, 0x3BFC, 0x553F, 0x5D5F, 0x5D3F, 0x5D5F, 0x5D5F, 0x7DFE, 0x551F, 0x657F, 0x64FB, 0x2AF6, 0x4398,
  0x3337, 0x4378, 0x4B74, 0x53D5, 0x2230, 0x4B76, 0x3AB0, 0x322F, 0x42F2, 0x3A6F, 0x4313, 0x4313, 0x42D1, 0x4BB6, 0x42F2, 0x4332,
  0x4BB4, 0x4AF1, 0x4B31, 0x4B11, 0x53B4, 0x5BF7, 0x42AE, 0x4AF1, 0x42B0, 0x428E, 0x426E, 0x6439, 0x5C38, 0x42F3, 0x4B54, 0x4B33,
  0x4B33, 0x4B32, 0x4B33, 0x4B11, 0x4B73, 0x3AAF, 0x428E, 0x3A2B, 0x39EA, 0x4209, 0x6BB2, 0x5B72, 0x7BF1, 0x6391, 0x73F0, 0x63F3,
  0x4B51, 0x5AEC, 0x5B50, 0x3AF3, 0x2A2F, 0x29EE, 0x21AC, 0x2169, 0x2127, 0x2148, 0x322D, 0x3AB2, 0x3B75, 0x43D8, 0x3B36, 0x4B11,
  0x7C75, 0x5395, 0x5B74, 0x5352, 0x63D4, 0x63B2, 0x6BB3, 0x7415, 0x8CF7, 0xBDF8, 0xBDF7, 0xBDF8, 0xB5F8, 0xBDD8, 0xBDF8, 0xBDF8,
  0xBDF8, 0xBE18, 0xBDF8, 0xC65A, 0xBE7A, 0xB619, 0xBE39, 0xB619, 0xBDF8, 0xB5D7, 0xBDD7, 0xADB7, 0xADB9, 0xADF9, 0x959A, 0x95BB,
  0x8DBC, 0x7D5B, 0x8D58, 0xA576, 0xB596, 0xBDB6, 0xB5D8, 0xADD9, 0xB5D7, 0xB5D8, 0xADF9, 0xBDF8, 0xBDF7, 0xBDF7, 0xBDF7, 0xC618,
  0xC618, 0xC618, 0xC618, 0xC618, 0xBDF7, 0xBDF7, 0xBDF7, 0xBDF7, 0xC5F8, 0xC618, 0xC618, 0xC638, 0xC638, 0xCE59, 0xCE79, 0xD69A,
  0xD6BA, 0xD6DB, 0xDEDB, 0xDEFB, 0xDEFC, 0xDF1C, 0xDF1C, 0xDF1C, 0xDF1C, 0xDF1C, 0xD71D, 0xD71D, 0xD71D, 0xCF1D, 0xCEFD, 0xC6FC,
  0xC6DC, 0xBEDC, 0xBEBC, 0xB6BC, 0xBEBC, 0xC6FD, 0xE75E, 0xF79E, 0xF79E, 0xF79E, 0xF79E, 0xEF7E, 0xEF9E, 0xF79E, 0xEF7D, 0xEF7D,
  0xEF7D, 0xEF7D, 0xEF7D, 0xEF7D, 0xEF7D, 0xEF5D, 0xEF5D, 0xEF5D, 0xEF5D, 0xEF5D, 0xEF5D, 0xE73C, 0xE73C, 0xE73C, 0xE73C, 0xE73C,
  0xE73C, 0xE73C, 0xE73C, 0xE71C, 0xE71C, 0xE71C, 0xE71C, 0xE71C, 0xE71C, 0xE71C, 0xE71C, 0xE71C, 0xE71C, 0xE6FC, 0xDEFC, 0xDEFB,
  0x9492, 0x8CD3, 0x84D5, 0x8CB3, 0x7496, 0x8C93, 0x9491, 0x7435, 0x4C39, 0x84D6, 0x94F4, 0x6CD9, 0x4D3D, 0x6D9C, 0x22B3, 0x198E,
  0x5BD5, 0x7434, 0x6C35, 0x43B7, 0x4291, 0x6C34, 0x8CD7, 0x9D79, 0x9E1C, 0xBEBD, 0xADDA, 0x63B3, 0x7433, 0x32D2, 0x2B15, 0x3AB1,
  0x8C52, 0x9492, 0x5B71, 0x52F1, 0x2A30, 0x5BB3, 0x6392, 0x9CD3, 0x94B3, 0x5331, 0x7414, 0x8579, 0x855A, 0x9D36, 0x94F6, 0x84B5,
  0x9D36, 0x9517, 0x8D58, 0x8CF6, 0x7CF9, 0x8DFD, 0x9E3C, 0x857C, 0x855E, 0xA65E, 0x859F, 0x857F, 0xAE9E, 0x9E7E, 0xB6DF, 0x9E7F,
  0x8DFF, 0x8D9F, 0x84FC, 0x853E, 0x8DDF, 0x8DDF, 0x8DFF, 0xAE9E, 0xAEBF, 0x965E, 0x96DF, 0x973F, 0xB79F, 0xAF7E, 0xAF5E, 0xA77F,
  0x84F4, 0x6418, 0x6C15, 0x6B8F, 0x84F8, 0xAD96, 0xC69A, 0xADD8, 0xC65A, 0xD69A, 0xCE79, 0xCE59, 0xCE59, 0xD6BA, 0xD69A, 0x9CD3,
  0x73AE, 0xA514, 0xDEDB, 0xDEFB, 0xD6BA, 0xCE59, 0x9CD3, 0x8CB1, 0x5B2E, 0x3A4D, 0x5C97, 0x765F, 0x557F, 0x6D3E, 0x32B4, 0x1153,
  0x29EF, 0x2273, 0x3B79, 0x5439, 0x22D8, 0x43FD, 0x54DF, 0x54DE, 0x54DE, 0x4C9E, 0x6D5E, 0x5CDD, 0x43FC, 0x64DB, 0x32D3, 0x32D5,
  0x3272, 0x3B16, 0x3291, 0x53D6, 0x322F, 0x3AF4, 0x3AF2, 0x320D, 0x4291, 0x3A6F, 0x3A90, 0x4B13, 0x3A8F, 0x4B54, 0x4B95, 0x42D0,
  0x53D6, 0x4B52, 0x4B32, 0x4B32, 0x4B32, 0x6459, 0x4B54, 0x42F1, 0x4B13, 0x4AF2, 0x4290, 0x4B13, 0x751D, 0x5396, 0x4B34, 0x4B54,
  0x4B53, 0x4B32, 0x4B33, 0x4B12, 0x4332, 0x4B32, 0x3A6E, 0x424C, 0x3A0A, 0x31A9, 0x632E, 0x6392, 0x73D1, 0x6BB1, 0x73CF, 0x6C12,
  0x5392, 0x530E, 0x632C, 0x5372, 0x3290, 0x2A0F, 0x29AE, 0x218C, 0x1948, 0x2127, 0x2168, 0x3290, 0x3B15, 0x43D7, 0x4BF9, 0x3AD4,
  0x6BD4, 0x6C36, 0x5395, 0x5B94, 0x5B93, 0x63F4, 0x63B3, 0x6BF5, 0x7C76, 0xA578, 0xBE18, 0xBDF7, 0xBDF7, 0xB5F8, 0xBDF8, 0xBE19,
  0xC618, 0xC618, 0xC638, 0xC617, 0xC659, 0xC658, 0xBDF7, 0xBDF7, 0xB5D7, 0xB5B6, 0xB595, 0xB595, 0xB5B7, 0xA598, 0xA5B8, 0x8D79,
  0x959A, 0x8DDD, 0x7D7C, 0x7D5A, 0x8D58, 0xA597, 0xB5B7, 0xBDF6, 0xB5F8, 0xBDD7, 0xB5D8, 0xB5D8, 0xC5F7, 0xBE18, 0xC618, 0xC618,
  0xC618, 0xC618, 0xBDF7, 0xBDF7, 0xBDD7, 0xBDD7, 0xBDD7, 0xBDD7, 0xBDD7, 0xBDF7, 0xBDF8, 0xC618, 0xC618, 0xC638, 0xCE58, 0xCE79,
  0xD69A, 0xD6BA, 0xDEDB, 0xDEDB, 0xDEFB, 0xDEFB, 0xE6FB, 0xE71B, 0xE71C, 0xE71C, 0xE73C, 0xE73C, 0xE73C, 0xE71C, 0xE73C, 0xE71C,
  0xE73C, 0xE71C, 0xDF1C, 0xD6FC, 0xCEFC, 0xCF1C, 0xE75D, 0xF79E, 0xF79E, 0xEF9D, 0xEF7D, 0xE75D, 0xEF7D, 0xEF7D, 0xEF7D, 0xEF7D,
  0xEF7D, 0xEF7D, 0xEF7D, 0xEF7D, 0xEF7D, 0xEF5D, 0xEF5D, 0xEF5D, 0xEF5D, 0xEF5D, 0xEF5D, 0xEF5D, 0xE73C, 0xE73C, 0xE73C, 0xE73C,
  0xE73C, 0xE73C, 0xE73C, 0xE73C, 0xE71C, 0xE71C, 0xE71C, 0xE71C, 0xE71C, 0xE71C, 0xDF1C, 0xDEFB, 0xDEFB, 0xD6DB, 0xD6BB, 0xD6BB,
  0x9CB2, 0x8CD4, 0x8515, 0x94D3, 0x7496, 0x8CB3, 0x9CB2, 0x7C54, 0x5418, 0x84F6, 0x8D15, 0x64DA, 0x4D1C, 0x6D3C, 0x11F0, 0x320F,
  0x5BB4, 0x6BD3, 0x5BF6, 0x3B97, 0x3230, 0x63F4, 0x7C55, 0x9D36, 0x959B, 0x95BB, 0xA5DA, 0x8455, 0x5B71, 0x2AB2, 0x22B3, 0x52F1,
  0x9CD2, 0x6B91, 0x5331, 0x3250, 0x42B1, 0x6BB2, 0x7C12, 0xA4F2, 0x63F4, 0x5BF5, 0x8579, 0x757B, 0x9D35, 0x8CF6, 0x7CB5, 0xA515,
  0x8518, 0x9536, 0xA536, 0x84B6, 0x8559, 0x95DD, 0x9E1C, 0x74B9, 0x7D3C, 0x95DD, 0x74BB, 0x8D5C, 0x9E1E, 0x8DFE, 0xAEBF, 0x8DFF,
  0x855E, 0x7CDD, 0x6C38, 0x749B, 0x7D1E, 0x855F, 0x8D9E, 0xB6BE, 0x8DFE, 0x8E5F, 0x96BF, 0xA75F, 0xAF5F, 0xB75F, 0xA77F, 0x9619,
  0x63B5, 0x6CBA, 0x6B8F, 0x8517, 0xAD96, 0xD71D, 0xCE7A, 0xD6FC, 0xDEFC, 0xEF5D, 0xDEDB, 0xD6BA, 0xDEFB, 0xAD75, 0x6B4D, 0x8430,
  0xDEDB, 0xFFFF, 0xFFDF, 0xEF5D, 0xE71C, 0xCE9A, 0xA514, 0x9CF3, 0x636F, 0x428D, 0x4B93, 0x761D, 0x55BF, 0x6D9F, 0x32B5, 0x0951,
  0x218D, 0x2250, 0x2A75, 0x5C9B, 0x32D8, 0x2ADA, 0x339A, 0x4C7E, 0x441C, 0x43FC, 0x4C1C, 0x5C7A, 0x2AF7, 0x43B8, 0x4375, 0x2A11,
  0x2A10, 0x3252, 0x3250, 0x3B35, 0x3AD1, 0x3251, 0x3AD2, 0x322D, 0x3A4F, 0x3A6F, 0x324D, 0x42F3, 0x3AAF, 0x42B0, 0x4B95, 0x4332,
  0x4B53, 0x53D5, 0x4312, 0x4B53, 0x4B53, 0x5BF7, 0x647A, 0x4352, 0x5355, 0x5375, 0x4B13, 0x42B1, 0x6418, 0x6CDB, 0x4B13, 0x4B54,
  0x4B53, 0x4B33, 0x4B33, 0x4B33, 0x42F1, 0x4B73, 0x42AF, 0x3A2C, 0x3A0B, 0x31C9, 0x422B, 0x73F1, 0x6392, 0x6BD1, 0x73B0, 0x6C12,
  0x63B1, 0x4B31, 0x634F, 0x6B90, 0x5351, 0x2A0F, 0x29CE, 0x21AD, 0x216A, 0x2127, 0x2127, 0x29EC, 0x32F3, 0x43B7, 0x4C39, 0x4B97,
  0x4B33, 0x7434, 0x53D5, 0x5BD6, 0x63D4, 0x6BF4, 0x7415, 0x6C14, 0x7C76, 0x9D38, 0xADF8, 0xBE19, 0xC5F8, 0xBE18, 0xBE18, 0xC618,
  0xC659, 0xCE58, 0xCE59, 0xC659, 0xBE39, 0xC659, 0xC659, 0xBDD7, 0xB5B6, 0xB596, 0xAD75, 0xAD55, 0xB596, 0xB596, 0xA577, 0x9578,
  0x8D58, 0x9D78, 0x95DC, 0x859C, 0x7D5A, 0x8D78, 0x9D78, 0x9D98, 0xB5D7, 0xBDF7, 0xBDF7, 0xB5D7, 0xBDF8, 0xC5F7, 0xC618, 0xBDF7,
  0xBDF7, 0xBDF7, 0xBDF7, 0xBDD7, 0xB5B6, 0xB5B6, 0xB5B6, 0xB5B6, 0xB5D7, 0xBDD7, 0xBDF7, 0xC618, 0xC638, 0xC638, 0xCE59, 0xCE79,
  0xCE79, 0xD69A, 0xD6BA, 0xD6DB, 0xDEDB, 0xDEDB, 0xDEFB, 0xDEFB, 0xDEFC, 0xDF1B, 0xDF1B, 0xDF1C, 0xDF1C, 0xE71C, 0xE71C, 0xE71C,
  0xE71C, 0xE73C, 0xE71C, 0xE71C, 0xE75C, 0xE77D, 0xEF9E, 0xEF9E, 0xEF7D, 0xE75D, 0xE75D, 0xE75D, 0xE75D, 0xEF5D, 0xEF7D, 0xEF7D,
  0xEF7D, 0xEF7D, 0xEF7D, 0xEF7D, 0xEF5D, 0xEF5D, 0xEF5D, 0xEF5D, 0xEF5D, 0xEF5D, 0xEF5D, 0xEF5D, 0xE73C, 0xE73C, 0xE73C, 0xE73C,
  0xEF3C, 0xE73C, 0xE73C, 0xE71C, 0xE71C, 0xDF1B, 0xDEFB, 0xDEFB, 0xD6FB, 0xD6DB, 0xD6BB, 0xCEBA, 0xCE9A, 0xC67A, 0xB639, 0xC65A,
  0x9CD3, 0x94F4, 0x8536, 0x94F4, 0x74B6, 0x8CD4, 0xA4F2, 0x7C94, 0x6437, 0x8CF6, 0x8D17, 0x54DB, 0x551C, 0x5CBA, 0x014E, 0x426F,
  0x6C55, 0x6393, 0x53F6, 0x3356, 0x220F, 0x53D5, 0x7414, 0xA535, 0x7518, 0x74B8, 0x8D59, 0x84D6, 0x42D1, 0x2271, 0x2A71, 0x6BB1,
  0x94B3, 0x4290, 0x52F0, 0x2A4F, 0x6392, 0x63B2, 0x94B2, 0x6C36, 0x5419, 0x6CF8, 0x7D3A, 0x8557, 0x94F5, 0x7CD7, 0x9D36, 0x84F7,
  0x9D35, 0xAD35, 0x9D56, 0x7CB7, 0x8D7A, 0x95FD, 0x95BA, 0x6C37, 0x7CFA, 0x853B, 0x7458, 0x957A, 0x749B, 0x961E, 0x9E3E, 0x857D,
  0x74BB, 0x6C39, 0x63B4, 0x6BF7, 0x6C19, 0x749B, 0x95BD, 0xA67E, 0x7D9F, 0x8E7F, 0x9EDF, 0xAF1F, 0xAF3F, 0xA73F, 0x9EBD, 0x6C15,
  0x6437, 0x6C13, 0x7CB5, 0xA5B8, 0xD6FB, 0xCF1D, 0xE73C, 0xDF5E, 0xEF7D, 0xF79E, 0xEF7D, 0xDEFB, 0x8430, 0x738E, 0xC618, 0xF7BE,
  0xF7BE, 0xF79E, 0xF79E, 0xEF5D, 0xDEDB, 0xC659, 0x9CD3, 0x9D13, 0x6BB0, 0x42CE, 0x4311, 0x6D5B, 0x5DFF, 0x75DF, 0x3AF6, 0x0930,
  0x192A, 0x29ED, 0x21CE, 0x43D8, 0x4BB7, 0x2236, 0x2296, 0x3337, 0x3B9A, 0x3358, 0x3317, 0x4BB9, 0x2A92, 0x2A53, 0x4B75, 0x29EF,
  0x21EE, 0x21CD, 0x320F, 0x2A50, 0x3313, 0x320E, 0x3290, 0x324E, 0x320D, 0x3A6E, 0x322C, 0x42B0, 0x3A8F, 0x3A4D, 0x42F1, 0x53B4,
  0x4311, 0x53F6, 0x4B73, 0x4B53, 0x5374, 0x53D6, 0x64DB, 0x5C17, 0x53B5, 0x53B7, 0x53D7, 0x4AF3, 0x4B35, 0x6CDC, 0x5BD7, 0x4B13,
  0x4B33, 0x4B53, 0x4B53, 0x4B33, 0x4B12, 0x42F0, 0x4B73, 0x3A2D, 0x3A2C, 0x31EA, 0x29A9, 0x6B6F, 0x5B72, 0x6391, 0x7BD1, 0x7C10,
  0x6412, 0x6390, 0x5371, 0x73D0, 0x63D2, 0x42F0, 0x21EE, 0x29CD, 0x218D, 0x2169, 0x2148, 0x2189, 0x3AB1, 0x4397, 0x4C38, 0x5439,
  0x4B55, 0x8473, 0x7C76, 0x63F6, 0x6C16, 0x6C16, 0x7456, 0x7476, 0x7C57, 0x9D58, 0xAD98, 0xBE19, 0xBE39, 0xC638, 0xC639, 0xCE59,
  0xC67A, 0xCE99, 0xD679, 0xCE79, 0xBE5A, 0xBE18, 0xC638, 0xBDF8, 0xB596, 0xAD75, 0xAD55, 0xAD55, 0xAD55, 0xAD75, 0xAD75, 0xAD55,
  0x8D58, 0x9557, 0xA556, 0x8DDB, 0x859C, 0x8D59, 0x9D78, 0xA597, 0x9D78, 0x9598, 0xB5D7, 0xC5F7, 0xBDF7, 0xBDF7, 0xC5F7, 0xBDF7,
  0xBDF7, 0xBDF7, 0xBDF7, 0xBDD7, 0xB5B6, 0xB5B6, 0xB596, 0xB5B6, 0xB5B6, 0xBDD7, 0xBDD7, 0xBDF7, 0xC618, 0xC638, 0xCE59, 0xCE79,
  0xCE79, 0xD69A, 0xD6BA, 0xD6BA, 0xDEDB, 0xDEDB, 0xDEFB, 0xDEFB, 0xE6FC, 0xDEFC, 0xDEFC, 0xDEFB, 0xDEFB, 0xDEFB, 0xDEFB, 0xDEFB,
  0xE71C, 0xE71C, 0xE71C, 0xE73C, 0xEF9E, 0xF79E, 0xF79E, 0xEF7E, 0xDF5D, 0xDF3D, 0xDF3D, 0xDF3D, 0xE73D, 0xE75D, 0xE75D, 0xEF5D,
  0xEF7D, 0xEF7D, 0xEF7D, 0xEF7D, 0xEF7D, 0xEF5D, 0xEF5D, 0xEF5D, 0xEF5D, 0xEF5D, 0xEF5D, 0xE73C, 0xE73C, 0xE73C, 0xE73C, 0xE71C,
  0xDF1C, 0xDEFC, 0xDEFB, 0xD6DB, 0xD6DB, 0xCEBB, 0xCE9B, 0xCE9A, 0xC67A, 0xBE5A, 0xB63A, 0xB639, 0xADF9, 0xA5D8, 0x9DB8, 0xB5F9,
  0x9CF3, 0x9CF3, 0x8557, 0x9D14, 0x7CB6, 0x9CF4, 0xAD13, 0x7497, 0x6C37, 0x8D16, 0x8538, 0x54DB, 0x5D1D, 0x5458, 0x00ED, 0x52AF,
  0x7CD5, 0x5B92, 0x53F7, 0x3336, 0x21EF, 0x4B94, 0x73F2, 0x9D56, 0x53D5, 0x4B11, 0x6BF5, 0x7CD7, 0x3AB1, 0x220F, 0x3250, 0x8452,
  0x73D1, 0x3A70, 0x5311, 0x3270, 0x63D3, 0x6C12, 0x6C14, 0x5C38, 0x6C37, 0x7CD7, 0x7D38, 0x84B5, 0x74D7, 0x9D36, 0x84F7, 0x9515,
  0xAD34, 0xA556, 0x9D36, 0x7CB7, 0x8D9B, 0x961C, 0x8538, 0x63F6, 0x7CB9, 0x7498, 0x8519, 0x7477, 0x6BF7, 0x9DFC, 0x855C, 0x7D1C,
  0x6C17, 0x63B5, 0x6372, 0x6394, 0x6395, 0x745A, 0xA63D, 0x859F, 0x85FF, 0x8E5F, 0xA6FF, 0x9EDF, 0xA71E, 0x9EDF, 0x7539, 0x5392,
  0x6C55, 0x6C95, 0x9578, 0xCE9A, 0xD79E, 0xDEDA, 0xF7DF, 0xD73D, 0xF79E, 0xFFFF, 0xCE79, 0x738E, 0x9CD3, 0xE73C, 0xEF5D, 0xE71C,
  0xEF5D, 0xEF7D, 0xE73C, 0xDEFB, 0xCE59, 0xB5D6, 0x8C72, 0x94D3, 0x6BD1, 0x4B0F, 0x3AF0, 0x5C98, 0x661F, 0x75DF, 0x3B18, 0x08EF,
  0x194A, 0x21CD, 0x19EF, 0x2A71, 0x5C98, 0x2210, 0x2A54, 0x2232, 0x2AB5, 0x32D6, 0x2A94, 0x32D4, 0x3271, 0x21AF, 0x3B13, 0x322F,
  0x21AC, 0x21AC, 0x29AB, 0x29CC, 0x32B1, 0x324F, 0x2A0D, 0x326F, 0x320C, 0x3A4E, 0x3A2C, 0x3A4E, 0x426F, 0x3A0B, 0x3A4D, 0x5373,
  0x4B52, 0x4B73, 0x5C16, 0x4B53, 0x53D6, 0x5417, 0x64BA, 0x6CDC, 0x5418, 0x5BD8, 0x53F8, 0x5395, 0x4B55, 0x5B98, 0x64BC, 0x4B33,
  0x4B12, 0x4B53, 0x4B52, 0x4B32, 0x4333, 0x3AF1, 0x4B11, 0x4311, 0x320C, 0x320B, 0x29A9, 0x4A8C, 0x6BD1, 0x4B11, 0x6BF1, 0x8410,
  0x6C33, 0x6BCF, 0x63B1, 0x63B1, 0x6BF2, 0x63D2, 0x2A2F, 0x29ED, 0x21CD, 0x29CD, 0x298A, 0x2989, 0x324D, 0x4B75, 0x53F8, 0x6479,
  0x5BF7, 0x5B94, 0x8CD6, 0x7C96, 0x7456, 0x7457, 0x7C77, 0x7CB8, 0x7CB7, 0x8CD9, 0xADB9, 0xB5D8, 0xC659, 0xBE5A, 0xC67A, 0xCE9A,
  0xCEBB, 0xCEBB, 0xD6BA, 0xCE9A, 0xCE59, 0xC618, 0xBDF7, 0xBDF7, 0xB596, 0xAD75, 0xAD55, 0xAD55, 0xAD55, 0xAD55, 0xAD55, 0xAD55,
  0xAD54, 0x8D57, 0x9D36, 0xA535, 0x8D9B, 0x859B, 0x9579, 0x9D77, 0xADB7, 0xADB6, 0x8D58, 0xA597, 0xBDF7, 0xBDF7, 0xBDF7, 0xBDF7,
  0xBDF7, 0xBDF7, 0xBDF7, 0xBDD7, 0xBDD7, 0xB5B6, 0xB5B6, 0xB5B6, 0xB5B6, 0xBDD7, 0xBDD7, 0xBDF7, 0xC618, 0xC638, 0xCE59, 0xCE79,
  0xD69A, 0xD69A, 0xD6BA, 0xD6BB, 0xDEDB, 0xDEFB, 0xDEFB, 0xDEFB, 0xDEFB, 0xCEDC, 0xBEBC, 0xC6BB, 0xDEDB, 0xDEDB, 0xDEFB, 0xDEFB,
  0xE71C, 0xE71C, 0xE73C, 0xF79E, 0xF79E, 0xF79E, 0xEF7E, 0xDF5D, 0xD71D, 0xD71D, 0xD71D, 0xDF1D, 0xDF3D, 0xDF3D, 0xE75D, 0xE75D,
  0xEF5D, 0xEF5D, 0xEF5D, 0xEF5D, 0xEF5D, 0xEF5D, 0xEF5D, 0xEF5C, 0xE73C, 0xE73C, 0xE73C, 0xE71C, 0xDF1C, 0xDEFC, 0xD6FB, 0xD6DB,
  0xCEBB, 0xCE9B, 0xC69A, 0xC67A, 0xBE5A, 0xB65A, 0xB63A, 0xAE19, 0xADF8, 0xA5D8, 0xA598, 0x9D77, 0x9D57, 0x9537, 0x9516, 0xAD97,
  0x9CF4, 0xA4F4, 0x8D57, 0x9D34, 0x84F7, 0x9D56, 0xAD54, 0x74B7, 0x6C78, 0x9516, 0x8539, 0x54DC, 0x5D3D, 0x4BF7, 0x010D, 0x52EF,
  0x6C76, 0x5333, 0x4C17, 0x2AF5, 0x21CF, 0x4353, 0x7412, 0x9535, 0x3AD1, 0x322E, 0x31ED, 0x63B3, 0x4B12, 0x21AE, 0x42B0, 0x94B3,
  0x4AD0, 0x52F1, 0x4AF1, 0x3A71, 0x5BB3, 0x5BF5, 0x6416, 0x6C56, 0x5BD5, 0x8517, 0x84B4, 0x7497, 0x9536, 0x84D6, 0x94F6, 0xAD54,
  0xAD35, 0xA556, 0x9516, 0x7497, 0x95BC, 0x95FB, 0x7CB6, 0x63D5, 0x6C16, 0x7CB8, 0x7CF8, 0x5BB3, 0x7456, 0x8D9B, 0x6C9A, 0x7479,
  0x5BB4, 0x6372, 0x5B31, 0x5B53, 0x5B75, 0x7CD9, 0x95FD, 0x753E, 0x85FF, 0x967F, 0x9E7F, 0x9EDE, 0x96BE, 0x8E3E, 0x5372, 0x63D2,
  0x6CB7, 0x7CF7, 0xBE18, 0xDFBF, 0xD6FC, 0xF79D, 0xEFDF, 0xDF3D, 0xFFFF, 0xB5D7, 0x738E, 0xC618, 0xEF7D, 0xDEFB, 0xDEDB, 0xDEDB,
  0xDEDB, 0xD6BA, 0xCE79, 0xC618, 0xAD55, 0x9CD3, 0x7BCF, 0x8CB3, 0x63B0, 0x4B2F, 0x3ACF, 0x53D4, 0x5DFF, 0x6D9E, 0x3B39, 0x10EE,
  0x196A, 0x29CB, 0x21CD, 0x19AC, 0x5458, 0x326D, 0x19F0, 0x21F2, 0x21F0, 0x2A73, 0x2A73, 0x2230, 0x21CE, 0x198C, 0x2A70, 0x3270,
  0x218B, 0x218B, 0x2189, 0x298B, 0x322E, 0x2A6F, 0x29AA, 0x3290, 0x320D, 0x3A4E, 0x3A4D, 0x3A2C, 0x3A4F, 0x31EA, 0x322C, 0x42B0,
  0x5BD4, 0x4311, 0x5C17, 0x53B4, 0x53D6, 0x5C79, 0x6CFB, 0x753E, 0x649B, 0x5C39, 0x5BD9, 0x4C17, 0x5376, 0x4B34, 0x643A, 0x53D7,
  0x42F0, 0x4B12, 0x4B53, 0x4B32, 0x4B13, 0x4313, 0x3AD0, 0x4B53, 0x326E, 0x31CA, 0x31CA, 0x31CA, 0x6B90, 0x5B72, 0x63B1, 0x8C50,
  0x7433, 0x6BD0, 0x7411, 0x6BF1, 0x5B93, 0x7433, 0x4B31, 0x2A0E, 0x29EE, 0x29EE, 0x320D, 0x29CA, 0x31EA, 0x4B33, 0x53F8, 0x6479,
  0x6C99, 0x5BB5, 0x7435, 0x9516, 0x9D57, 0x7C98, 0x7C98, 0x84D8, 0x8519, 0x84D8, 0x9D59, 0xADB9, 0xC639, 0xCE9A, 0xC69B, 0xD6BB,
  0xDEDB, 0xD6DC, 0xD6DB, 0xDEBB, 0xCE7A, 0xC638, 0xBDF7, 0xB5B6, 0xAD75, 0xAD75, 0xAD55, 0xA534, 0xAD55, 0xAD55, 0xAD55, 0xA555,
  0xA534, 0xA534, 0x8D17, 0x9536, 0xA535, 0x7D7C, 0x7D7B, 0x9D98, 0x9558, 0xAD97, 0xBDD6, 0x9D77, 0x9557, 0xB5D7, 0xBDF7, 0xBDF7,
  0xBDF7, 0xBDF7, 0xBDF7, 0xC5F7, 0xBDF7, 0xBDF7, 0xBDF7, 0xB5D7, 0xBDD7, 0xBDD7, 0xBDF7, 0xC618, 0xC638, 0xCE59, 0xCE79, 0xD69A,
  0xD69A, 0xD6BA, 0xDEBB, 0xDEDB, 0xDEFB, 0xDEFB, 0xD6FC, 0xC6DC, 0xB6BC, 0xAE7C, 0xB69C, 0xD6BB, 0xDEDA, 0xD6DB, 0xDEDB, 0xDEFB,
  0xE71C, 0xE73C, 0xEF9E, 0xF79E, 0xF79E, 0xEF7D, 0xDF3D, 0xD71D, 0xCF1D, 0xD71D, 0xD71D, 0xDF1D, 0xDF1D, 0xDF1C, 0xDF1C, 0xE73D,
  0xE73C, 0xE73C, 0xE73D, 0xE73D, 0xE73C, 0xE73C, 0xE73C, 0xDF1C, 0xDF1C, 0xD6FC, 0xD6FB, 0xD6DB, 0xCEDB, 0xCEBB, 0xC69A, 0xBE7A,
  0xBE5A, 0xB63A, 0xAE39, 0xAE19, 0xA5D8, 0xA5B8, 0x9D98, 0x9D77, 0x9D57, 0x9536, 0x9516, 0x94F6, 0x8CD5, 0x8CB5, 0x8CB5, 0xA577,
  0x9D14, 0xA514, 0x9556, 0x9D55, 0x8518, 0x9DD9, 0xADD8, 0x8539, 0x7CD8, 0x9D36, 0x857A, 0x54DD, 0x655C, 0x43B6, 0x092D, 0x3250,
  0x6436, 0x4B53, 0x4C18, 0x2AB4, 0x19F0, 0x4333, 0x8453, 0x8D15, 0x2A2E, 0x29CC, 0x1928, 0x29EC, 0x3A90, 0x218D, 0x6330, 0x8C72,
  0x3A0F, 0x73D1, 0x4AD1, 0x42F1, 0x3B75, 0x7435, 0x6C75, 0x7C34, 0x6499, 0x7C94, 0x6C96, 0x9537, 0x84B6, 0x8CF5, 0xAD34, 0xA534,
  0xAD34, 0x9D76, 0x84D7, 0x74D9, 0x95BB, 0x95BA, 0x7434, 0x6BD5, 0x63D4, 0x7D18, 0x6C16, 0x6393, 0x7CB7, 0x7CD9, 0x63F6, 0x63B4,
  0x5B72, 0x5B51, 0x5B31, 0x5B52, 0x5B54, 0x8D9A, 0x751D, 0x753F, 0x85DF, 0x965F, 0x963E, 0x969D, 0x863F, 0x5C14, 0x530E, 0x6477,
  0x6CF9, 0xA535, 0xD75C, 0xD77E, 0xE71C, 0xFFFF, 0xDF9E, 0xF7BE, 0x9CF3, 0x7BCF, 0xDEFC, 0xEF5D, 0xD6BA, 0xD69A, 0xC638, 0xBDD7,
  0xAD75, 0xA534, 0x9CF3, 0x8C51, 0x73AE, 0x6B4D, 0x52AB, 0x7C30, 0x530D, 0x4AEE, 0x3ACF, 0x4310, 0x5DBF, 0x6D9E, 0x335A, 0x110E,
  0x21AD, 0x31CA, 0x29CB, 0x196C, 0x4396, 0x430D, 0x2148, 0x21EF, 0x21CF, 0x21EF, 0x2A51, 0x2A10, 0x218B, 0x196B, 0x21ED, 0x3290,
  0x21CC, 0x218A, 0x2169, 0x2988, 0x29AB, 0x326F, 0x29AA, 0x3A6F, 0x322D, 0x3A4E, 0x3A4D, 0x3A0C, 0x3A2D, 0x39EA, 0x3A0B, 0x3A2D,
  0x5BB3, 0x5353, 0x53B4, 0x5C57, 0x53D6, 0x6CDB, 0x6D5C, 0x757E, 0x6D3E, 0x5C9B, 0x5C1A, 0x5418, 0x53B6, 0x4B76, 0x4B35, 0x643B,
  0x4312, 0x42F1, 0x4B32, 0x4B33, 0x4312, 0x4313, 0x42D2, 0x3AD0, 0x4331, 0x31EB, 0x31CA, 0x2989, 0x52AD, 0x73F2, 0x5B71, 0x8430,
  0x7432, 0x6BF1, 0x7BD0, 0x8472, 0x63F2, 0x5BB3, 0x7C53, 0x2A70, 0x322E, 0x29ED, 0x3A50, 0x3A2D, 0x3A0C, 0x4ACF, 0x5BD6, 0x6438,
  0x74DA, 0x6C78, 0x6C36, 0x84B6, 0xA597, 0xAD99, 0x7CB8, 0x84D9, 0x8D19, 0x8D3A, 0x8D39, 0x9D79, 0xB5FA, 0xDEBA, 0xD6BB, 0xCEDC,
  0xE6FB, 0xDF1C, 0xCEDC, 0xD6BB, 0xD679, 0xC638, 0xBDD7, 0xB596, 0xAD75, 0xAD55, 0xAD55, 0xA534, 0xA534, 0xAD55, 0xAD55, 0xA534,
  0xA534, 0xA514, 0x9D35, 0x8518, 0xA556, 0x9557, 0x8559, 0x6CFB, 0xAD97, 0x9557, 0xA5B7, 0xC5F6, 0xA5B7, 0x9D77, 0xBDF7, 0xC5F7,
  0xBDF8, 0xC5F7, 0xC618, 0xC618, 0xC638, 0xC639, 0xBE18, 0xBDD7, 0xBDF7, 0xBDF7, 0xC618, 0xC638, 0xC638, 0xCE59, 0xCE9A, 0xD6BA,
  0xD6BA, 0xD6DB, 0xD6FC, 0xD71C, 0xCEFC, 0xC6FC, 0xBEBC, 0xAE9D, 0xA67C, 0xB69B, 0xCEDB, 0xDEDB, 0xD6DA, 0xDEDA, 0xDEDB, 0xDEFB,
  0xE73C, 0xEF7D, 0xF79E, 0xF7BE, 0xEF7E, 0xDF3E, 0xD71D, 0xCF1D, 0xD71C, 0xD6FC, 0xD6FC, 0xD6FC, 0xD71C, 0xD71C, 0xD71C, 0xDF1C,
  0xDF1C, 0xD71C, 0xD71C, 0xD71C, 0xD71C, 0xD6FC, 0xD6FC, 0xD6DB, 0xCEDC, 0xCEBB, 0xC69B, 0xC67A, 0xBE5A, 0xB63A, 0xB619, 0xADF9,
  0xA5F8, 0xA5B8, 0x9D98, 0x9D57, 0x9557, 0x9537, 0x9516, 0x94F6, 0x94D6, 0x94D6, 0x8CB5, 0x94B5, 0x94B5, 0x94D5, 0x8CD5, 0xAD97,
  0x9D14, 0xA513, 0x9557, 0x9D75, 0x84F7, 0xA597, 0x9E1B, 0x95FB, 0x9599, 0xA597, 0x8DBB, 0x5D3C, 0x6D7C, 0x4375, 0x198D, 0x2A50,
  0x5C16, 0x4BB4, 0x43F9, 0x22B3, 0x19F0, 0x3AF2, 0x8CD4, 0x84B4, 0x218C, 0x194A, 0x18C7, 0x196A, 0x216C, 0x29AC, 0x73D1, 0x5B50,
  0x4290, 0x73D2, 0x5B71, 0x32F3, 0x6C15, 0x7475, 0x8494, 0x7CD7, 0x6C77, 0x6C54, 0x8D18, 0x74B6, 0x8CB4, 0xAD13, 0xA514, 0xA534,
  0xA535, 0xA556, 0x7C96, 0x7CF9, 0x959B, 0x8D5A, 0x6BF4, 0x63B4, 0x7476, 0x7496, 0x63D4, 0x63B3, 0x7CF8, 0x63F5, 0x6394, 0x5B52,
  0x5B30, 0x5310, 0x5B11, 0x5311, 0x63D4, 0x859C, 0x5C7B, 0x753E, 0x8DDF, 0x85BE, 0x8E3D, 0x7DFF, 0x6498, 0x4AAB, 0x5BF2, 0x651C,
  0x8CB4, 0xCE79, 0xCF9E, 0xD6FC, 0xF7BE, 0xFFFF, 0xDF9E, 0x83CF, 0x8430, 0xEF5D, 0xDEFB, 0xCE79, 0xC638, 0xB596, 0xA514, 0x8C71,
  0x7BEF, 0x6B6D, 0x630C, 0x52AA, 0x4228, 0x4208, 0x39C6, 0x63AF, 0x320A, 0x3AAE, 0x328D, 0x3AAD, 0x5D5F, 0x6D7F, 0x3B7C, 0x114F,
  0x21ED, 0x320A, 0x320C, 0x29AB, 0x32B2, 0x53B4, 0x2945, 0x21AB, 0x19F0, 0x19AD, 0x21CE, 0x2A30, 0x21AC, 0x218B, 0x218B, 0x2A90,
  0x29EE, 0x218A, 0x2169, 0x2947, 0x2148, 0x320E, 0x2A0B, 0x322E, 0x3A4F, 0x322D, 0x324D, 0x39EC, 0x3A0C, 0x39EB, 0x39EA, 0x3A2C,
  0x4B11, 0x5C15, 0x4333, 0x6499, 0x5C58, 0x64DB, 0x759E, 0x75BE, 0x757E, 0x6CFC, 0x5C5A, 0x53D8, 0x4BF7, 0x5397, 0x4B14, 0x5398,
  0x53B7, 0x42F0, 0x42F0, 0x4B73, 0x4333, 0x42F2, 0x42F2, 0x3AD1, 0x42F1, 0x42D0, 0x31AA, 0x2989, 0x31EA, 0x6BD1, 0x5330, 0x73D1,
  0x7C31, 0x6C12, 0x7BCF, 0x7C53, 0x94B1, 0x63D3, 0x7C94, 0x5B92, 0x2A4F, 0x322E, 0x3A0D, 0x42D0, 0x426E, 0x4AAE, 0x5BB4, 0x6458,
  0x7CD9, 0x7CFA, 0x7C98, 0x84D8, 0x8D18, 0xC619, 0xA599, 0x84D9, 0x8D1A, 0x957B, 0x8D7A, 0x955A, 0x9D79, 0xCE9A, 0xE71B, 0xCEDC,
  0xD6FC, 0xE71B, 0xD6DB, 0xCEBB, 0xD679, 0xC618, 0xBDD6, 0xAD75, 0xAD55, 0xA534, 0xA534, 0xA514, 0xA534, 0xA534, 0xA534, 0xA534,
  0xA534, 0xA514, 0xA514, 0x9D14, 0x8D37, 0x9D77, 0x9D77, 0x7D39, 0x74FA, 0xAD98, 0x9557, 0xB5B7, 0xBDF7, 0xBDD7, 0xBDD7, 0xC618,
  0xC618, 0xC618, 0xC618, 0xC659, 0xCE9A, 0xC639, 0xC618, 0xC618, 0xC618, 0xC638, 0xC638, 0xCE59, 0xCE79, 0xD679, 0xD69A, 0xD6DB,
  0xDF1C, 0xD71D, 0xCF1D, 0xCF1D, 0xBEFD, 0xB6BC, 0xAE9C, 0xAE7C, 0xB69C, 0xD6DB, 0xDEDA, 0xD6DA, 0xD6DA, 0xDEDB, 0xDEDB, 0xE71C,
  0xEF7D, 0xF7BE, 0xF79E, 0xEF9E, 0xDF5E, 0xD71D, 0xCF1D, 0xCEFD, 0xCEFC, 0xCEFC, 0xD71D, 0xD6FC, 0xD6FC, 0xD71C, 0xD6FC, 0xD6FC,
  0xD6FC, 0xD6FC, 0xD6DC, 0xCEDB, 0xCEDB, 0xCEBB, 0xC69B, 0xC69B, 0xBE7A, 0xB65A, 0xB639, 0xADF9, 0xADF9, 0xA5B8, 0x9D98, 0x9D78,
  0x9D37, 0x9D17, 0x94F7, 0x94F6, 0x94D6, 0x94D6, 0x94D6, 0x94D6, 0x94F6, 0x94F6, 0x94F6, 0x9516, 0x9D36, 0x9D37, 0x9D57, 0xB5F8,
  0xA514, 0xA513, 0x9556, 0x9576, 0x8518, 0xA576, 0xA5B8, 0x8DDB, 0x95FB, 0x9E1A, 0xA65C, 0x7DDD, 0x7D7C, 0x4374, 0x198E, 0x52F1,
  0x6C55, 0x53B5, 0x3BD9, 0x22B3, 0x2231, 0x32D1, 0x84B4, 0x8472, 0x114B, 0x1108, 0x0885, 0x21AB, 0x190A, 0x31ED, 0x7C11, 0x3A0E,
  0x73B1, 0x5351, 0x5B93, 0x63D3, 0x84D5, 0x7475, 0x8CD5, 0x5CBA, 0x6435, 0x9516, 0x74D7, 0x84B5, 0xA513, 0xA514, 0xA514, 0xA534,
  0xA555, 0x9D36, 0x7C76, 0x8539, 0x8D7A, 0x7D18, 0x63B3, 0x6BD4, 0x74B7, 0x63D4, 0x63D4, 0x6C15, 0x74B7, 0x5B72, 0x5B52, 0x5310,
  0x4AAC, 0x52CF, 0x5AF0, 0x4AD0, 0x7CF9, 0x6C9A, 0x5C5B, 0x755D, 0x7D9F, 0x7D7D, 0x7DFD, 0x64FD, 0x4AAC, 0x5B2E, 0x6479, 0x7CD6,
  0xBD95, 0xCF3D, 0xCF1C, 0xE71C, 0xFFFF, 0xE79E, 0x636E, 0x8C31, 0xEF7D, 0xD6BA, 0xC638, 0xBDD7, 0xA514, 0x8C71, 0x7BCF, 0x6B4D,
  0x5ACB, 0x4A69, 0x4228, 0x39C7, 0x31A6, 0x3186, 0x31A6, 0x5B8F, 0x21A7, 0x32AE, 0x2A0B, 0x326D, 0x553F, 0x651E, 0x335C, 0x198F,
  0x2A0E, 0x3A4C, 0x3A6D, 0x422C, 0x2A50, 0x53F6, 0x29C8, 0x2967, 0x29AB, 0x19CE, 0x21AC, 0x21EE, 0x29EE, 0x21AC, 0x216A, 0x2A70,
  0x2A30, 0x298A, 0x2168, 0x2147, 0x2947, 0x29CA, 0x322D, 0x3A0A, 0x52CD, 0x52CC, 0x4A8C, 0x39EB, 0x31CB, 0x3A0C, 0x39C9, 0x3A2C,
  0x3A6F, 0x6415, 0x4B94, 0x5C78, 0x6CFB, 0x64DB, 0x7DBE, 0x7DFE, 0x75BE, 0x753E, 0x5C9B, 0x5BF9, 0x4BF6, 0x4BB5, 0x4B77, 0x42F2,
  0x5BB8, 0x4B33, 0x42F1, 0x4311, 0x4B74, 0x4312, 0x3AF1, 0x42F2, 0x3A90, 0x4312, 0x3A6E, 0x2988, 0x2988, 0x4AEF, 0x6392, 0x6371,
  0x8410, 0x6C12, 0x7BCF, 0x7C52, 0x8C93, 0x94B3, 0x5C14, 0x7C54, 0x3AD1, 0x3A8F, 0x424C, 0x42D0, 0x5331, 0x52CE, 0x5B92, 0x7477,
  0x7CB9, 0x853A, 0x84D9, 0x8D19, 0x9538, 0xA598, 0xCE7A, 0x9D7A, 0x8CF9, 0x955A, 0x959B, 0x959B, 0x957A, 0xADDA, 0xE73C, 0xD6FC,
  0xD6DC, 0xD6FD, 0xE6DA, 0xCE9B, 0xC659, 0xC5F7, 0xB5B6, 0xAD75, 0xA534, 0xA534, 0xA534, 0xA514, 0xA514, 0xA534, 0xA534, 0xA534,
  0xA514, 0xA514, 0xA513, 0xA513, 0xA535, 0x9557, 0x9D98, 0x9D97, 0x8D58, 0x8519, 0xA578, 0x9577, 0xBDD6, 0xBDD7, 0xBDF7, 0xC618,
  0xC638, 0xC639, 0xCE7A, 0xCEBB, 0xCE5A, 0xC638, 0xC638, 0xC638, 0xC638, 0xC638, 0xCE59, 0xCE79, 0xD69A, 0xD69A, 0xDEDB, 0xDEFB,
  0xDF3D, 0xD71D, 0xC6FD, 0xBEFC, 0xB6BC, 0xAE9C, 0xA67C, 0xB69C, 0xD6DB, 0xDEDB, 0xD6DB, 0xDEBB, 0xDEDB, 0xDEDB, 0xDEFB, 0xEF5D,
  0xF7BE, 0xF7BE, 0xEF9E, 0xE75D, 0xD73D, 0xCF1D, 0xCEFC, 0xCEFC, 0xCEFC, 0xCEFC, 0xCF1C, 0xD6FC, 0xCEFC, 0xCEFC, 0xCEDC, 0xCEDB,
  0xCEDC, 0xCEBB, 0xC6BB, 0xC69B, 0xBE7B, 0xB67A, 0xAE3A, 0xAE1A, 0xADF9, 0xA5D8, 0xA5B8, 0x9D78, 0x9D77, 0x9D37, 0x9517, 0x94F7,
  0x94F6, 0x94F6, 0x94F6, 0x94F6, 0x94F6, 0x9516, 0x9D37, 0x9D37, 0x9D57, 0x9D78, 0xA598, 0xA598, 0xA598, 0xA598, 0x9D78, 0xBE19,
  0xA514, 0xA513, 0x9536, 0x9577, 0x84F8, 0x9D56, 0xAD76, 0x8D39, 0x9D98, 0x8D79, 0xAE3B, 0x9E7E, 0xAE7E, 0x7497, 0x324F, 0x52F1,
  0x6C36, 0x7455, 0x43F8, 0x2AB3, 0x2271, 0x32D1, 0x7495, 0x8451, 0x1109, 0x10C6, 0x0865, 0x21CC, 0x10C9, 0x4A6E, 0x6330, 0x420E,
  0x7C31, 0x3270, 0x32B3, 0x7413, 0x7495, 0x8CD4, 0x5C9A, 0x5C77, 0x94F5, 0x84B5, 0x7CD6, 0xA4F3, 0xA4F4, 0xA514, 0xA514, 0xA514,
  0xA535, 0x9516, 0x7C75, 0x8539, 0x8559, 0x7496, 0x6392, 0x7456, 0x6C55, 0x63B4, 0x63B4, 0x6C97, 0x6414, 0x5331, 0x5311, 0x4AAD,
  0x4A4A, 0x4AAE, 0x4AAE, 0x5372, 0x751B, 0x53D8, 0x649B, 0x7D9E, 0x64DD, 0x7DBC, 0x6D5F, 0x5392, 0x4AEB, 0x63D3, 0x74D9, 0xAD33,
  0xCEBB, 0xC71D, 0xD69A, 0xF7BE, 0xE73C, 0x6BF1, 0x8451, 0xEF5D, 0xD69A, 0xC618, 0xB596, 0x9CD3, 0x8410, 0x6B6D, 0x5AEB, 0x528A,
  0x4228, 0x39C7, 0x3186, 0x3186, 0x39A7, 0x31A6, 0x3A07, 0x5BB0, 0x29E8, 0x32CF, 0x31C9, 0x2A4C, 0x4CDC, 0x54BE, 0x333B, 0x21CF,
  0x3A6E, 0x42AF, 0x4AEE, 0x5AED, 0x2A4F, 0x4BB6, 0x3A4B, 0x2966, 0x2966, 0x218A, 0x21EE, 0x21EC, 0x2A0F, 0x29CC, 0x2149, 0x2A30,
  0x2A51, 0x298A, 0x2948, 0x2927, 0x2946, 0x2987, 0x42CE, 0x6B2D, 0x8430, 0x9CF2, 0x94B2, 0x6B6E, 0x39E9, 0x39EB, 0x39C9, 0x3A0B,
  0x3A4E, 0x5B93, 0x6456, 0x53F7, 0x7D9D, 0x6D1D, 0x759E, 0x7DFE, 0x7DDE, 0x7D9F, 0x649B, 0x5C3A, 0x53B6, 0x4BF5, 0x4B98, 0x4B13,
  0x4B55, 0x5375, 0x4311, 0x42D1, 0x4B12, 0x4354, 0x3AD1, 0x3AB0, 0x3AD2, 0x32B0, 0x4332, 0x320C, 0x2948, 0x31EB, 0x6392, 0x63B1,
  0x73AF, 0x6C12, 0x73EF, 0x8C50, 0x8493, 0x94D3, 0x7474, 0x6C56, 0x5BB4, 0x42D1, 0x42D0, 0x4A8E, 0x5B93, 0x5B51, 0x6371, 0x7456,
  0x7C98, 0x8D3A, 0x8D19, 0x8D19, 0x9D7A, 0x9D59, 0xBE19, 0xCE9A, 0x9559, 0x8D19, 0x959B, 0x95DC, 0x9DDC, 0x9579, 0xC67B, 0xDF3C,
  0xD6FC, 0xD6DC, 0xCEBB, 0xD679, 0xBE19, 0xBDD7, 0xB596, 0xAD55, 0xA534, 0xA514, 0xA514, 0xA514, 0xA514, 0xA514, 0xA514, 0xA514,
  0xA514, 0x9CF3, 0x9D14, 0xA513, 0xAD54, 0xAD76, 0xA577, 0xA597, 0x9D77, 0x9D58, 0x9558, 0x9D97, 0xADD7, 0xBDF7, 0xC618, 0xC638,
  0xCE58, 0xCE9A, 0xCEDC, 0xCE9A, 0xCE59, 0xCE59, 0xCE59, 0xCE59, 0xCE59, 0xCE79, 0xCE79, 0xD69A, 0xD69A, 0xDEBB, 0xDEDB, 0xDF1C,
  0xD73D, 0xCF1D, 0xBEFD, 0xB6DD, 0xAEBD, 0xA69C, 0xAE9C, 0xD6DC, 0xDEFB, 0xDEDB, 0xDEDB, 0xDEDB, 0xDEDB, 0xDEFB, 0xEF5D, 0xF79E,
  0xF79E, 0xEF9E, 0xDF5E, 0xD73D, 0xCEFD, 0xCEFD, 0xCEFC, 0xCEFC, 0xCEFC, 0xCEFC, 0xCEFC, 0xCEFC, 0xCEDC, 0xCEDC, 0xCEDC, 0xC6BC,
  0xC6BB, 0xBE9B, 0xBE7A, 0xB63A, 0xAE1A, 0xA5F9, 0xA5D9, 0xA599, 0x9D78, 0x9D58, 0x9D57, 0x9537, 0x9537, 0x9517, 0x9517, 0x9517,
  0x9537, 0x9537, 0x9D57, 0x9D77, 0x9D78, 0x9D98, 0xA5B8, 0xA5B8, 0xA5B8, 0xA5B8, 0xA5B8, 0xA5B8, 0xA5B8, 0x9D97, 0x9D77, 0xB5F8,
  0x9D14, 0xA513, 0x9535, 0x8D76, 0x7CF8, 0x9D35, 0xA555, 0x84D8, 0xA556, 0x7CB6, 0xADD8, 0x8DFD, 0x9E3D, 0x9DDA, 0x94F7, 0x8C96,
  0x6C56, 0x7434, 0x4BF8, 0x2292, 0x2A70, 0x3B31, 0x7474, 0x8C51, 0x10C8, 0x0885, 0x0885, 0x21AD, 0x18C8, 0x5B30, 0x422D, 0x6B50,
  0x6370, 0x2231, 0x4B32, 0x5BD3, 0x8CB4, 0x64B8, 0x4C59, 0x9515, 0x8C73, 0x6C77, 0x9D15, 0xA4F3, 0x9D14, 0xA514, 0xA514, 0xA533,
  0xA534, 0x84B6, 0x7455, 0x8518, 0x7D39, 0x6C15, 0x6393, 0x6C56, 0x63F5, 0x63B4, 0x63B4, 0x6CB7, 0x5B51, 0x5310, 0x52CF, 0x4A6A,
  0x4229, 0x4A8D, 0x424D, 0x6476, 0x5C18, 0x5398, 0x751C, 0x64DD, 0x64DA, 0x757D, 0x5C3A, 0x4ACC, 0x5B4F, 0x6479, 0x94F4, 0xCE59,
  0xC6FD, 0xC6BA, 0xE6FB, 0xDF1B, 0x6B6E, 0x9557, 0xDEFB, 0xCE79, 0xC618, 0xB575, 0x94B2, 0x7BEF, 0x632C, 0x52AA, 0x4A49, 0x4208,
  0x39C7, 0x39C7, 0x4208, 0x4229, 0x4208, 0x41E7, 0x4A8A, 0x5B90, 0x3A6C, 0x3A8D, 0x3229, 0x2A2C, 0x445A, 0x547E, 0x2B3A, 0x2A11,
  0x4ACE, 0x4B0F, 0x5B71, 0x73CE, 0x42AF, 0x3B35, 0x42EF, 0x2946, 0x2947, 0x2167, 0x218C, 0x2A2F, 0x21CD, 0x2A0F, 0x2169, 0x2A2E,
  0x3252, 0x218A, 0x2947, 0x2126, 0x3166, 0x4A69, 0x63B1, 0x8431, 0x94B2, 0xAD75, 0xD69A, 0xD6BA, 0x8430, 0x39E9, 0x39C9, 0x3A0A,
  0x3A4D, 0x4AF1, 0x74B7, 0x5417, 0x7D9D, 0x7DBE, 0x755E, 0x7DDE, 0x75BE, 0x7DBF, 0x6CDC, 0x5439, 0x5397, 0x4BD4, 0x4B76, 0x5377,
  0x42F1, 0x5396, 0x4B33, 0x4312, 0x3AB0, 0x4B33, 0x4313, 0x3A6F, 0x3A8F, 0x3AB1, 0x3A90, 0x4312, 0x29CB, 0x2148, 0x4ACF, 0x7C32,
  0x6370, 0x6C12, 0x73D0, 0x8C50, 0x8CB3, 0x8CB4, 0x94D4, 0x7C96, 0x7475, 0x4B33, 0x4B32, 0x52F0, 0x5B51, 0x6C14, 0x6B91, 0x7434,
  0x84D8, 0x8D19, 0x955A, 0x8D19, 0x955A, 0xA5BA, 0xA598, 0xDEDB, 0xCE9C, 0x953A, 0x9559, 0x95BC, 0x9DFD, 0xA5FC, 0xA5BA, 0xDF1C,
  0xD6FC, 0xDEFB, 0xC69B, 0xC639, 0xBDF8, 0xB5D7, 0xB595, 0xAD55, 0xA514, 0x9CF3, 0x9CF3, 0x9CD3, 0x9CD3, 0x9CF3, 0x9CF3, 0x9CF3,
  0x9CF3, 0x9CF3, 0x9CF3, 0xA514, 0xA534, 0xB595, 0xB5B6, 0xADB7, 0xB5B7, 0xA597, 0xADB7, 0xA597, 0xB5F7, 0xC618, 0xC638, 0xCE58,
  0xCE9A, 0xD6FC, 0xD69A, 0xCE79, 0xCE79, 0xCE79, 0xCE79, 0xCE79, 0xCE79, 0xD69A, 0xD69A, 0xD6BA, 0xDEDB, 0xDEDB, 0xE6FB, 0xE71C,
  0xD71D, 0xC6FD, 0xBEDD, 0xB6BD, 0xAE9C, 0xAEBC, 0xD6DC, 0xDEFB, 0xDEDB, 0xDEDB, 0xDEDB, 0xDEDB, 0xDEDB, 0xE73C, 0xF79E, 0xF79E,
  0xEF7D, 0xDF5D, 0xD73D, 0xCF1D, 0xCEFD, 0xCEFD, 0xCEFC, 0xCEFD, 0xCEFC, 0xCEFC, 0xCEFC, 0xCEFC, 0xCEDC, 0xCEBC, 0xC6BC, 0xBE9B,
  0xBE7B, 0xB65A, 0xAE3A, 0xADFA, 0xA5D9, 0xA5B9, 0xA598, 0x9D78, 0x9D78, 0x9D58, 0x9D78, 0x9D78, 0x9D78, 0x9D78, 0x9D98, 0x9D98,
  0xA5B8, 0xA5B8, 0xA5B8, 0xA5B8, 0xA5B8, 0xA5D9, 0xA5D9, 0xA5D8, 0xA5B8, 0xA5B8, 0xA598, 0x9D77, 0x9D57, 0x9556, 0x9516, 0xAD97,
  0x9CF4, 0xA4F3, 0x9536, 0x9555, 0x74F9, 0x9515, 0x9D35, 0x7C97, 0xAD75, 0x7C56, 0xA556, 0x8DDC, 0x6D5C, 0x53B4, 0x6372, 0x94B6,
  0xADDA, 0x9538, 0x6479, 0x2AB2, 0x2250, 0x4BD3, 0x6392, 0x8C32, 0x10A6, 0x0024, 0x10C7, 0x198B, 0x2109, 0x5B0F, 0x39AB, 0x8471,
  0x2A10, 0x42F3, 0x6BD2, 0x5BF3, 0x7CD7, 0x4C59, 0x8D17, 0x84B3, 0x7434, 0x8D16, 0x94F4, 0x9CF3, 0xA514, 0x9D14, 0xA513, 0xA514,
  0x8CB6, 0x6C56, 0x8CB4, 0x7CD8, 0x7D39, 0x5B93, 0x63F4, 0x5BB3, 0x63F5, 0x5B94, 0x63D4, 0x6C56, 0x4ACF, 0x4ACE, 0x4A8C, 0x4229,
  0x4209, 0x3A2C, 0x4B11, 0x6498, 0x4B55, 0x5C39, 0x6CFD, 0x4BD9, 0x755B, 0x5CDD, 0x4B71, 0x5AEC, 0x53D9, 0x7C96, 0xC5F7, 0xC6DD,
  0xC6FC, 0xD69A, 0xEF5D, 0xDEDA, 0xB65A, 0xD6FC, 0xCE59, 0xC659, 0xB5B6, 0x9CF3, 0x8410, 0x632C, 0x528A, 0x4A49, 0x4208, 0x39C7,
  0x31A6, 0x31A6, 0x31A6, 0x2965, 0x2966, 0x18E4, 0x3209, 0x4B0E, 0x32AE, 0x29A7, 0x31E9, 0x2A0C, 0x4419, 0x441C, 0x3339, 0x3292,
  0x636F, 0x6391, 0x7C13, 0x9470, 0x638F, 0x2A93, 0x4311, 0x31C8, 0x3186, 0x2967, 0x2148, 0x2A30, 0x21ED, 0x2A31, 0x216A, 0x220D,
  0x3292, 0x218A, 0x2126, 0x2967, 0x5289, 0x630B, 0x5B4F, 0x52ED, 0x630B, 0x8410, 0xB5B6, 0xEF7D, 0xEF5D, 0x6B4E, 0x3188, 0x39EA,
  0x3A4D, 0x42B0, 0x6C97, 0x649A, 0x6D3C, 0x8E5D, 0x755E, 0x759E, 0x759E, 0x7D7F, 0x751D, 0x53D7, 0x53D7, 0x4BB5, 0x4BB3, 0x5377,
  0x4B14, 0x4333, 0x4B76, 0x4B33, 0x42F1, 0x3A8F, 0x4B75, 0x3AB1, 0x320D, 0x326F, 0x326F, 0x32B0, 0x42F1, 0x2189, 0x31EB, 0x8C92,
  0x6370, 0x63D2, 0x73F0, 0x8451, 0x94B2, 0x94D3, 0x94D4, 0x84B4, 0x9D36, 0x6C15, 0x5373, 0x6393, 0x6350, 0x7435, 0x7434, 0x7C13,
  0x8CF8, 0x8CF9, 0x957A, 0x9539, 0x953A, 0xA5BA, 0xB5FA, 0xB61A, 0xE73D, 0xB63C, 0x8D3A, 0x957A, 0x9DDD, 0xA61D, 0xADFA, 0xC63B,
  0xD6FC, 0xDEBA, 0xCE9A, 0xBE19, 0xBDD7, 0xADB7, 0xAD96, 0xAD34, 0xA514, 0x9CF3, 0x9CD3, 0x94B2, 0x94B2, 0x9CD3, 0x9CF3, 0x9CF3,
  0x9CF3, 0x9CF3, 0x9CF3, 0xA514, 0xA555, 0xB576, 0xB5B6, 0xB5D6, 0xBDD7, 0xBDD7, 0xB5D7, 0xBDF7, 0xBE18, 0xC638, 0xC659, 0xCEBB,
  0xCEFC, 0xD6BA, 0xD679, 0xCE79, 0xCE79, 0xCE79, 0xD69A, 0xD69A, 0xD69A, 0xD6BA, 0xD6BA, 0xDEDB, 0xDEDB, 0xDEFB, 0xE71C, 0xDF3D,
  0xCF1D, 0xC6FD, 0xBEDD, 0xAEBD, 0xB6BC, 0xD6DC, 0xDEFB, 0xDEDA, 0xDEDB, 0xDEDA, 0xDEDB, 0xDEDB, 0xE71C, 0xEF9D, 0xEF9E, 0xE77E,
  0xDF5D, 0xD71D, 0xCF1D, 0xC6FD, 0xC6FD, 0xCEFD, 0xCEFC, 0xCEDC, 0xCEDC, 0xCEFC, 0xCEDC, 0xC6DC, 0xC6BB, 0xC6BB, 0xBE9B, 0xBE7B,
  0xB67A, 0xAE5A, 0xA63A, 0xADF9, 0xA5F9, 0xA5D9, 0xA5D9, 0xA5D9, 0xA5D9, 0xA5D9, 0xA5D9, 0xA5D9, 0xA5F9, 0xA5F9, 0xA5F9, 0xA5F9,
  0xADD9, 0xA5D9, 0xA5D9, 0xA5B8, 0xA5B8, 0xA5B8, 0xA598, 0xA598, 0x9D77, 0x9D57, 0x9D37, 0x9516, 0x94F6, 0x94D5, 0x8CB5, 0x9D36,
  0x9CF4, 0xA4F3, 0x9535, 0x9D35, 0x74F8, 0x94F5, 0x9D15, 0x7457, 0xAD54, 0x7C75, 0x8CB5, 0x95FC, 0x5D1B, 0x32D2, 0x196D, 0x29EF,
  0x7475, 0x84F7, 0x74FA, 0x5BF5, 0x4313, 0x6455, 0x5B50, 0x8432, 0x10C6, 0x0003, 0x1909, 0x1109, 0x31AB, 0x426E, 0x528D, 0x7BF2,
  0x3230, 0x6BF3, 0x7433, 0x6C35, 0x4BF6, 0x84F6, 0x8CB5, 0x6BF3, 0x9CF4, 0x8D15, 0xA4F3, 0x9CF4, 0x9D14, 0xA514, 0xA514, 0x8495,
  0x84D5, 0x7C76, 0x8C94, 0x74B8, 0x74F8, 0x5B73, 0x63F4, 0x4B10, 0x6415, 0x5373, 0x5C15, 0x5BB3, 0x4A8D, 0x4A6D, 0x422A, 0x39E7,
  0x39E9, 0x3A0B, 0x5BF5, 0x4B75, 0x4B76, 0x64BB, 0x4BB9, 0x5C79, 0x6D1D, 0x5417, 0x52CC, 0x5355, 0x5BFA, 0xAD75, 0xD69B, 0xBEDD,
  0xD6BB, 0xE73C, 0xEF7E, 0xE77D, 0xD73E, 0xD69A, 0xCE7A, 0xC618, 0xAD75, 0x8C71, 0x6B6D, 0x52AA, 0x4A49, 0x4208, 0x3186, 0x2965,
  0x2965, 0x3186, 0x18C3, 0x10E6, 0x194B, 0x110A, 0x328F, 0x2A6E, 0x3A8D, 0x3A08, 0x29E9, 0x220D, 0x43D7, 0x3BBB, 0x3359, 0x3B14,
  0x7BF1, 0x63F3, 0x84B5, 0x9CD4, 0x8430, 0x3AB1, 0x3AF3, 0x424A, 0x31A5, 0x3187, 0x2128, 0x21AC, 0x2A0F, 0x2A0F, 0x21CD, 0x21CC,
  0x32B3, 0x218A, 0x2145, 0x4229, 0x52AC, 0x4A49, 0x3A2A, 0x320A, 0x41E7, 0x52AA, 0x73AE, 0xC638, 0xFFDF, 0xB596, 0x31A8, 0x39CA,
  0x3A2C, 0x42B1, 0x6416, 0x753A, 0x5CDC, 0x965E, 0x7DBE, 0x6D5E, 0x757F, 0x6D1E, 0x751C, 0x53B7, 0x4B96, 0x4B95, 0x53D5, 0x4B35,
  0x4B97, 0x4312, 0x4B75, 0x4B75, 0x4B34, 0x3AB0, 0x3A6F, 0x4B75, 0x326F, 0x31EC, 0x322D, 0x320D, 0x3A6F, 0x3AAF, 0x218A, 0x634F,
  0x6C12, 0x5BB2, 0x7BF0, 0x8C31, 0x94B2, 0xA4F4, 0x9D15, 0x8CD6, 0x9516, 0xA555, 0x63D4, 0x6BF3, 0x6BD2, 0x73F2, 0x84B7, 0x7C33,
  0x8CD7, 0x8D3A, 0x957A, 0x9D79, 0x9539, 0x9D9B, 0xBE3B, 0xBE3B, 0xCE7B, 0xE73D, 0xADFC, 0x953A, 0x959A, 0x95DD, 0xAE3D, 0xADDA,
  0xBE7B, 0xD6DB, 0xCE59, 0xB5F8, 0xB5B7, 0xB5B6, 0xAD97, 0xA555, 0xA514, 0x9CF4, 0x9CD3, 0x94B2, 0x94B2, 0x9CD3, 0x9CF3, 0x9CF3,
  0x9CF3, 0x9CF3, 0x9CF3, 0xA514, 0xAD55, 0xAD96, 0xB5B6, 0xBDB7, 0xBDD7, 0xBDF7, 0xC5F7, 0xBDF8, 0xC618, 0xCE59, 0xCEBB, 0xCEFC,
  0xD6BB, 0xD679, 0xCE79, 0xCE79, 0xD69A, 0xD69A, 0xD69A, 0xD6BA, 0xD6BA, 0xD6BA, 0xDEDB, 0xDEDB, 0xDEFB, 0xE71C, 0xDF3C, 0xD73D,
  0xC71D, 0xC6FD, 0xB6DC, 0xB6DC, 0xCEFC, 0xDEFC, 0xDEDB, 0xDEBB, 0xDEDB, 0xDEDB, 0xDEDB, 0xE71C, 0xF77E, 0xF79E, 0xE77D, 0xD73D,
  0xCF1D, 0xC6FD, 0xC6FD, 0xCF1D, 0xC71D, 0xC6FC, 0xCEDC, 0xCEDC, 0xCEDC, 0xCEDC, 0xCEDC, 0xCEDC, 0xCEBC, 0xC6BB, 0xC6BB, 0xBE9B,
  0xBE9B, 0xBE7B, 0xB67B, 0xB67A, 0xB67B, 0xB67B, 0xB65A, 0xB65A, 0xAE5A, 0xAE3A, 0xAE3A, 0xAE3A, 0xAE3A, 0xAE19, 0xA619, 0xA5F9,
  0xA5D9, 0xA5B8, 0xA5B8, 0xA598, 0x9D77, 0x9D57, 0x9D57, 0x9536, 0x9516, 0x94F6, 0x94D6, 0x94B5, 0x8C95, 0x8C75, 0x8C54, 0x9CF5,
  0xA4F4, 0xA513, 0x9535, 0x9D15, 0x7CF7, 0x8CF6, 0xA514, 0x6C56, 0xAD35, 0x8CD4, 0x73F4, 0x95DB, 0x5D1B, 0x32D2, 0x194C, 0x116D,
  0x5BD4, 0x84B6, 0x3B97, 0x32F3, 0x4B93, 0x6414, 0x5B30, 0x7C12, 0x1907, 0x0002, 0x1949, 0x08A8, 0x422D, 0x3A0C, 0x6330, 0x4A4F,
  0x52F1, 0x8474, 0x5394, 0x3B14, 0x5C15, 0x8D16, 0x6BD3, 0x9CF4, 0x9D15, 0x9515, 0xA514, 0x9D14, 0xA514, 0x9CF4, 0x7C75, 0x94D4,
  0x9D15, 0x7435, 0x8CB4, 0x74B8, 0x6C36, 0x5BB4, 0x5351, 0x52AF, 0x5BF5, 0x5373, 0x5C15, 0x4B10, 0x424C, 0x422B, 0x3A08, 0x39C7,
  0x39C9, 0x4AAE, 0x53D4, 0x3AD2, 0x53F8, 0x53D9, 0x4357, 0x6D1B, 0x5C9C, 0x5370, 0x4ACF, 0x4B77, 0x8495, 0xCE79, 0xBEBC, 0xCEFC,
  0xDEDB, 0xEF7D, 0xF79D, 0xDF3E, 0xD6FD, 0xDEDB, 0xD69A, 0xBDF7, 0xA534, 0x8430, 0x632C, 0x528A, 0x4208, 0x2965, 0x2945, 0x39E8,
  0x6B4D, 0x7BCF, 0x6BD2, 0x3A4C, 0x0863, 0x0044, 0x5C59, 0x43D7, 0x3A4C, 0x4AAB, 0x29C8, 0x2A4D, 0x43B7, 0x2B59, 0x3359, 0x4B74,
  0x8C73, 0x7455, 0x9556, 0xA515, 0x94B2, 0x5351, 0x32F3, 0x52ED, 0x4208, 0x31A7, 0x2168, 0x2129, 0x2A30, 0x29CE, 0x29F0, 0x21CC,
  0x32B4, 0x2169, 0x31A7, 0x5AAB, 0x4A6A, 0x31A7, 0x29A7, 0x3A6C, 0x4A49, 0x630C, 0x6B6D, 0x9CF3, 0xEF5D, 0xDEFB, 0x4A4B, 0x31C9,
  0x3A2C, 0x42B1, 0x5374, 0x7D7A, 0x5CDC, 0x85DE, 0x8E1E, 0x651D, 0x6D3E, 0x64BC, 0x6CDB, 0x53F7, 0x4B34, 0x4B55, 0x53D5, 0x4373,
  0x4B96, 0x4355, 0x4353, 0x4B96, 0x4B96, 0x4334, 0x3A6F, 0x3A70, 0x4B56, 0x2A2E, 0x29AA, 0x31EC, 0x29CB, 0x3A6E, 0x3A6E, 0x218A,
  0x428E, 0x4B51, 0x6BF2, 0x8473, 0x94D4, 0x9514, 0x9D34, 0x9536, 0x84D6, 0xB5B7, 0x8496, 0x63F3, 0x7C35, 0x73F2, 0x8496, 0x8CD7,
  0x8495, 0x957A, 0x955A, 0x9DBB, 0x9559, 0x9D7A, 0xB5FB, 0xCE9B, 0xC67B, 0xCE9B, 0xDF1D, 0xA5DC, 0x8D5A, 0x959B, 0x9DFD, 0xB61C,
  0x9D79, 0xC67A, 0xC638, 0xB5D7, 0xADB7, 0xADB7, 0xAD96, 0xA556, 0x9D35, 0x9CF3, 0x9CD3, 0x9CD3, 0x9CD3, 0x9CF3, 0x9CF3, 0x9CF3,
  0x9CF3, 0x9CF3, 0x9CF3, 0xA514, 0xA534, 0xB596, 0xB5B6, 0xBDD7, 0xBDD7, 0xBDF7, 0xC5F7, 0xC618, 0xC639, 0xCEBB, 0xD6FC, 0xD6BB,
  0xCE79, 0xCE79, 0xCE79, 0xCE79, 0xD69A, 0xD69A, 0xD6BA, 0xD6BA, 0xD6BA, 0xDEDB, 0xDEDB, 0xDEFB, 0xE71C, 0xE73C, 0xDF3D, 0xCF3D,
  0xC71D, 0xBEFD, 0xBEDC, 0xCEFC, 0xDEFB, 0xDEDB, 0xD6BA, 0xD6BA, 0xDEDB, 0xDEDB, 0xE71C, 0xEF7D, 0xF79E, 0xEF7E, 0xDF5D, 0xCF1D,
  0xC6FC, 0xC6FD, 0xCEFD, 0xCF1D, 0xCF1D, 0xCEFC, 0xCEFC, 0xD71C, 0xD71C, 0xDF1C, 0xDF1C, 0xDF1C, 0xDF1C, 0xD6FC, 0xD6FC, 0xD6FC,
  0xD6FC, 0xCEDC, 0xCEDC, 0xCEDB, 0xC6BB, 0xC6BB, 0xC69B, 0xBE7B, 0xB67A, 0xB65A, 0xAE39, 0xAE3A, 0xA619, 0xA5F9, 0xA5B9, 0xA5B8,
  0x9D98, 0x9D78, 0x9D57, 0x9D37, 0x9D17, 0x94F6, 0x94F6, 0x94D6, 0x94B6, 0x8C95, 0x8C95, 0x8C75, 0x8C75, 0x8C74, 0x8454, 0x94D5,
  0xA514, 0xA514, 0x9535, 0xA534, 0x84D6, 0x7D17, 0xA514, 0x6C56, 0xA514, 0xAD54, 0x63B4, 0x753A, 0x5D1C, 0x2292, 0x110B, 0x112C,
  0x5BB3, 0x9537, 0x3B57, 0x11F0, 0x3AF1, 0x3AAF, 0x5AEF, 0x73F2, 0x2127, 0x0002, 0x1969, 0x0867, 0x4A6D, 0x4A6D, 0x5AAF, 0x3A4F,
  0x42F3, 0x7474, 0x4B74, 0x3B33, 0x8CF5, 0x6BF3, 0x94D4, 0xAD34, 0x9516, 0x9D15, 0xA514, 0xA513, 0x9CF4, 0x7C74, 0x94F4, 0xAD54,
  0x8CF6, 0x6C56, 0x8CB5, 0x6C97, 0x5BB4, 0x5B93, 0x4ACF, 0x4AAE, 0x5BB5, 0x53B5, 0x5393, 0x428E, 0x422B, 0x39E9, 0x39C7, 0x31C7,
  0x31CA, 0x4B72, 0x42F1, 0x4334, 0x53D7, 0x3AF5, 0x5C79, 0x5CBB, 0x6457, 0x42CF, 0x4B13, 0x63D4, 0xBDD8, 0xC67B, 0xC6FC, 0xDEFB,
  0xEF7D, 0xF79E, 0xF79D, 0xCF1E, 0xE73D, 0xDF1C, 0xD69A, 0xBDF7, 0xA514, 0x8410, 0x630C, 0x39E7, 0x2945, 0x2104, 0x39E7, 0x738E,
  0xBDF7, 0xE73C, 0xEFBF, 0x8CB4, 0x0861, 0x0021, 0x95BB, 0x43F7, 0x2146, 0x29A7, 0x320A, 0x326E, 0x4B96, 0x2B18, 0x3358, 0x6BF5,
  0x8494, 0x94F6, 0xA597, 0xA575, 0x9CF4, 0x73F0, 0x3B13, 0x5B4F, 0x5289, 0x3A08, 0x29C8, 0x2148, 0x29EF, 0x21CD, 0x29CE, 0x21CD,
  0x32B4, 0x2168, 0x39E8, 0x52CB, 0x4A49, 0x31A7, 0x3A09, 0x4AEE, 0x5ACB, 0x738E, 0x7BCF, 0x8C51, 0xD69A, 0xEF9D, 0x632D, 0x29A8,
  0x3A2B, 0x42B0, 0x4334, 0x7D39, 0x6D1C, 0x6D7E, 0x9E5E, 0x6D1C, 0x64BD, 0x5C5B, 0x5C59, 0x5C37, 0x4314, 0x4313, 0x4B74, 0x53D5,
  0x42F3, 0x4B97, 0x4333, 0x4375, 0x4BD7, 0x4B96, 0x4313, 0x324E, 0x3A91, 0x4336, 0x320D, 0x29A9, 0x29CB, 0x29AB, 0x3A8E, 0x3A4D,
  0x2189, 0x29EB, 0x3A6E, 0x5331, 0x7C33, 0x94F4, 0x9D36, 0xAD76, 0x9D57, 0x9D78, 0xB5D8, 0x7C34, 0x7C34, 0x8454, 0x8454, 0x9519,
  0x8CD6, 0x9D59, 0x9D7B, 0x9DBB, 0x9D9A, 0x9D7A, 0xA5BB, 0xBE5C, 0xDEFC, 0xC67B, 0xCE9B, 0xD6FD, 0x9DBC, 0x8D7A, 0x959B, 0xA5FC,
  0x9D9A, 0x9D98, 0xBE17, 0xB5B6, 0xAD96, 0xAD97, 0xB596, 0xA555, 0x9536, 0x9D14, 0xA4F3, 0x9CF3, 0x9CF3, 0xA514, 0xA514, 0x9CF3,
  0x9CF3, 0x9CF3, 0x9CF3, 0xA514, 0xA534, 0xB596, 0xB5B6, 0xBDD7, 0xBDF7, 0xBE38, 0xC618, 0xC639, 0xCEBB, 0xD6FD, 0xCEBB, 0xCE79,
  0xCE79, 0xCE79, 0xCE79, 0xCE79, 0xD69A, 0xD69A, 0xD6BA, 0xD6BA, 0xDEDB, 0xDEDB, 0xDEFB, 0xE71C, 0xE73C, 0xDF5D, 0xD73D, 0xCF1D,
  0xC6FD, 0xBEFD, 0xD6FC, 0xDEFB, 0xDEDA, 0xD6BA, 0xD6BA, 0xD6BA, 0xDEDB, 0xDEFB, 0xEF5D, 0xF79E, 0xF79E, 0xEF7E, 0xDF3D, 0xCEFD,
  0xC6FD, 0xC6FD, 0xCEFD, 0xD73D, 0xDF3D, 0xE75D, 0xE75E, 0xEF5D, 0xEF5D, 0xEF7D, 0xEF7D, 0xEF7D, 0xEF7D, 0xEF5D, 0xE75D, 0xE75D,
  0xE71D, 0xDEFC, 0xD6DC, 0xCEDB, 0xC6BB, 0xBE7B, 0xBE7A, 0xB65A, 0xAE1A, 0xA61A, 0xA5F9, 0xA5B9, 0xA5B8, 0x9D98, 0x9D78, 0x9D57,
  0x9537, 0x9517, 0x9517, 0x94F6, 0x94D6, 0x94B6, 0x94B6, 0x8C95, 0x8C95, 0x8C75, 0x8C75, 0x8C74, 0x8454, 0x8C54, 0x8434, 0x94F5,
  0xA534, 0xAD34, 0x9D55, 0xA555, 0x94F6, 0x6CF8, 0xAD55, 0x6C57, 0xA514, 0xAD95, 0x7414, 0x4C17, 0x5D1C, 0x22B2, 0x08EB, 0x00EB,
  0x5B72, 0x9536, 0x3B56, 0x11D0, 0x4BB4, 0x32AE, 0x4A6C, 0x73F1, 0x2947, 0x0003, 0x1908, 0x0867, 0x52AE, 0x422D, 0x5AEF, 0x4AAF,
  0x5B75, 0x53D6, 0x32F3, 0x6434, 0x8434, 0x8473, 0xAD34, 0xA534, 0x9516, 0x9D15, 0xAD34, 0x9D14, 0x8475, 0x9D15, 0xA554, 0xAD54,
  0x94F6, 0x7496, 0x94F6, 0x7477, 0x5BD5, 0x5332, 0x4A6E, 0x428D, 0x5394, 0x53F6, 0x42F0, 0x424D, 0x39E9, 0x39C8, 0x31C7, 0x2986,
  0x3A6C, 0x4B53, 0x3A90, 0x4354, 0x3AF4, 0x4356, 0x64FB, 0x5C5B, 0x5BB3, 0x3AAF, 0x5332, 0x94D5, 0xCE7A, 0xB69C, 0xD6FC, 0xE71C,
  0xEF9E, 0xF7BE, 0xE73D, 0xD73D, 0xEF3C, 0xE73D, 0xD6BA, 0xC618, 0xAD55, 0x8C51, 0x5AEB, 0x3186, 0x2945, 0x2945, 0x5ACB, 0x9CF3,
  0xEF5D, 0xFFFF, 0xFFFF, 0xE7BF, 0x5BD2, 0x53D4, 0x965F, 0x224E, 0x2945, 0x3A2A, 0x4B0E, 0x4310, 0x4BB6, 0x2B19, 0x3358, 0x8CD5,
  0x7C76, 0xB5D7, 0xADB8, 0xA596, 0xAD35, 0x8431, 0x4334, 0x63B0, 0x62EB, 0x4A69, 0x3A08, 0x31A7, 0x29AC, 0x29EE, 0x218A, 0x29EE,
  0x32B4, 0x2967, 0x41E9, 0x52CB, 0x4A69, 0x3A08, 0x422A, 0x4B0F, 0x630C, 0x738E, 0x7BCF, 0x8430, 0xBDF7, 0xF7BE, 0x7BF0, 0x2988,
  0x3A2C, 0x42B1, 0x4355, 0x74D8, 0x7D5C, 0x651D, 0x8E1E, 0x7D7D, 0x543A, 0x5439, 0x4BD7, 0x5C17, 0x4334, 0x4333, 0x4313, 0x5417,
  0x42F2, 0x4313, 0x4335, 0x4334, 0x4375, 0x4BD7, 0x4376, 0x3AF3, 0x324E, 0x3A71, 0x4315, 0x31ED, 0x2989, 0x29AA, 0x29AA, 0x42AF,
  0x428D, 0x31A9, 0x31EB, 0x3A2C, 0x4A8E, 0x6B71, 0x8454, 0x9516, 0x9D77, 0x8CF7, 0xADD8, 0x94F6, 0x7C33, 0x8C95, 0x8475, 0x94F6,
  0x9539, 0x9517, 0x9D9B, 0x9D9B, 0xA5BA, 0x9D59, 0x9D9B, 0xAE1B, 0xC67B, 0xE75C, 0xBE3A, 0xCEBC, 0xD6DD, 0x959B, 0x8D5A, 0x8DBC,
  0xA5DB, 0x8D38, 0xA557, 0xB596, 0xB596, 0xB597, 0xAD97, 0xAD54, 0x9D34, 0x9D16, 0xA534, 0xA534, 0xA535, 0xAD75, 0xAD55, 0xA534,
  0xA514, 0x9CF3, 0xA514, 0xA514, 0xA534, 0xB596, 0xB5D7, 0xBDD7, 0xC638, 0xC659, 0xC618, 0xCE7A, 0xCEFC, 0xC6BC, 0xBE7A, 0xCE79,
  0xCE79, 0xCE79, 0xCE79, 0xCE79, 0xD69A, 0xD6BA, 0xD6BA, 0xD6BA, 0xDEDB, 0xDEDB, 0xDEFB, 0xE71C, 0xEF3C, 0xDF5D, 0xCF3E, 0xC71D,
  0xC71D, 0xD71C, 0xDF1C, 0xDEFB, 0xD6BA, 0xD6BA, 0xD69A, 0xD6BA, 0xDEDA, 0xE73C, 0xF79E, 0xF79E, 0xF79E, 0xEF7E, 0xD73D, 0xC71D,
  0xC6FD, 0xCF1D, 0xD73D, 0xE75D, 0xEF7D, 0xEF9E, 0xF79E, 0xEF7D, 0xEF7D, 0xEF7D, 0xEF7D, 0xEF7D, 0xEF7D, 0xEF7D, 0xEF5D, 0xDF3D,
  0xD6FC, 0xCEDC, 0xC69B, 0xBE7A, 0xB65A, 0xAE3A, 0xA619, 0xA5F9, 0x9DD9, 0x9DB8, 0x9D98, 0x9D78, 0x9D57, 0x9537, 0x9517, 0x9517,
  0x94F7, 0x94F7, 0x94D6, 0x94B6, 0x94B6, 0x8C96, 0x8C95, 0x8C95, 0x8C95, 0x8C75, 0x8C75, 0x8C74, 0x8454, 0x8C54, 0x8453, 0x9CF5,
  0xAD55, 0xAD55, 0x9D76, 0xA576, 0x9D36, 0x74F8, 0xA576, 0x7456, 0x9D15, 0xB594, 0x8C95, 0x4B54, 0x651B, 0x2AD3, 0x090B, 0x00AA,
  0x5330, 0x9557, 0x3B36, 0x11D0, 0x5416, 0x3AF0, 0x39E9, 0x7412, 0x2968, 0x0822, 0x10A5, 0x10A7, 0x422D, 0x39EC, 0x7BF2, 0x6352,
  0x6416, 0x3B34, 0x63D4, 0x63F3, 0x7434, 0xA534, 0xA534, 0xA534, 0x8D37, 0xAD55, 0xA534, 0x8495, 0x9D35, 0xAD55, 0xAD55, 0xAD75,
  0x8CF7, 0x8CB6, 0x9D56, 0x6456, 0x5BB4, 0x4A8F, 0x424D, 0x424D, 0x53B5, 0x53B5, 0x3A6F, 0x3A2C, 0x39C9, 0x31C6, 0x3186, 0x3187,
  0x4331, 0x4312, 0x3AB0, 0x3291, 0x3272, 0x5C7A, 0x4C5A, 0x6499, 0x3AF0, 0x52EF, 0x63B2, 0xBDF7, 0xB65B, 0xC6DC, 0xDEFB, 0xF79E,
  0xF79E, 0xF79E, 0xCEFD, 0xE75C, 0xE75D, 0xE75D, 0xDEDB, 0xCE79, 0xB5B6, 0x94B2, 0x632C, 0x4A69, 0x2945, 0x39C7, 0x73AE, 0xBDD7,
  0xEF7D, 0xFFFF, 0xF77E, 0xC6BB, 0xAEFE, 0x8E3B, 0x5C78, 0x424A, 0x7BCE, 0x7C32, 0x6C12, 0x5372, 0x53D6, 0x2339, 0x53D8, 0x9536,
  0x84D7, 0xCE59, 0xADD8, 0xA596, 0xB575, 0x9492, 0x4354, 0x63D2, 0x6B6D, 0x5AEB, 0x4A4A, 0x4209, 0x298A, 0x29F0, 0x218A, 0x3211,
  0x3293, 0x2987, 0x4229, 0x5B0C, 0x5ACB, 0x4208, 0x424A, 0x5371, 0x6B8D, 0x7BEF, 0x8410, 0x8C51, 0xB5B6, 0xF7BE, 0x9493, 0x2988,
  0x3A2C, 0x42D2, 0x4B97, 0x6C99, 0x859C, 0x64DD, 0x755D, 0x8DDD, 0x53F8, 0x53D8, 0x4376, 0x53B6, 0x4B34, 0x4313, 0x4313, 0x53D6,
  0x4B95, 0x328F, 0x42F3, 0x4334, 0x4313, 0x4B96, 0x4BB8, 0x4376, 0x3AF3, 0x324E, 0x3250, 0x42F4, 0x322E, 0x298A, 0x31AA, 0x31AA,
  0x4ACF, 0x4AEF, 0x3A0A, 0x424B, 0x4A6C, 0x52AD, 0x5B0E, 0x73B1, 0x94B4, 0xA556, 0x9D58, 0xB619, 0x8CD5, 0x8494, 0x94B6, 0x8CB5,
  0x9D5A, 0x9517, 0xA5BA, 0x9D9B, 0xA5DC, 0x9D79, 0x957A, 0xADDB, 0xC65B, 0xD6DC, 0xDF3C, 0xB63A, 0xD6BC, 0xBE7D, 0x8D9C, 0x855B,
  0x95BC, 0x957A, 0x84D7, 0xAD56, 0xB595, 0xB5B6, 0xAD76, 0xA535, 0xA514, 0x9D34, 0x9D36, 0xA555, 0xB575, 0xB5B6, 0xB5B6, 0xAD75,
  0xA534, 0xA514, 0xA514, 0xA514, 0xA534, 0xB596, 0xBDD7, 0xBDF7, 0xBE59, 0xCE59, 0xCE38, 0xCEDC, 0xC6BC, 0xC67A, 0xCE79, 0xCE79,
  0xCE79, 0xCE79, 0xCE9A, 0xD69A, 0xD69A, 0xD6BA, 0xD6BA, 0xD6BA, 0xDEDB, 0xDEDB, 0xDEFC, 0xE73C, 0xE73D, 0xD73E, 0xCF3D, 0xCF1D,
  0xDF1D, 0xE73D, 0xDF1B, 0xDEDB, 0xD6BA, 0xD69A, 0xD69A, 0xD69A, 0xCEDC, 0xD73D, 0xEF7E, 0xEF9E, 0xF79E, 0xEF7D, 0xDF3D, 0xC6FD,
  0xC6FD, 0xCEFD, 0xDF3D, 0xEF7E, 0xF79E, 0xEF9E, 0xF79D, 0xEF7D, 0xEF7D, 0xEF7D, 0xEF7D, 0xEF7D, 0xEF7E, 0xE75D, 0xDF3D, 0xCEFC,
  0xC6BB, 0xBE7B, 0xAE5A, 0xAE19, 0xA5F9, 0x9DD9, 0x9DB8, 0x9D98, 0x9D78, 0x9D57, 0x9557, 0x9537, 0x9517, 0x9517, 0x94F7, 0x94F6,
  0x94D6, 0x8CD6, 0x8CB6, 0x94B6, 0x8C95, 0x8C95, 0x8C95, 0x8C95, 0x8C95, 0x8C75, 0x8C75, 0x8C75, 0x8C75, 0x8C74, 0x8C54, 0x9D16,
  0xAD75, 0xB575, 0xA596, 0xA596, 0xA576, 0x7CF9, 0xA597, 0x7497, 0x9D16, 0xB595, 0x9515, 0x6C35, 0x653B, 0x2B15, 0x092B, 0x00A9,
  0x4AF0, 0xA5B7, 0x3B35, 0x1211, 0x4BB4, 0x3B12, 0x2969, 0x7C32, 0x29A9, 0x1064, 0x10A5, 0x20E8, 0x294B, 0x6B4F, 0x73D2, 0x7BD1,
  0x5C16, 0x63D4, 0x7455, 0x5B51, 0x9D14, 0xA554, 0xAD55, 0xAD55, 0x9557, 0xA575, 0x8CB5, 0xA555, 0xB595, 0xAD75, 0xAD75, 0xB575,
  0x8D37, 0x8CD7, 0x9537, 0x6415, 0x5B93, 0x4A4C, 0x422C, 0x424D, 0x53B5, 0x4AF1, 0x3A4D, 0x3A0B, 0x39A8, 0x31A6, 0x2965, 0x3A4C,
  0x4332, 0x3AB1, 0x326F, 0x322E, 0x3B14, 0x5CBA, 0x5439, 0x5438, 0x424C, 0x42AE, 0x8C94, 0xBE19, 0xB67B, 0xD6DB, 0xEF5D, 0xF7BE,
  0xFFDE, 0xE73D, 0xDF3D, 0xEF7D, 0xEF7D, 0xEF3D, 0xE71C, 0xDEDB, 0xC638, 0xA514, 0x7BCF, 0x528A, 0x31A6, 0x4A69, 0x8430, 0xC618,
  0xDEFB, 0xEF5D, 0xEF5D, 0x8C93, 0x3A2B, 0x634F, 0x6C56, 0x94F4, 0xB596, 0x9D36, 0x7475, 0x63B3, 0x53F7, 0x231A, 0x8539, 0x8CB6,
  0xADF9, 0xD679, 0xB5D8, 0xADB7, 0xB576, 0x9CF2, 0x4374, 0x63F4, 0x7BCE, 0x6B4D, 0x52AB, 0x4A6A, 0x31C8, 0x29ED, 0x29AC, 0x2A31,
  0x2A50, 0x31A7, 0x528A, 0x6B4E, 0x6B4D, 0x4A48, 0x4A49, 0x5B70, 0x6BB0, 0x842F, 0x8C51, 0x8C71, 0xB596, 0xF79E, 0xA514, 0x31A8,
  0x3A0B, 0x42F2, 0x5419, 0x647A, 0x85BC, 0x5CBC, 0x64BD, 0x85BD, 0x6438, 0x4B75, 0x4B55, 0x4334, 0x4B13, 0x4312, 0x4313, 0x4B55,
  0x5BF7, 0x3AB1, 0x3A90, 0x42F3, 0x4313, 0x42F3, 0x4376, 0x4377, 0x4336, 0x3AF4, 0x3270, 0x324F, 0x3AB2, 0x3A2F, 0x31CA, 0x31EA,
  0x31EA, 0x52EE, 0x5B51, 0x4A8E, 0x52CE, 0x5B0F, 0x632F, 0x6B4E, 0x6B6F, 0x7BF1, 0x8C73, 0xAD77, 0xAD98, 0x8CB4, 0x94D5, 0x94D6,
  0x9517, 0x9D79, 0x9D79, 0xA5BC, 0xA5DC, 0xA5BA, 0x957A, 0x9D9B, 0xBE3C, 0xCEBC, 0xE73C, 0xD6BC, 0xA5BA, 0xBE5A, 0xAE3D, 0x8D7C,
  0x855B, 0x959B, 0x8CF7, 0x94D6, 0xAD96, 0xB5B5, 0xAD75, 0x9D56, 0xA534, 0xA514, 0xA535, 0x9D56, 0xA576, 0xBDB6, 0xBDD7, 0xB5B6,
  0xAD75, 0xA534, 0xA514, 0xA514, 0xA534, 0xB596, 0xBDD7, 0xC5F8, 0xCE79, 0xC639, 0xC69B, 0xC6BC, 0xC65A, 0xCE79, 0xCE99, 0xD699,
  0xD69A, 0xD69A, 0xD69A, 0xD6BA, 0xD6BA, 0xD6BA, 0xD6BA, 0xD6BB, 0xDEDB, 0xDEFB, 0xE71C, 0xE73C, 0xDF5E, 0xD75E, 0xD73D, 0xD73D,
  0xE73D, 0xE71C, 0xDEFB, 0xDEDB, 0xD69A, 0xD69A, 0xD69A, 0xD69A, 0xD6BB, 0xC6FC, 0xD73D, 0xEF9E, 0xF79E, 0xEF7E, 0xDF5D, 0xCEFC,
  0xBEDC, 0xBEFD, 0xDF5D, 0xEF9E, 0xF79E, 0xEF9D, 0xEF7D, 0xEF7D, 0xEF7D, 0xEF7D, 0xEF7D, 0xEF5D, 0xDF5D, 0xD71C, 0xCEDC, 0xBE9B,
  0xB65B, 0xAE3A, 0xA61A, 0xA5D9, 0xA5B9, 0x9D99, 0x9D78, 0x9D58, 0x9558, 0x9537, 0x9517, 0x9537, 0x9517, 0x94F7, 0x94F7, 0x94F6,
  0x94D6, 0x8CD6, 0x94D6, 0x94B6, 0x94B6, 0x94B6, 0x8C96, 0x8C96, 0x8C95, 0x8C95, 0x8C95, 0x8C75, 0x8C75, 0x8C74, 0x8C54, 0x9D16,
  0xB5B6, 0xB5B6, 0xADB7, 0xA5B7, 0xADB7, 0x8518, 0xADB7, 0x74D8, 0x9516, 0xB5B6, 0x9D36, 0x8D17, 0x6D5B, 0x3B96, 0x096C, 0x00A9,
  0x3A4E, 0xADD8, 0x4334, 0x1A52, 0x4393, 0x4373, 0x1908, 0x8431, 0x29A9, 0x1085, 0x18E6, 0x2109, 0x210A, 0x73B1, 0x52AF, 0x6BD2,
  0x63D5, 0x8495, 0x7474, 0x6BD3, 0xAD75, 0xAD54, 0xAD75, 0xAD76, 0x9D57, 0x94F5, 0xAD76, 0xB5B6, 0xB576, 0xB595, 0xAD75, 0xAD55,
  0x8D17, 0x8CF7, 0x9537, 0x6415, 0x5311, 0x4A4C, 0x420A, 0x426F, 0x5393, 0x3A6E, 0x3A2C, 0x31EA, 0x3187, 0x3186, 0x2986, 0x3AEF,
  0x42F1, 0x326F, 0x322E, 0x2A0E, 0x5479, 0x43D8, 0x64DC, 0x42AF, 0x39E9, 0x428D, 0x94D3, 0xA5DA, 0xBE7A, 0xD6BA, 0xEF7D, 0xFFDE,
  0xF7DE, 0xD71D, 0xF79E, 0xEF7E, 0xEF7D, 0xEF5D, 0xE73C, 0xDEFB, 0xCE79, 0xAD75, 0x8410, 0x528A, 0x4208, 0x4A49, 0x7BEF, 0xA534,
  0xBDD6, 0xBDF7, 0xBDD7, 0x9D14, 0xA533, 0xA556, 0x9578, 0xC639, 0xDEDB, 0xA578, 0x7454, 0x63F3, 0x4BD8, 0x337B, 0xADDB, 0x84B6,
  0xDEDB, 0xCE59, 0xBDF9, 0xB5D7, 0xB596, 0xA513, 0x53B5, 0x53D5, 0x83EF, 0x738E, 0x630C, 0x52AC, 0x4229, 0x29CC, 0x29AD, 0x2A30,
  0x2A2F, 0x31A7, 0x52CA, 0x73D0, 0x73CF, 0x528A, 0x4A49, 0x534E, 0x5B4F, 0x7C10, 0x9491, 0x8C72, 0xAD76, 0xF77D, 0xAD55, 0x31C8,
  0x39EC, 0x42D2, 0x541A, 0x5459, 0x859B, 0x5C7B, 0x5C5C, 0x6CBA, 0x7CF9, 0x3B14, 0x4354, 0x4313, 0x4313, 0x4312, 0x4333, 0x4314,
  0x5BF7, 0x4B34, 0x3A70, 0x3A90, 0x3AD2, 0x3AD3, 0x3AD2, 0x3B36, 0x3B56, 0x3B15, 0x3AD4, 0x3A93, 0x3250, 0x3A91, 0x4290, 0x3A0C,
  0x422B, 0x422B, 0x530F, 0x63B2, 0x5B30, 0x6351, 0x6BB2, 0x7BF2, 0x7C12, 0x8412, 0x8433, 0x8453, 0x9493, 0x94B4, 0x94D5, 0x94F7,
  0x94F6, 0x9D79, 0x9D59, 0xADDB, 0x9DBB, 0xA5FB, 0x9D79, 0x9D7A, 0xA5DB, 0xBE5B, 0xE71B, 0xDEFB, 0xC65B, 0xADB9, 0xA5DB, 0x9E3E,
  0x7D5B, 0x857B, 0x8D39, 0x8CD6, 0x9517, 0xB5B6, 0xB576, 0xA556, 0xA515, 0xA514, 0xA534, 0xA535, 0x9D56, 0xAD97, 0xB5D7, 0xB5B6,
  0xB575, 0xAD55, 0xA514, 0xA514, 0xA534, 0xB596, 0xBDF7, 0xC659, 0xBE7A, 0xBE5A, 0xC6BB, 0xC67A, 0xCE59, 0xD679, 0xCEBB, 0xCEDB,
  0xD6DB, 0xD6DB, 0xD6DB, 0xD6BB, 0xDEBB, 0xDEDB, 0xDEDB, 0xDEDB, 0xDEDB, 0xDEFB, 0xE73C, 0xE75D, 0xDF5E, 0xD73E, 0xDF3D, 0xE75D,
  0xE73C, 0xE71C, 0xDEFB, 0xD6BA, 0xD69A, 0xCE79, 0xCE79, 0xD69A, 0xD6BA, 0xCEDB, 0xC6FD, 0xE75D, 0xEF7D, 0xF79E, 0xE75D, 0xCF1D,
  0xB6BC, 0xAE9C, 0xC6FD, 0xDF5D, 0xE77E, 0xEF7D, 0xEF7D, 0xEF7D, 0xEF7D, 0xE75D, 0xE73D, 0xDF1C, 0xCEFC, 0xC6DC, 0xBE9B, 0xB67B,
  0xAE3A, 0xA61A, 0xA5FA, 0xA5D9, 0x9D99, 0x9D98, 0x9D78, 0x9D58, 0x9D38, 0x9537, 0x9537, 0x9537, 0x9517, 0x9517, 0x9517, 0x94F7,
  0x94F6, 0x94D6, 0x94D6, 0x94D6, 0x94D6, 0x94D6, 0x94B6, 0x94B6, 0x94B5, 0x8C95, 0x8C95, 0x8C95, 0x8C95, 0x8C94, 0x8C74, 0xA536,
  0xBDD7, 0xBDD7, 0xADD7, 0xA5D7, 0xBDD7, 0x8519, 0xB5D8, 0x84F8, 0x84F7, 0xBDD7, 0x9D37, 0x9D77, 0x6D1B, 0x4418, 0x118D, 0x08CA,
  0x196A, 0x9D77, 0x4B74, 0x2293, 0x4394, 0x4354, 0x1129, 0x73AF, 0x424B, 0x10A5, 0x2127, 0x2109, 0x298B, 0x5ACF, 0x6B70, 0x4B33,
  0x7C55, 0x84D6, 0x8433, 0x7434, 0xA535, 0xAD75, 0xB596, 0xADB6, 0x8CF8, 0xAD77, 0xBDD6, 0xB596, 0xB596, 0xB596, 0xB575, 0xA577,
  0x9536, 0x9558, 0x9D36, 0x63F4, 0x4AAF, 0x424C, 0x39CA, 0x4AF1, 0x4353, 0x3A0C, 0x320B, 0x31A8, 0x3187, 0x3145, 0x324C, 0x3AD1,
  0x3AD1, 0x320D, 0x29ED, 0x3B33, 0x545A, 0x4BD8, 0x5C57, 0x41A6, 0x324C, 0x632E, 0x7412, 0x84F5, 0x9CD3, 0xC638, 0xE73C, 0xFFDF,
  0xDF1D, 0xE77D, 0xF79E, 0xF7BF, 0xEF7D, 0xEF5D, 0xE73C, 0xE71C, 0xD69A, 0xB5B6, 0x8C71, 0x632C, 0x528A, 0x528A, 0x6B6D, 0x8430,
  0x9CD3, 0xAD54, 0xB596, 0xC638, 0xCE79, 0x9558, 0xB63B, 0xDEFC, 0xE73C, 0x9537, 0x7434, 0x6BF2, 0x43B8, 0x543C, 0x9D58, 0xADD9,
  0xE71B, 0xCE59, 0xB5D8, 0xB5D7, 0xB596, 0xA534, 0x5C15, 0x4BB5, 0x7C11, 0x7BCF, 0x6B6D, 0x52EC, 0x528A, 0x31C9, 0x29CC, 0x29F0,
  0x2A0C, 0x29A8, 0x52AB, 0x73B1, 0x7C11, 0x5AEB, 0x5289, 0x532E, 0x4AAB, 0x636F, 0x94D2, 0xA514, 0xBDF7, 0xF77D, 0xAD96, 0x31C9,
  0x31EB, 0x42D2, 0x53F9, 0x5419, 0x7D5A, 0x5C59, 0x543A, 0x4BB7, 0x7D19, 0x4B54, 0x4314, 0x4313, 0x42F3, 0x4313, 0x4314, 0x4335,
  0x4B76, 0x5BF7, 0x3AB1, 0x3A6F, 0x3A70, 0x3AD2, 0x3AB2, 0x3A91, 0x3B14, 0x3AF5, 0x3AD4, 0x3AB3, 0x3AB3, 0x3A51, 0x3A91, 0x42B1,
  0x428F, 0x4AAE, 0x52CC, 0x6350, 0x7C34, 0x73D1, 0x73B0, 0x7C12, 0x8432, 0x8452, 0x8C72, 0x8CB3, 0x94B4, 0x94B4, 0x9CF5, 0x9D16,
  0x9516, 0x9D37, 0xA57A, 0xA5DB, 0xA5DC, 0xA5FC, 0x9D9A, 0x9D7A, 0x9D9A, 0xADFB, 0xCE9B, 0xDEBA, 0xCE59, 0xC639, 0xA558, 0x959B,
  0x961D, 0x753A, 0x855B, 0x8CD7, 0x94F6, 0x9D56, 0xBD96, 0xAD55, 0x9D35, 0xA534, 0xA514, 0xA514, 0xAD35, 0xA576, 0xA597, 0xAD96,
  0xAD76, 0xAD55, 0xA513, 0xA513, 0xA535, 0xADB7, 0xADF8, 0xBE9B, 0xBE5A, 0xCE9A, 0xCE7A, 0xC639, 0xCE59, 0xD67A, 0xCEBB, 0xBEFC,
  0xBEDD, 0xC6FC, 0xCEFC, 0xCEFC, 0xD6FC, 0xD6FC, 0xDEFC, 0xDEFB, 0xDEFB, 0xE71C, 0xE73C, 0xDF5E, 0xD75E, 0xDF5D, 0xE75D, 0xE75C,
  0xE71C, 0xDEFB, 0xDEDB, 0xD6BA, 0xD69A, 0xCE79, 0xCE79, 0xCE79, 0xD69A, 0xD6BA, 0xC6DC, 0xCF1D, 0xE75D, 0xF79E, 0xEF7E, 0xD73D,
  0xB69C, 0x9E5C, 0xA67C, 0xBEBC, 0xCEFD, 0xD71D, 0xD71D, 0xD71D, 0xD71C, 0xCEFC, 0xCEDC, 0xC6BB, 0xC6BB, 0xBE9B, 0xB67B, 0xAE5A,
  0xAE3A, 0xA61A, 0xA5FA, 0x9DF9, 0x9DB9, 0x9D99, 0x9D98, 0x9D78, 0x9D58, 0x9D58, 0x9538, 0x9537, 0x9537, 0x9537, 0x9517, 0x9517,
  0x9517, 0x9517, 0x9517, 0x94F6, 0x94F6, 0x94D6, 0x94D6, 0x94D6, 0x94D6, 0x94D6, 0x8CB5, 0x8CB5, 0x8CB5, 0x8CB5, 0x8C95, 0xA557,
  0xBDF7, 0xC5F7, 0xB5F8, 0xADD8, 0xC617, 0x8559, 0xB5D8, 0x9D98, 0x7CD8, 0xBDF7, 0x9D57, 0xADB7, 0x6CF9, 0x549A, 0x11CF, 0x090A,
  0x00A8, 0x7C75, 0x63D5, 0x2AD4, 0x3B54, 0x4354, 0x198B, 0x5AED, 0x52CD, 0x10E6, 0x2969, 0x2949, 0x3A0C, 0x5AEE, 0x8433, 0x4AD3,
  0x8CD6, 0x84B6, 0x9494, 0x9D15, 0x9CF6, 0xB5B6, 0xBDB6, 0x9D78, 0xA597, 0xBDF6, 0xBDD7, 0xBDB6, 0xB5B6, 0xB596, 0xB596, 0x9D37,
  0x9538, 0x9556, 0x8CB5, 0x5373, 0x4A6D, 0x422B, 0x39EA, 0x4B12, 0x3A4D, 0x3A0B, 0x31CA, 0x31A7, 0x3166, 0x31C9, 0x3AAF, 0x42D0,
  0x2A4E, 0x29ED, 0x29EE, 0x5479, 0x3B75, 0x64FB, 0x3A09, 0x2146, 0x3A2B, 0x428B, 0x5BB1, 0x630C, 0x630B, 0x6B4E, 0xC659, 0xEF7E,
  0xD6FD, 0xEF9D, 0xF7BE, 0xF7BE, 0xEF5D, 0xE73C, 0xE73C, 0xDEFB, 0xD69A, 0xBDF7, 0xA534, 0x8C71, 0x7BEF, 0x8C51, 0x9CF3, 0xAD75,
  0xBDF7, 0xCE79, 0xDEDB, 0xEF5C, 0xCEBB, 0x8559, 0xD6FD, 0xDF3D, 0xDF1D, 0x8CF6, 0x7413, 0x6C14, 0x3B99, 0x5C5B, 0x8D17, 0xE71C,
  0xDEFB, 0xD679, 0xB5D8, 0xB5F8, 0xBD96, 0xA534, 0x6434, 0x53B3, 0x73F1, 0x840F, 0x73AE, 0x5B0D, 0x52CB, 0x31C9, 0x21AB, 0x29CD,
  0x2A0C, 0x29A9, 0x52AA, 0x7BD1, 0x8453, 0x6BAF, 0x52CC, 0x5B70, 0x4AAB, 0x52CC, 0x8453, 0xB5B6, 0xC639, 0xF79D, 0xA535, 0x31A9,
  0x3A0C, 0x42D1, 0x4BB7, 0x4BD8, 0x74F9, 0x5C38, 0x4BB7, 0x4B56, 0x6416, 0x6456, 0x3AB2, 0x4314, 0x4313, 0x4314, 0x4335, 0x4356,
  0x4356, 0x5C18, 0x4335, 0x3A71, 0x322E, 0x3A50, 0x3AB3, 0x3AB2, 0x3271, 0x3AB3, 0x3A92, 0x3250, 0x3A50, 0x3A70, 0x426F, 0x428F,
  0x4AF0, 0x52F0, 0x6330, 0x6350, 0x6BB1, 0x8495, 0x8494, 0x8452, 0x8C73, 0x8C93, 0x9493, 0x94B4, 0x94D4, 0x9CD4, 0x9CF5, 0x9D16,
  0x9D17, 0x9D16, 0x9D79, 0xA5BB, 0xA5FB, 0x9DDC, 0x9DBA, 0x9559, 0x9D7B, 0x9D9A, 0xADFA, 0xC67A, 0xC659, 0xB619, 0xC617, 0x9D57,
  0x95DD, 0x8DDD, 0x751A, 0x851A, 0x8D17, 0x8D18, 0xA576, 0xAD75, 0x9D55, 0xA534, 0xA514, 0xA535, 0xA535, 0xAD75, 0xAD76, 0xA576,
  0x9D77, 0xA556, 0x9D35, 0x9535, 0x9D76, 0xA597, 0xBE59, 0xCE79, 0xCE58, 0xCE7A, 0xCE59, 0xC638, 0xCE59, 0xD69A, 0xD6BB, 0xBEDC,
  0xBEDC, 0xBEDC, 0xBEFD, 0xC6FD, 0xCF1D, 0xCF1E, 0xD73E, 0xDF3D, 0xE73C, 0xE73C, 0xE75D, 0xDF5E, 0xDF5E, 0xEF7D, 0xEF5D, 0xE73C,
  0xE71C, 0xDEFB, 0xDEDB, 0xD6BA, 0xD69A, 0xCE79, 0xCE59, 0xCE79, 0xD67A, 0xD69A, 0xD6DB, 0xC6DC, 0xD71D, 0xEF7E, 0xEF9E, 0xDF5D,
  0xB6BD, 0x8E3C, 0x861B, 0x8E3B, 0xA65C, 0xAE9C, 0xB69C, 0xB69C, 0xBE9B, 0xBE9C, 0xBE9B, 0xBE9B, 0xBE9B, 0xB67B, 0xB67B, 0xAE5B,
  0xAE3A, 0xAE3A, 0xA61A, 0xA5FA, 0x9DD9, 0x9DD9, 0x9DB9, 0x9D99, 0x9D79, 0x9D78, 0x9D78, 0x9D58, 0x9D58, 0x9D58, 0x9D58, 0x9D38,
  0x9D38, 0x9537, 0x9537, 0x9517, 0x9517, 0x9517, 0x9517, 0x94F7, 0x94F7, 0x94F6, 0x94F6, 0x94D6, 0x94D6, 0x94D5, 0x94B5, 0xAD77,
  0xC618, 0xC618, 0xBE18, 0xADF8, 0xCE18, 0x8D79, 0xADB8, 0xBDF7, 0x74D9, 0xB5F7, 0xA577, 0xB5F8, 0x6CB6, 0x64FB, 0x2251, 0x110A,
  0x0088, 0x4B10, 0x7436, 0x32F3, 0x3B33, 0x4374, 0x21ED, 0x3A0B, 0x4A8C, 0x2169, 0x39EC, 0x31AA, 0x420C, 0x8411, 0x6B71, 0x5B53,
  0x8D17, 0x8CD5, 0x9D15, 0xADB6, 0x9CF6, 0xBDF6, 0xB5B7, 0x9D57, 0xB5F8, 0xBDF7, 0xBDF7, 0xBDD7, 0xB5B6, 0xB5B6, 0xADB6, 0x9517,
  0x9558, 0x7C96, 0x7436, 0x4AF0, 0x4A4D, 0x41E9, 0x3A4C, 0x4B12, 0x31CB, 0x39CA, 0x31A8, 0x3187, 0x2946, 0x3A6C, 0x3A6E, 0x328F,
  0x29AA, 0x29AC, 0x3B75, 0x4C18, 0x4BF7, 0x4B92, 0x0840, 0x218A, 0x2987, 0x3AAE, 0x428C, 0x4207, 0x52AA, 0x528A, 0x6B6E, 0xCEDD,
  0xEF5D, 0xEF7D, 0xFFDE, 0xEF7D, 0xDEFB, 0xDEDB, 0xD6BA, 0xD69A, 0xCE59, 0xC618, 0xBDD7, 0xB5B6, 0xB5B6, 0xC618, 0xD69A, 0xDEFB,
  0xE73C, 0xEF5D, 0xF77D, 0xFFDE, 0xADFA, 0x95BA, 0xE75D, 0xDF1D, 0xD6BC, 0x8495, 0x7434, 0x6C14, 0x43DA, 0x5418, 0xB619, 0xF7BD,
  0xDEFB, 0xD679, 0xADD8, 0xB5F8, 0xB5B6, 0xA534, 0x6C34, 0x5BB3, 0x6BF1, 0x8410, 0x7BCF, 0x632E, 0x52EC, 0x39E9, 0x29CB, 0x218A,
  0x2A2C, 0x31A9, 0x528A, 0x7C0F, 0x8CB3, 0x8C50, 0x5AEB, 0x6390, 0x4AAC, 0x52CB, 0x7412, 0xADB7, 0xD69A, 0xF77D, 0x73AF, 0x2989,
  0x3A0C, 0x3AB0, 0x4B75, 0x4376, 0x6CB8, 0x5C17, 0x4356, 0x4B56, 0x42F2, 0x74B7, 0x4313, 0x4313, 0x3B13, 0x4314, 0x4355, 0x4396,
  0x4377, 0x5398, 0x5BD7, 0x3AB3, 0x3A50, 0x320D, 0x3250, 0x3A92, 0x3A92, 0x3A71, 0x3A93, 0x3A92, 0x3A4F, 0x424E, 0x426F, 0x4AAF,
  0x52CF, 0x5B0F, 0x6350, 0x6B91, 0x73D1, 0x7BF2, 0x94B6, 0x9D38, 0x94D6, 0x8CB5, 0x94D4, 0x9CD5, 0x9CF5, 0x9CF5, 0x9CF5, 0x9CF6,
  0x9D17, 0x9D37, 0x9D58, 0xA59B, 0xADFB, 0x9DBB, 0x9DDB, 0x9559, 0x955A, 0x955A, 0x9D79, 0xA5B9, 0xADD9, 0xB5F8, 0xBDF7, 0xC5F7,
  0x8CF7, 0x8E1E, 0x7D5B, 0x751A, 0x7CD8, 0x9516, 0x8D16, 0x9D76, 0x9D36, 0x9516, 0x9515, 0x9D35, 0x9D36, 0x9D56, 0x9D76, 0x9D56,
  0x9D57, 0x9577, 0x9557, 0x9D55, 0xA535, 0xB5D7, 0xC699, 0xC639, 0xC65A, 0xC659, 0xC659, 0xC638, 0xCE59, 0xD69A, 0xD6DB, 0xBEDC,
  0xB6DC, 0xB6DC, 0xBEFD, 0xC71D, 0xD71C, 0xDF5D, 0xE75D, 0xE73C, 0xEF5C, 0xE75D, 0xDF5E, 0xDF5E, 0xEF5D, 0xEF5D, 0xEF5D, 0xE73C,
  0xE71C, 0xDEFB, 0xDEDB, 0xD6BA, 0xD69A, 0xCE79, 0xCE59, 0xCE79, 0xCE79, 0xD69A, 0xD6BA, 0xCEDC, 0xC6DC, 0xDF3D, 0xF79D, 0xEF7E,
  0xC6DD, 0x963C, 0x7DDB, 0x75BB, 0x85DB, 0x8E1B, 0x963B, 0x9E3B, 0xA65B, 0xA65B, 0xAE5B, 0xAE7B, 0xB67B, 0xB67B, 0xB67B, 0xAE5B,
  0xAE5A, 0xAE3A, 0xAE3A, 0xA61A, 0xA61A, 0xA5FA, 0xA5D9, 0x9DD9, 0xA5B9, 0xA5B9, 0x9DB9, 0x9D99, 0x9D98, 0x9D78, 0x9D78, 0x9D78,
  0x9D78, 0x9D78, 0x9D58, 0x9D58, 0x9D58, 0x9D57, 0x9D37, 0x9D37, 0x9D37, 0x9D37, 0x9D17, 0x9D16, 0x9D16, 0x9516, 0x94F6, 0xB5B8,
  0xC638, 0xC638, 0xC638, 0xAE19, 0xCE38, 0x9D99, 0x9D99, 0xCE37, 0x7CD8, 0x9D98, 0xA597, 0xBE18, 0x7475, 0x64FA, 0x32F4, 0x110A,
  0x08A7, 0x29EC, 0x7475, 0x4333, 0x3B13, 0x4B94, 0x322E, 0x29CA, 0x31EA, 0x31EA, 0x424D, 0x420C, 0x424C, 0x7BD1, 0x6B71, 0x6BD4,
  0x94F7, 0x9CF5, 0xAD76, 0xBDD7, 0xA557, 0xB5B8, 0xAD97, 0xB5F8, 0xB5F8, 0xBE17, 0xBDF8, 0xBDF7, 0xBDD7, 0xB5B7, 0xAD96, 0x9537,
  0x8D37, 0x8495, 0x6C34, 0x4A8E, 0x422C, 0x39C9, 0x42CE, 0x42D1, 0x31A9, 0x31A9, 0x3187, 0x2965, 0x31E9, 0x328E, 0x326F, 0x29AB,
  0x2989, 0x2A2F, 0x549A, 0x3B13, 0x5C79, 0x18E4, 0x18E5, 0x29A9, 0x320B, 0x42CE, 0x2965, 0x3186, 0x31A6, 0x4228, 0x52ED, 0xCE9B,
  0xEF7D, 0xF79E, 0xF77E, 0xE71C, 0xCE59, 0xC638, 0xCE59, 0xCE59, 0xCE59, 0xCE59, 0xCE59, 0xCE79, 0xD6BA, 0xE71C, 0xEF5D, 0xEF7D,
  0xF7BE, 0xF7BE, 0xFFDF, 0xFFDE, 0x8D38, 0xBE9D, 0xEF7D, 0xDEFD, 0xC65A, 0x7C75, 0x7454, 0x6C35, 0x43DA, 0x6458, 0xEF7D, 0xEF7D,
  0xE6FB, 0xCE79, 0xADD9, 0xBDF7, 0xB596, 0xA534, 0x7454, 0x63B2, 0x6BF2, 0x7C11, 0x7BEF, 0x6B6D, 0x5AED, 0x4209, 0x29AA, 0x29AB,
  0x2A2C, 0x31C8, 0x426B, 0x73B0, 0x7C11, 0x6B8E, 0x528A, 0x634E, 0x4A8A, 0x52AA, 0x9CF3, 0xAD97, 0xE75D, 0xCE39, 0x39E9, 0x31EA,
  0x3A0B, 0x3A6F, 0x4B12, 0x42F3, 0x6477, 0x5BF7, 0x4313, 0x4B14, 0x3A91, 0x5BB4, 0x6415, 0x3AD2, 0x4314, 0x4335, 0x4356, 0x4BB7,
  0x4BD8, 0x4378, 0x5C19, 0x4335, 0x3291, 0x324E, 0x320D, 0x324F, 0x3A91, 0x3A91, 0x3AB1, 0x42B3, 0x4292, 0x4290, 0x4A8F, 0x52AF,
  0x5B10, 0x6350, 0x6B70, 0x73D1, 0x7C12, 0x8432, 0x8453, 0x8CD4, 0x9D78, 0xA557, 0x9CF5, 0x9CD5, 0x9CF6, 0x9D16, 0x9D15, 0x9D15,
  0x9D16, 0x9D37, 0x9D17, 0xA57A, 0xA5FB, 0x9D9B, 0x9DBC, 0x9D5A, 0x9539, 0x8D1A, 0xA5B9, 0xC639, 0x9D77, 0x9558, 0xADD9, 0xBDF7,
  0xA535, 0x84F9, 0x95FD, 0x74FA, 0x74D9, 0x84D7, 0x9516, 0x94D6, 0xAD34, 0x9515, 0x9D14, 0xA514, 0xA534, 0xA535, 0xA555, 0xA534,
  0xAD34, 0xAD34, 0xA534, 0x9D35, 0xA5B8, 0xB659, 0xADF9, 0xB63A, 0xBE5A, 0xC659, 0xCE59, 0xCE59, 0xCE59, 0xD69A, 0xD6DB, 0xC6FC,
  0xBEDC, 0xCEFC, 0xD71C, 0xE73D, 0xEF5D, 0xEF5D, 0xEF5C, 0xEF5C, 0xEF5D, 0xDF5E, 0xE75D, 0xEF5D, 0xEF5D, 0xEF5D, 0xEF5D, 0xE73C,
  0xE71C, 0xDEFB, 0xDEDB, 0xD6BA, 0xD69A, 0xD679, 0xCE79, 0xCE79, 0xCE79, 0xD69A, 0xD69A, 0xD6DA, 0xC6DC, 0xC6FD, 0xE75E, 0xF79E,
  0xDF3E, 0xA67C, 0x7DDB, 0x755A, 0x757A, 0x7DBA, 0x85DB, 0x8DFB, 0x961B, 0x9E3B, 0x9E3B, 0xA65B, 0xA63B, 0xAE5B, 0xAE5B, 0xAE5B,
  0xAE5A, 0xAE5B, 0xAE5A, 0xAE3A, 0xAE3A, 0xA63A, 0xA61A, 0xA61A, 0xA5F9, 0xA5F9, 0xA5F9, 0xA5F9, 0xA5D9, 0xA5D9, 0xA5D9, 0xA5B9,
  0xA5B8, 0xA5B8, 0xA598, 0xA598, 0x9D98, 0x9D98, 0x9D77, 0x9D77, 0x9D77, 0x9D77, 0x9D57, 0x9D57, 0x9D57, 0x9D57, 0x9D37, 0xB5D8,
  0xC638, 0xC638, 0xC639, 0xAE1A, 0xCE58, 0xADD9, 0x9579, 0xCE58, 0x8D18, 0x84F8, 0xADB8, 0xB618, 0x8CF6, 0x6498, 0x43D6, 0x112A,
  0x10E8, 0x1109, 0x6C14, 0x53B4, 0x32F3, 0x53D6, 0x3A8F, 0x31EB, 0x3A0B, 0x424C, 0x4AAF, 0x4A6D, 0x52AD, 0x634F, 0x94B4, 0x7C15,
  0xA537, 0xA537, 0xB5F7, 0xBDF7, 0xBDF8, 0x9D58, 0xBDF7, 0xB5F8, 0xB5F9, 0xC617, 0xBDF8, 0xBDF7, 0xBDF7, 0xB5B7, 0xAD96, 0x9D78,
  0x7C76, 0x84B5, 0x63B2, 0x426D, 0x422B, 0x420A, 0x42CF, 0x3A4E, 0x31A9, 0x3188, 0x2987, 0x2966, 0x3A8D, 0x326E, 0x2A2D, 0x2147,
  0x218B, 0x4BB7, 0x4396, 0x4BB7, 0x3AAE, 0x18C3, 0x29AA, 0x31CA, 0x42EF, 0x31C7, 0x3185, 0x31A6, 0x3166, 0x29A8, 0x52EC, 0xD69A,
  0xF79E, 0xEF5D, 0xE73C, 0xD699, 0xB5B6, 0xB5B6, 0xBDF7, 0xC618, 0xC638, 0xCE59, 0xD69A, 0xDEDB, 0xE73C, 0xEF7D, 0xF79E, 0xF7BE,
  0xFFDF, 0xFFDF, 0xFFFF, 0xE75D, 0x84F7, 0xDF5D, 0xF79E, 0xCEDC, 0xADD9, 0x7C95, 0x7C74, 0x6457, 0x3379, 0xA5DA, 0xFFFE, 0xEF7D,
  0xE73C, 0xCE79, 0xADD9, 0xC617, 0xB596, 0x9D14, 0x7C74, 0x63D3, 0x6BD2, 0x7411, 0x7BEF, 0x738E, 0x5AED, 0x422A, 0x31AA, 0x29AC,
  0x322B, 0x31A6, 0x4A49, 0x632E, 0x6370, 0x52AA, 0x4207, 0x534E, 0x4A69, 0x6B4D, 0xB5B6, 0xC67A, 0xD6FC, 0x6B6E, 0x2988, 0x3A0B,
  0x3A0B, 0x3A4E, 0x42D1, 0x3AB1, 0x5BF5, 0x53B5, 0x3AD2, 0x42F2, 0x42B1, 0x3AB0, 0x6C76, 0x4333, 0x3AF4, 0x4335, 0x4356, 0x4376,
  0x4BF9, 0x43B9, 0x4B98, 0x5C19, 0x3AB2, 0x3A70, 0x320D, 0x320D, 0x3A4E, 0x3A90, 0x42D1, 0x42F3, 0x4B14, 0x5313, 0x52F2, 0x5B11,
  0x6330, 0x6B70, 0x73B1, 0x7BF3, 0x8413, 0x8453, 0x8C93, 0x94B4, 0x94B4, 0x9D36, 0xA577, 0xA536, 0x9CF4, 0x9CF5, 0x9CF5, 0x9CF5,
  0x9D16, 0x9D37, 0x9D17, 0x9D38, 0xA5DB, 0xA5BB, 0x9D9B, 0x957A, 0x8D18, 0x8CF9, 0x8D39, 0xA598, 0xC5F8, 0xA597, 0x8D18, 0xA598,
  0xB596, 0x8494, 0x8D39, 0x8DBD, 0x6CB8, 0x74B8, 0x8CD6, 0x8CD6, 0x94D4, 0x9CF4, 0x9CF4, 0xA513, 0xA534, 0xA534, 0xA534, 0xA514,
  0xA534, 0xA534, 0xA534, 0xADB6, 0xBDD6, 0xB595, 0xBDF7, 0xCE59, 0xD679, 0xD679, 0xCE79, 0xCE59, 0xCE79, 0xD69A, 0xD6DB, 0xD6FC,
  0xDEFC, 0xE71C, 0xEF3C, 0xEF5C, 0xEF5D, 0xEF5D, 0xEF5D, 0xEF5D, 0xE75D, 0xDF5E, 0xE75D, 0xEF5D, 0xEF5D, 0xEF5D, 0xE73C, 0xE73C,
  0xE71C, 0xDEFC, 0xDEDB, 0xDEBA, 0xD6BA, 0xCE9A, 0xCE9A, 0xCE79, 0xCE79, 0xCE79, 0xD69A, 0xD6BA, 0xD6DB, 0xBEDC, 0xCF1D, 0xEF7E,
  0xEF7E, 0xC6FC, 0x8E1C, 0x755A, 0x753A, 0x755A, 0x7D9A, 0x8DBA, 0x8DDA, 0x95FA, 0x9DFA, 0x9E1A, 0x9E1A, 0xA63A, 0xA63A, 0xA63A,
  0xAE5B, 0xAE5B, 0xAE5B, 0xAE7B, 0xB67B, 0xB65B, 0xAE5B, 0xAE5A, 0xAE5A, 0xAE5A, 0xAE3A, 0xAE3A, 0xAE3A, 0xAE1A, 0xAE1A, 0xA5F9,
  0xADF9, 0xA5F9, 0xA5D9, 0xA5D9, 0xA5D9, 0xA5D9, 0xA5B9, 0xA5B9, 0xA5B8, 0xA5B8, 0xA598, 0xA598, 0xA598, 0xA598, 0x9D77, 0xBE19,
  0xCE79, 0xD69A, 0xCE79, 0xB619, 0xC638, 0xB5F9, 0x8D79, 0xCE38, 0xAD97, 0x74B7, 0x9D99, 0xB5D8, 0xA5D8, 0x6435, 0x5C58, 0x11AD,
  0x1949, 0x10E8, 0x4B11, 0x6456, 0x32D2, 0x5C17, 0x4B11, 0x3A4C, 0x4A6C, 0x4A8D, 0x5B31, 0x5B0E, 0x630E, 0x7BF2, 0xAD97, 0x8C95,
  0xAD96, 0xAD96, 0xC618, 0xC617, 0xBE18, 0xA598, 0xBDF8, 0xBE18, 0xB5F9, 0xC618, 0xC618, 0xBE17, 0xBDF7, 0xB597, 0xADB8, 0x8CF7,
  0x8495, 0x7CB6, 0x5331, 0x424C, 0x424C, 0x3A8D, 0x424C, 0x3A2D, 0x3188, 0x3187, 0x2945, 0x320A, 0x328F, 0x324D, 0x2968, 0x2149,
  0x3291, 0x545A, 0x32B2, 0x4B95, 0x10C3, 0x1927, 0x2168, 0x326D, 0x21A8, 0x20E3, 0x2965, 0x39C6, 0x39E8, 0x29C9, 0x5ACB, 0xE6FC,
  0xEF7D, 0xE71C, 0xDEDB, 0xBDF7, 0xA534, 0xA534, 0xB596, 0xBDF7, 0xC638, 0xCE79, 0xD6BA, 0xE71C, 0xEF5D, 0xF79E, 0xF7BE, 0xFFDF,
  0xFFDF, 0xFFFF, 0xFFFF, 0xC67A, 0x9558, 0xEFBF, 0xFFDE, 0xC67B, 0x9538, 0x84B5, 0x8495, 0x5459, 0x43B9, 0xEF5D, 0xFFDF, 0xEF7D,
  0xE73C, 0xC659, 0xB5F9, 0xC618, 0xB595, 0x9CF4, 0x8494, 0x63D3, 0x6BD1, 0x7C11, 0x7BEF, 0x73AE, 0x630D, 0x424A, 0x29A9, 0x29CD,
  0x322C, 0x31A6, 0x4249, 0x630C, 0x634F, 0x42AC, 0x39E8, 0x5B4E, 0x6B4D, 0x9CF3, 0xCE7A, 0xF7DF, 0x9D35, 0x2987, 0x39EA, 0x39EB,
  0x3A0B, 0x3A2D, 0x3A8F, 0x3A6F, 0x5BB4, 0x4B53, 0x3A91, 0x42D1, 0x3AB0, 0x3A90, 0x5373, 0x6437, 0x3AD3, 0x4334, 0x4376, 0x4376,
  0x4BD8, 0x4C1A, 0x4398, 0x5419, 0x5396, 0x3271, 0x3A4E, 0x3A2D, 0x3A2C, 0x3A6E, 0x42D1, 0x4B13, 0x5334, 0x5B75, 0x6395, 0x6394,
  0x6BD4, 0x73D3, 0x7BF2, 0x8433, 0x8474, 0x8C94, 0x8C94, 0x9CD5, 0xA536, 0xAD77, 0xB5B7, 0xBE18, 0xBE19, 0xB5B8, 0xAD77, 0xA536,
  0x9CF5, 0x9D16, 0x9D37, 0x9517, 0xA59A, 0xA5DB, 0x955A, 0x957B, 0x8CF8, 0x84F9, 0x7CD8, 0x9D78, 0x9D37, 0xB5B7, 0xAD97, 0x8CD7,
  0x9536, 0x9515, 0x8474, 0x8D79, 0x7D5C, 0x6458, 0x7C96, 0x8CB5, 0x7C74, 0x94B4, 0x94F5, 0x9D14, 0xA514, 0xA514, 0xA514, 0x9CD3,
  0xA4F3, 0xAD76, 0xB5D7, 0xAD96, 0xA555, 0xB596, 0xBDF7, 0xCE59, 0xCE79, 0xD69A, 0xCE79, 0xCE79, 0xD69A, 0xD6BA, 0xD6FB, 0xDEFB,
  0xE71B, 0xE73C, 0xE73C, 0xEF5D, 0xEF5D, 0xEF5D, 0xEF5D, 0xE75D, 0xDF5D, 0xE75D, 0xEF5D, 0xEF5D, 0xEF5D, 0xEF5D, 0xE73C, 0xE73C,
  0xE71C, 0xDEFB, 0xDEDB, 0xDEBA, 0xCEBB, 0xB6BC, 0xBE9B, 0xCE9A, 0xD69A, 0xD67A, 0xCE9A, 0xD69A, 0xD6BB, 0xC6DB, 0xBEDC, 0xD73D,
  0xEF9E, 0xDF3D, 0xA67C, 0x7DBB, 0x751A, 0x7519, 0x7D5A, 0x859A, 0x85BA, 0x95DA, 0x95DA, 0x9DFA, 0x9DFA, 0x9DFA, 0xA61A, 0xA63A,
  0xA63B, 0xAE5A, 0xB67B, 0xB67B, 0xBE9B, 0xBE9B, 0xBE9B, 0xBE9B, 0xBE9B, 0xBE9B, 0xBE9B, 0xBE9B, 0xBE9B, 0xBE9B, 0xB67B, 0xB67A,
  0xB65A, 0xB65A, 0xB65A, 0xAE3A, 0xAE3A, 0xAE3A, 0xAE1A, 0xAE19, 0xADF9, 0xADF9, 0xADF9, 0xADF9, 0xADF9, 0xADF9, 0xADD8, 0xBE39,
  0xE71C, 0xE73C, 0xE73C, 0xCEBB, 0xCE79, 0xC619, 0x8579, 0xBE18, 0xBE18, 0x7CB6, 0x9D78, 0x9577, 0xBE79, 0x63F4, 0x5437, 0x2230,
  0x21AC, 0x1949, 0x3A4D, 0x6C55, 0x4313, 0x6457, 0x63B3, 0x4AAE, 0x5AEE, 0x5B0D, 0x6BB1, 0x6B90, 0x738F, 0x8C53, 0xBDF8, 0x9494,
  0xA557, 0xB5D7, 0xC618, 0xC638, 0xADD8, 0xB618, 0xB5D8, 0xB619, 0xBE19, 0xC618, 0xC618, 0xC617, 0xB5D8, 0xB5D7, 0x9D98, 0x7C95,
  0x8CD5, 0x6C35, 0x4AAF, 0x422B, 0x42CF, 0x3A8D, 0x3A0A, 0x3A0B, 0x3187, 0x2966, 0x2987, 0x3A8F, 0x324E, 0x29CA, 0x2127, 0x21CC,
  0x4C18, 0x3B33, 0x3B34, 0x29E9, 0x18E4, 0x29AB, 0x324D, 0x2A0C, 0x1949, 0x1948, 0x18E4, 0x31A7, 0x3A2A, 0x2966, 0x632D, 0xE71C,
  0xEF3C, 0xDEFB, 0xD69A, 0xB596, 0x9CF3, 0xA514, 0xAD75, 0xBDF7, 0xC638, 0xCE79, 0xDEDB, 0xE73C, 0xEF7D, 0xF7BE, 0xFFDF, 0xFFDF,
  0xFFFF, 0xFFFF, 0xFFFF, 0x9D99, 0xB61A, 0xEFBF, 0xFFFF, 0xC65B, 0x8CF6, 0x8CD6, 0x7CB6, 0x4418, 0x8D3B, 0xFFFF, 0xF7BE, 0xEF9E,
  0xE71B, 0xBE39, 0xBE18, 0xC5F7, 0xAD75, 0x94D4, 0x8C94, 0x63D3, 0x6BF1, 0x7BF0, 0x7BF0, 0x73AE, 0x634D, 0x426B, 0x2969, 0x2A0E,
  0x322D, 0x39C6, 0x4A69, 0x632C, 0x7BAF, 0x5B2E, 0x52EC, 0x6BF1, 0x94B3, 0xCE79, 0xF79E, 0xE73D, 0x4A6A, 0x2988, 0x39EB, 0x31EA,
  0x320B, 0x3A2C, 0x3A4E, 0x3A4D, 0x5B73, 0x4B12, 0x3A70, 0x4290, 0x3A90, 0x3AB0, 0x3A91, 0x6416, 0x4B75, 0x3AF3, 0x4355, 0x43B8,
  0x4397, 0x4C19, 0x4C1A, 0x4397, 0x6439, 0x42F4, 0x3A70, 0x3A2D, 0x3A4D, 0x424D, 0x4A8F, 0x5332, 0x5B74, 0x6395, 0x63F6, 0x6C37,
  0x7457, 0x8457, 0x8C77, 0x8475, 0x8C94, 0x94D6, 0x94F7, 0x94D5, 0x9D15, 0xBDF9, 0xB5B8, 0xB5D9, 0xBE19, 0xBE1A, 0xC63A, 0xC67A,
  0xBE19, 0xAD98, 0x9D17, 0x9CF7, 0x9517, 0xA5DC, 0x955A, 0x955B, 0x8CF9, 0x84D8, 0x7C98, 0x8495, 0xAD97, 0x9517, 0x9D57, 0xB5B6,
  0x8CB5, 0x8CD6, 0x8495, 0x7C95, 0x8519, 0x751A, 0x6456, 0x7C75, 0x7C74, 0x7C74, 0x94F5, 0x9CF4, 0x9CF3, 0x9CD3, 0x9CF3, 0xA554,
  0xADB6, 0xAD96, 0xA535, 0xA534, 0xAD55, 0xB5B6, 0xBDF7, 0xCE59, 0xCE79, 0xD69A, 0xD69A, 0xD69A, 0xD69A, 0xD6DB, 0xDF1C, 0xE6FB,
  0xE71C, 0xE73C, 0xEF3C, 0xEF5D, 0xEF5D, 0xEF5D, 0xEF5D, 0xE73C, 0xE73D, 0xEF5C, 0xEF7D, 0xEF5D, 0xEF5D, 0xEF5D, 0xE73C, 0xE73C,
  0xE71C, 0xDEFB, 0xDEDB, 0xDEDB, 0xC6BC, 0xB6BC, 0xBEBB, 0xCEBA, 0xD69A, 0xCE9A, 0xD69A, 0xD69A, 0xD6BA, 0xDEDB, 0xBEDC, 0xC6DD,
  0xE77E, 0xEF9E, 0xC6FD, 0x8E1B, 0x755A, 0x74DA, 0x74FA, 0x7D5A, 0x859A, 0x8DBA, 0x95BA, 0x95DA, 0x9DDA, 0x9DFA, 0x9DFA, 0xA61A,
  0xA63A, 0xAE5A, 0xB67B, 0xBE9B, 0xC6BB, 0xC6BB, 0xCEDC, 0xCEFC, 0xCEFC, 0xD6FC, 0xD6FC, 0xD71C, 0xD71C, 0xD71C, 0xD6FC, 0xD6FC,
  0xD6FC, 0xCEDC, 0xCEDC, 0xC6BB, 0xC69B, 0xBE9B, 0xBE7A, 0xBE5A, 0xBE5A, 0xBE5A, 0xBE5A, 0xB63A, 0xBE3A, 0xB639, 0xB639, 0xC67A,
  0xD6BA, 0xD69A, 0xD69A, 0xBE7A, 0xC639, 0xC638, 0x8D7A, 0xB5D8, 0xC638, 0x8CF6, 0x9537, 0x8D57, 0xBE59, 0x7C75, 0x5C56, 0x32D2,
  0x2A0E, 0x29AB, 0x3A4D, 0x7CB7, 0x5395, 0x6C78, 0x7476, 0x6330, 0x6B4F, 0x6B6F, 0x7C13, 0x83F1, 0x7BF1, 0x8C93, 0xBDD7, 0x8C94,
  0x9D38, 0xC618, 0xC638, 0xC618, 0xB5F9, 0xCE58, 0xC638, 0xADD8, 0xB619, 0xC638, 0xC618, 0xBDF8, 0xB5B7, 0xB5F8, 0x8CF6, 0x94F5,
  0x8495, 0x5BD4, 0x428E, 0x422B, 0x4B53, 0x39EA, 0x3A0A, 0x31CA, 0x2967, 0x2966, 0x324C, 0x3A8F, 0x29CB, 0x2127, 0x2149, 0x3B33,
  0x4BF7, 0x2A70, 0x3270, 0x2123, 0x39CA, 0x63B2, 0x7496, 0x5B0F, 0x1948, 0x1908, 0x19AC, 0x1969, 0x39E8, 0x3185, 0x73AE, 0xE73C,
  0xE73C, 0xDEDB, 0xCE59, 0xAD75, 0x9CD3, 0x9CF3, 0xAD75, 0xBDF7, 0xC638, 0xD69A, 0xDEFB, 0xEF5D, 0xF79E, 0xF7BE, 0xFFDF, 0xFFFF,
  0xFFFF, 0xFFFF, 0xF79E, 0x9558, 0xD6FC, 0xEF9E, 0xFFFF, 0xB61A, 0x6C35, 0x94F6, 0x74B7, 0x547A, 0xD71E, 0xFFFF, 0xFFDF, 0xF79E,
  0xE6FB, 0xB619, 0xBE19, 0xBDF7, 0xAD75, 0x94D4, 0x8CB3, 0x63D3, 0x6BD2, 0x8430, 0x73D0, 0x73AE, 0x6B4C, 0x4A8C, 0x2989, 0x3A2E,
  0x320C, 0x39E8, 0x4A69, 0x6B6D, 0x8C71, 0x8452, 0x8C93, 0xA5B7, 0xC639, 0xCE5B, 0xE71D, 0x8431, 0x2967, 0x39C9, 0x31EB, 0x31EA,
  0x39EB, 0x3A0C, 0x3A4D, 0x322D, 0x5B72, 0x4AF1, 0x3A4F, 0x3A6F, 0x3A90, 0x3A6F, 0x3AB1, 0x4312, 0x6C57, 0x42F4, 0x4334, 0x4377,
  0x4BB8, 0x43B7, 0x4C3A, 0x4BF9, 0x4BB7, 0x6418, 0x3AB2, 0x426E, 0x424D, 0x426E, 0x4AAF, 0x5310, 0x5B93, 0x63B4, 0x6BF5, 0x7477,
  0x84D9, 0x8CFA, 0x951A, 0x9539, 0x9518, 0x94F6, 0x9D37, 0x9D58, 0x9CF7, 0xA516, 0xBE19, 0xB5F9, 0xC639, 0xCE59, 0xC619, 0xC63A,
  0xC65A, 0xBE3A, 0xADB9, 0x9D59, 0x94F7, 0x9D9A, 0x955A, 0x8D1A, 0x84D9, 0x7C98, 0x7CB9, 0x6BF4, 0x73B1, 0xAD96, 0x94F6, 0x9D36,
  0xAD95, 0x8494, 0x7C75, 0x7C96, 0x7435, 0x8517, 0x6499, 0x6435, 0x7C53, 0x6BF4, 0x84B5, 0x9D34, 0xA555, 0xAD76, 0xAD76, 0xA535,
  0x9CF3, 0x9CF3, 0xA534, 0xAD55, 0xAD55, 0xB5B6, 0xBDF7, 0xCE59, 0xCE79, 0xD69A, 0xD6BA, 0xD6BA, 0xDEBA, 0xD71C, 0xDF1C, 0xE71C,
  0xE73C, 0xE73C, 0xEF5D, 0xEF5D, 0xEF5D, 0xEF5D, 0xEF5D, 0xE73C, 0xE71C, 0xE73C, 0xEF5D, 0xEF5D, 0xEF5D, 0xE73C, 0xE73C, 0xE71C,
  0xDEFB, 0xDEDB, 0xDEDB, 0xD6DB, 0xC6BB, 0xCEBB, 0xD6DA, 0xD6BA, 0xD6BA, 0xD69A, 0xD699, 0xD69A, 0xD6BA, 0xDEBB, 0xD6DC, 0xBEBC,
  0xCF1D, 0xEF9D, 0xE75D, 0xAE9C, 0x7DBB, 0x74FA, 0x74D9, 0x7519, 0x7D7A, 0x859A, 0x8DBA, 0x95BA, 0x95DA, 0x9DFA, 0x9E1A, 0xA61A,
  0xA63B, 0xAE5B, 0xB69B, 0xBEBC, 0xC6DC, 0xCEDC, 0xD71D, 0xDF1D, 0xE73D, 0xE75D, 0xE75D, 0xEF7D, 0xEF7D, 0xEF7D, 0xEF7D, 0xEF7D,
  0xEF7D, 0xE75D, 0xE75D, 0xDF3D, 0xDF1C, 0xD71C, 0xD6FC, 0xCEDB, 0xCEBB, 0xCEBB, 0xCE9B, 0xCE9B, 0xCE9B, 0xC69A, 0xC69A, 0xD6BB,
  0xC638, 0xC638, 0xC638, 0xB618, 0xB5F8, 0xC638, 0x9579, 0xA5B8, 0xC5F7, 0xA577, 0x8496, 0xA577, 0xA5D9, 0x9D15, 0x6436, 0x4BB5,
  0x3290, 0x3A4E, 0x4AAF, 0x84D7, 0x6C56, 0x7498, 0x8519, 0x73D2, 0x73D1, 0x7BF0, 0x8475, 0x8C74, 0x8C52, 0x8C73, 0xAD76, 0xA536,
  0x9D37, 0xC639, 0xCE58, 0xB5F9, 0xBE19, 0xC658, 0xC638, 0xBE19, 0xADB8, 0xB5F9, 0xC638, 0xB5B7, 0xB5F8, 0xAD98, 0x8495, 0x9D15,
  0x7475, 0x5372, 0x424C, 0x428D, 0x4B12, 0x31A7, 0x39C9, 0x31A8, 0x2966, 0x31EA, 0x3A8F, 0x320C, 0x2168, 0x2127, 0x2A4F, 0x43D8,
  0x32D2, 0x2A71, 0x2167, 0x3187, 0x6373, 0x9E1B, 0xEFBF, 0xA556, 0x2964, 0x0021, 0x5C38, 0x326E, 0x4A49, 0x4249, 0x8C51, 0xE73C,
  0xE73C, 0xD6BA, 0xC638, 0xA534, 0x9CD3, 0xA514, 0xAD75, 0xBDF7, 0xC638, 0xD69A, 0xDEFB, 0xEF5D, 0xF79E, 0xF7BE, 0xFFDF, 0xFFFF,
  0xFFFF, 0xFFFF, 0xD6DB, 0x9D78, 0xDF5D, 0xEFBF, 0xFFDF, 0xADDA, 0x53B5, 0x9CF5, 0x64B8, 0x857C, 0xFFFE, 0xFFDF, 0xFFDF, 0xEF7D,
  0xDEDB, 0xB619, 0xC639, 0xBDD7, 0xAD54, 0x8CB4, 0x94D3, 0x63F3, 0x6BD1, 0x8C50, 0x7BF0, 0x73AE, 0x6B4D, 0x426B, 0x31E9, 0x3A2C,
  0x31CA, 0x3A09, 0x4A6A, 0x6B4D, 0x94B2, 0xA556, 0xB5F8, 0xCEDD, 0xF77D, 0xFFBE, 0xC618, 0x31A8, 0x31A8, 0x31C8, 0x31EB, 0x31EB,
  0x39EB, 0x3A0C, 0x3A2C, 0x320C, 0x5B52, 0x4ACF, 0x3A2E, 0x3A6F, 0x3A8F, 0x42B1, 0x3AAF, 0x3AB1, 0x5394, 0x6417, 0x3AF4, 0x4355,
  0x43B7, 0x4BD8, 0x4BB7, 0x543A, 0x4BD9, 0x5C39, 0x5BF7, 0x4290, 0x428D, 0x4AAE, 0x52EF, 0x5B30, 0x6371, 0x6BD3, 0x7415, 0x7C35,
  0x84B7, 0x8D3A, 0x957B, 0x9DBB, 0x9DBC, 0xA59C, 0x9D79, 0x9D58, 0xA59A, 0xA558, 0xA517, 0xBE19, 0xB619, 0xB5F9, 0xCE5A, 0xCE5A,
  0xCE7A, 0xBE39, 0xADD9, 0xADBA, 0x9D59, 0xA5B9, 0xA5DC, 0x957B, 0x8D3A, 0x84D8, 0x7CD9, 0x7436, 0x5B51, 0x6B90, 0xAD76, 0x8CD6,
  0x94F5, 0xA533, 0x8474, 0x7C75, 0x7C96, 0x8494, 0x9578, 0x6C98, 0x84F6, 0x8D16, 0x7CD8, 0x9D98, 0xAD94, 0xA514, 0x9492, 0x9472,
  0x94B2, 0x9CF3, 0xA534, 0xAD55, 0xAD75, 0xB5B6, 0xBDF7, 0xC638, 0xCE79, 0xD6BA, 0xD6BA, 0xDEDB, 0xDEFC, 0xDF3C, 0xE71C, 0xE73C,
  0xE73C, 0xE73C, 0xEF5D, 0xEF7D, 0xEF5D, 0xEF5D, 0xE73C, 0xE71C, 0xE71C, 0xE73C, 0xE73C, 0xE73C, 0xE73C, 0xE73C, 0xE71C, 0xE71C,
  0xDEFB, 0xDEDB, 0xD6DB, 0xCEDB, 0xD6DB, 0xDEDB, 0xDEDB, 0xC69B, 0xCE9B, 0xD69A, 0xD69A, 0xD69A, 0xD69A, 0xD6BA, 0xDEDB, 0xC6DC,
  0xBEDC, 0xDF3D, 0xEF7D, 0xD71D, 0x963B, 0x755A, 0x74D9, 0x74D9, 0x753A, 0x857A, 0x859A, 0x8DBA, 0x95DA, 0x9DFA, 0x9E1A, 0xA63A,
  0xAE5B, 0xBE9B, 0xC6BB, 0xCEDC, 0xD6FC, 0xDF1C, 0xE73D, 0xEF5D, 0xEF7E, 0xF77E, 0xF79E, 0xEF9D, 0xEF9D, 0xF77D, 0xF77D, 0xEF7D,
  0xEF7E, 0xEF7E, 0xEF7E, 0xEF7D, 0xEF5D, 0xEF5D, 0xE73D, 0xE73C, 0xDF1C, 0xDF1C, 0xDEFC, 0xDEFC, 0xDEFC, 0xDEFB, 0xDEFB, 0xDEFB,
  0xC618, 0xC618, 0xC618, 0xBE18, 0xADF9, 0xC617, 0x9D99, 0x9578, 0xBDD6, 0xB5B7, 0x7475, 0x9D36, 0x9598, 0x9D77, 0x5394, 0x6C98,
  0x4313, 0x4B12, 0x5B51, 0x7454, 0x7CD7, 0x7CD8, 0x957A, 0x8495, 0x8433, 0x8431, 0x8CB5, 0x94D6, 0x9493, 0x94B3, 0x9CD5, 0xB5D7,
  0x9D37, 0xBDF8, 0xCE58, 0xB5F9, 0xCE59, 0xC659, 0xCE58, 0xC618, 0xBE39, 0xADB8, 0xAD98, 0xADD8, 0xBE19, 0x8CF6, 0x8CD5, 0x8C96,
  0x6C56, 0x4B11, 0x422A, 0x4B11, 0x428C, 0x3188, 0x31A8, 0x3167, 0x31A9, 0x326E, 0x324E, 0x2968, 0x2127, 0x21CC, 0x3B55, 0x3B54,
  0x2A71, 0x220D, 0x2124, 0x3A0B, 0x7D19, 0xEF9E, 0xFFFF, 0xDF3D, 0x424C, 0x42EF, 0xC73F, 0x5330, 0x6B6D, 0x630B, 0xA514, 0xEF5D,
  0xE71C, 0xD69A, 0xBDF7, 0x9CF3, 0x9CD3, 0xA514, 0xB596, 0xBDF7, 0xC638, 0xD69A, 0xE71C, 0xEF5D, 0xF79E, 0xF7BE, 0xFFDE, 0xFFFF,
  0xFFFF, 0xFFFF, 0xB5F9, 0xB61A, 0xE77D, 0xF7DF, 0xEF9E, 0x8D17, 0x63F4, 0x8CF6, 0x6499, 0xB67C, 0xFFFF, 0xFFDF, 0xFFDF, 0xEF7D,
  0xCE9A, 0xB619, 0xC638, 0xB5B6, 0xA534, 0x8CB4, 0x9CD3, 0x63F2, 0x6BD1, 0x8C50, 0x7BEF, 0x73AE, 0x6B4D, 0x420B, 0x3A0B, 0x3A2B,
  0x39C9, 0x3A09, 0x4A69, 0x632C, 0xA514, 0xCE59, 0xB619, 0xCEFD, 0xF79E, 0xF79D, 0x6B6E, 0x2966, 0x31A8, 0x31C8, 0x31EA, 0x31EB,
  0x39CA, 0x39EB, 0x3A2C, 0x320B, 0x5B31, 0x42AF, 0x322D, 0x3A4F, 0x3A6F, 0x3AB1, 0x4333, 0x42F1, 0x3A90, 0x5C15, 0x53F6, 0x4314,
  0x4355, 0x4BD8, 0x4BF9, 0x4BF8, 0x545A, 0x5419, 0x6CBA, 0x5BB5, 0x4AD0, 0x52CF, 0x5AEF, 0x6350, 0x6B91, 0x73D3, 0x7C14, 0x8434,
  0x8475, 0x8CD7, 0x955A, 0xA5BC, 0xA5FC, 0xA5FC, 0xAE1D, 0xADDC, 0xA59A, 0xADDB, 0xADBA, 0xA579, 0xBE1A, 0xBE18, 0xB5D9, 0xC65A,
  0xBE5A, 0xBE5A, 0xADD9, 0xADB9, 0x8D17, 0x8CB7, 0x9D7A, 0x8D3A, 0x8D5B, 0x8539, 0x8D5A, 0x84F9, 0x7C75, 0x6BD2, 0x7C74, 0xA5B8,
  0x9517, 0xA555, 0xAD96, 0x9536, 0x8538, 0x7CF7, 0xA576, 0x9537, 0x5C57, 0x84B5, 0x8C94, 0x6435, 0x8473, 0x94B3, 0x94B2, 0x94B2,
  0x9CB2, 0x9CF3, 0xA534, 0xAD55, 0xAD76, 0xBDB6, 0xBDF7, 0xC638, 0xCE79, 0xD6BA, 0xD6DA, 0xDEDB, 0xDF1D, 0xDF3C, 0xE73C, 0xE73C,
  0xE73C, 0xEF5D, 0xEF5D, 0xEF5D, 0xEF5D, 0xEF5D, 0xE73C, 0xE71C, 0xE71C, 0xE71C, 0xE71C, 0xE71C, 0xE71B, 0xE71C, 0xDEFB, 0xDEFB,
  0xDEDB, 0xDEDB, 0xDEDA, 0xD6DB, 0xDEFB, 0xDEFB, 0xCEDB, 0xA67B, 0xAE7B, 0xD6BB, 0xD6BB, 0xD69A, 0xD69A, 0xD6BA, 0xD6BA, 0xD6FB,
  0xBEDC, 0xC6FD, 0xE77D, 0xE77D, 0xB6BD, 0x85BB, 0x74FA, 0x74B9, 0x74FA, 0x7D3A, 0x857A, 0x8DBA, 0x95DA, 0x9DFA, 0x9E1A, 0xAE5B,
  0xB67B, 0xC6BC, 0xCEFC, 0xD71C, 0xDF3D, 0xE75D, 0xEF7D, 0xF77D, 0xEF9E, 0xEF9E, 0xEF9D, 0xF79D, 0xEF9D, 0xF77D, 0xF77D, 0xF77D,
  0xEF7D, 0xEF7D, 0xEF7D, 0xEF7D, 0xEF7D, 0xEF5D, 0xEF5D, 0xEF5D, 0xE75C, 0xE73C, 0xE73C, 0xE71C, 0xE71C, 0xE71C, 0xE71B, 0xE71B,
  0xBDF7, 0xBDF7, 0xBDF7, 0xBDF8, 0xA5B8, 0xBDF7, 0xAD98, 0x8D38, 0xBD96, 0xB5B6, 0x8CD6, 0x8495, 0xA596, 0x9DB9, 0x63B4, 0x7D19,
  0x53B5, 0x5B95, 0x6C14, 0x7C54, 0x7CB6, 0x957A, 0x9D9B, 0x9538, 0x8C94, 0x8C73, 0x94F6, 0x9D17, 0x94B3, 0x9CD4, 0x9CD5, 0xC618,
  0xAD98, 0xB5B8, 0xBE19, 0xBE19, 0xCE79, 0xCE59, 0xC658, 0xBE18, 0xC638, 0xBDF8, 0xA578, 0xADD9, 0x9D37, 0x8CD6, 0x84B5, 0x8CD5,
  0x5BF5, 0x4AAE, 0x422B, 0x5394, 0x3A0A, 0x31A8, 0x3188, 0x2989, 0x3A2B, 0x324F, 0x29AA, 0x2126, 0x218B, 0x2AD2, 0x3B56, 0x32D2,
  0x2A71, 0x2168, 0x18E5, 0x4311, 0xBE7C, 0xFFFF, 0xEF7E, 0xB67B, 0x859B, 0x7DDD, 0x6C34, 0x7C10, 0x8410, 0x7BCF, 0xB596, 0xEF7D,
  0xDEFB, 0xCE79, 0xB5B6, 0x9CD3, 0x94B2, 0x9CF3, 0xAD75, 0xBDF7, 0xC638, 0xD69A, 0xE71C, 0xEF5D, 0xF79E, 0xF7BE, 0xFFBE, 0xFFFF,
  0xEF9E, 0xFFDE, 0x9D58, 0xD6FC, 0xDF5D, 0xFFFF, 0xBE5B, 0x7456, 0x6C14, 0x6C56, 0x64BA, 0xDF3E, 0xFFFE, 0xFFDF, 0xF7BE, 0xE73C,
  0xBE39, 0xBE39, 0xC618, 0xB596, 0xA514, 0x8CD3, 0x94D3, 0x6BF2, 0x6BB1, 0x8C50, 0x7BEF, 0x73AE, 0x632D, 0x4A4A, 0x424A, 0x3A0C,
  0x39C7, 0x3A09, 0x4A49, 0x5ACB, 0x9492, 0xCE79, 0xBE3A, 0xC69B, 0xF77D, 0x9CD3, 0x2966, 0x31A8, 0x31A8, 0x31A8, 0x31CA, 0x31EB,
  0x31EA, 0x31EB, 0x3A0B, 0x31EB, 0x5310, 0x42AF, 0x320D, 0x3A4E, 0x3A4E, 0x3A8F, 0x3AD1, 0x4BB6, 0x3B12, 0x3AB0, 0x6C57, 0x53D7,
  0x4355, 0x4397, 0x541A, 0x5439, 0x5439, 0x5C9A, 0x64BB, 0x7D1B, 0x5BD5, 0x5B31, 0x6350, 0x6371, 0x6BB1, 0x7BF2, 0x7C13, 0x8453,
  0x8C74, 0x8CB5, 0x94F6, 0x9D59, 0xA5DC, 0xADFC, 0xAE1C, 0xAE3D, 0xAE3D, 0xADFC, 0xADFB, 0xADFC, 0xA5BB, 0xC65A, 0xC619, 0xB5F8,
  0xCE79, 0xC658, 0xBE38, 0xA599, 0x9D38, 0x8497, 0x8D18, 0x84B9, 0x7C9A, 0x7478, 0x7478, 0x6C57, 0x6393, 0x5B0F, 0x52CE, 0x6BB1,
  0x9D16, 0x7C54, 0x9CF4, 0xA4F3, 0x7C94, 0x6415, 0x7455, 0xA4F3, 0x63F4, 0x53B4, 0x8493, 0x7CB6, 0x63D4, 0x7C54, 0x7414, 0x7C32,
  0x8473, 0x8CF5, 0x9D14, 0xAD55, 0xAD75, 0xA557, 0xBDF7, 0xC639, 0xD69A, 0xD6BA, 0xDEDB, 0xDF1C, 0xDF3D, 0xEF3C, 0xE73C, 0xE73C,
  0xEF5D, 0xEF5D, 0xEF5D, 0xEF5D, 0xEF5D, 0xEF5D, 0xE73C, 0xE73C, 0xE71C, 0xDEFC, 0xE71B, 0xDF1B, 0xDEFB, 0xDEFB, 0xDEDB, 0xDEDB,
  0xDEDB, 0xDEDB, 0xDEDB, 0xDEDA, 0xDEFB, 0xCEDC, 0xAE7C, 0x9E5C, 0x9E5B, 0xB69B, 0xD6BA, 0xD6BA, 0xD69A, 0xD6BA, 0xD6BA, 0xDEDA,
  0xD6DB, 0xBEDC, 0xCF1D, 0xEF7E, 0xD73D, 0x9E5C, 0x7D7A, 0x6CF9, 0x74D9, 0x7519, 0x7D5A, 0x859A, 0x8DBA, 0x95FA, 0xA63B, 0xB67C,
  0xBEBC, 0xCEFC, 0xD73D, 0xE75D, 0xEF7E, 0xF79E, 0xF79E, 0xF79E, 0xF79E, 0xF79E, 0xF79E, 0xF79E, 0xF79E, 0xEF7D, 0xEF7D, 0xEF7D,
  0xEF7D, 0xEF7D, 0xEF7D, 0xEF7D, 0xEF7D, 0xEF5D, 0xEF5D, 0xEF5D, 0xEF5D, 0xE73C, 0xE73C, 0xE73C, 0xE73C, 0xE71C, 0xE71C, 0xE71C,
  0xBDD7, 0xBDD7, 0xBDD7, 0xBDD7, 0xA5B8, 0xB597, 0xAD96, 0x8518, 0xAD76, 0xAD55, 0xA535, 0x7435, 0xA515, 0xA5FA, 0x7415, 0x8518,
  0x6C98, 0x5BD5, 0x7C96, 0x8CB6, 0x7C55, 0xA5BB, 0xA5DB, 0xA5BA, 0x94F6, 0x94D4, 0x94F5, 0xA559, 0x94F4, 0x9CF5, 0x9CD4, 0xAD77,
  0xB5D9, 0xAD98, 0xB5D9, 0xBE3A, 0xD679, 0xCE59, 0xC658, 0xBE18, 0xC618, 0xB5B7, 0xADD9, 0xB5F7, 0x94F6, 0x8495, 0x7C35, 0x7C96,
  0x5392, 0x426B, 0x4B10, 0x5374, 0x31C8, 0x31A8, 0x2987, 0x322B, 0x322E, 0x320D, 0x2127, 0x2189, 0x2AB1, 0x3315, 0x3314, 0x2A71,
  0x21CC, 0x18A3, 0x196A, 0x5BD2, 0xCE38, 0xDF1C, 0xBE3A, 0x6BF3, 0x4ACE, 0x532F, 0x73CF, 0x8C71, 0x9492, 0x9472, 0xC638, 0xEF7D,
  0xDEDB, 0xC638, 0xAD75, 0x94B2, 0x9492, 0x9CF3, 0xAD75, 0xBDD7, 0xC638, 0xD69A, 0xDEFB, 0xE73C, 0xEF7D, 0xF7BE, 0xFFDF, 0xDF1D,
  0xDF1D, 0xEF7D, 0x9558, 0xE73D, 0xDF5D, 0xEF9E, 0x7C97, 0x9D38, 0x7434, 0x4BB5, 0x7D3B, 0xF7BE, 0xFFDE, 0xFFDF, 0xF79E, 0xDEFB,
  0xB619, 0xC639, 0xBDF7, 0xB575, 0x9D14, 0x94D3, 0x94B2, 0x63F2, 0x6BD1, 0x8C50, 0x7BEF, 0x73AE, 0x632C, 0x52CB, 0x4249, 0x31CA,
  0x31A6, 0x39C7, 0x4208, 0x4A69, 0x632C, 0x9491, 0xA535, 0x9D37, 0x8C72, 0x41E8, 0x3187, 0x31A8, 0x31A8, 0x31C8, 0x31EB, 0x320C,
  0x31EB, 0x31EA, 0x3A0B, 0x31EB, 0x5310, 0x428E, 0x320C, 0x3A2E, 0x3A4E, 0x3A6F, 0x3A90, 0x3AF1, 0x53F8, 0x4354, 0x42D1, 0x6C99,
  0x53F7, 0x4BB6, 0x5418, 0x5C9B, 0x5CBB, 0x64BB, 0x64FC, 0x7D5D, 0x855C, 0x6416, 0x6BB3, 0x6BB1, 0x73D1, 0x7C12, 0x8432, 0x8C53,
  0x9473, 0x94B4, 0x94D5, 0x9D16, 0x9D58, 0xA5DB, 0xAE1C, 0xAE1C, 0xAE1C, 0xB65D, 0xAE3D, 0xAE3D, 0xAE3D, 0xADFC, 0xC65B, 0xBE19,
  0xB5D8, 0xCE59, 0xC638, 0xB5D7, 0x9D17, 0x8CD7, 0x84D8, 0x84D9, 0x7479, 0x749A, 0x7458, 0x6C58, 0x63D5, 0x5330, 0x52EF, 0x4A8E,
  0x7BF2, 0x8CD4, 0x7C34, 0xA514, 0x9CF4, 0x7455, 0x6C15, 0x7CB5, 0x9CB3, 0x63F3, 0x6415, 0x7C96, 0x7C54, 0x8C93, 0x8C93, 0x7C53,
  0x7C94, 0x7474, 0x7C55, 0x8495, 0x6BF5, 0x7C96, 0xB5D8, 0xC638, 0xCE99, 0xDEDB, 0xDEFB, 0xDF3C, 0xE71C, 0xE73C, 0xEF5D, 0xEF5D,
  0xEF5D, 0xEF5D, 0xEF5D, 0xEF5D, 0xEF5D, 0xEF5D, 0xEF5D, 0xE73C, 0xDEFB, 0xDEFB, 0xE6FB, 0xD6FC, 0xCEFC, 0xDEDB, 0xDEDB, 0xDEDB,
  0xDEDB, 0xDEDB, 0xDEDB, 0xDEFB, 0xCEFC, 0xAE9C, 0x9E5C, 0x963B, 0x8E3B, 0x965B, 0xCEBB, 0xDEDB, 0xD6BA, 0xD6BA, 0xD6BA, 0xD6BA,
  0xDEDB, 0xCEDC, 0xBEDC, 0xDF3D, 0xEF7E, 0xC6DD, 0x8DFB, 0x753A, 0x74D9, 0x74F9, 0x753A, 0x7D9A, 0x85DA, 0x961B, 0xA65B, 0xBE9C,
  0xCEDC, 0xDF3C, 0xE75D, 0xEF7E, 0xF79E, 0xF79E, 0xF79E, 0xF79E, 0xF79E, 0xF79E, 0xF79E, 0xF79E, 0xF79E, 0xEF7D, 0xEF7D, 0xEF7D,
  0xEF7D, 0xEF7D, 0xEF7D, 0xEF7D, 0xEF7D, 0xEF5D, 0xEF5D, 0xEF5D, 0xEF5D, 0xE73C, 0xE73C, 0xE73C, 0xE73C, 0xE71C, 0xE71C, 0xE71C,
  0xB5B6, 0xB5B6, 0xB596, 0xB5B6, 0xA576, 0xA576, 0xAD75, 0x7CF7, 0x9D35, 0xAD14, 0xAD54, 0x8495, 0x8495, 0xBE18, 0x84F7, 0x7C97,
  0x8D9A, 0x6C36, 0x84D8, 0x9518, 0x8476, 0x9D7A, 0xAE3C, 0xAE1B, 0x9D58, 0x9515, 0x9CF4, 0xA59A, 0x9D15, 0x9CF5, 0x9CF5, 0x9CF5,
  0xB5B8, 0xBDF9, 0xADB8, 0xB5FA, 0xC639, 0xCE78, 0xC638, 0xBE18, 0xB5D8, 0xB5F9, 0xB5F8, 0x9D36, 0x9D36, 0x8CB5, 0xA515, 0x6416,
  0x4AEF, 0x4ACE, 0x5395, 0x52F0, 0x3188, 0x3187, 0x320A, 0x322C, 0x324E, 0x2989, 0x2189, 0x2A90, 0x3335, 0x3B35, 0x2A92, 0x21CE,
  0x10C5, 0x1128, 0x2A2C, 0x2124, 0x5AEC, 0x6350, 0x632D, 0x630B, 0x630C, 0x8430, 0x94B2, 0x9CF4, 0xA514, 0x9CF3, 0xDEDB, 0xE73C,
  0xD69A, 0xBDF7, 0xAD55, 0x9492, 0x94B2, 0x9CF3, 0xAD75, 0xBDF7, 0xC638, 0xD69A, 0xDEFB, 0xE73C, 0xEF7D, 0xF79E, 0xF79E, 0xA5DA,
  0xF7DF, 0xDEFB, 0x7497, 0xD6DC, 0xDF3D, 0xC67B, 0x9538, 0xBE19, 0x6BF4, 0x43B5, 0x9DDC, 0xFFDE, 0xF7DF, 0xF7BF, 0xEF5D, 0xCE7A,
  0xB619, 0xCE39, 0xBDD7, 0xAD75, 0x9CF4, 0x94D3, 0x94B2, 0x6C12, 0x73F2, 0x8C30, 0x7BF0, 0x73AE, 0x632D, 0x5ACB, 0x4249, 0x31A8,
  0x31A6, 0x39A6, 0x39C7, 0x4208, 0x4A49, 0x4A49, 0x632D, 0x636F, 0x31A7, 0x3187, 0x31A7, 0x31A8, 0x31A8, 0x39E9, 0x3A2C, 0x3A2D,
  0x3A2C, 0x320A, 0x320C, 0x31EB, 0x5330, 0x428D, 0x31EB, 0x3A2D, 0x3A4D, 0x3A4E, 0x3A90, 0x3A90, 0x3AD1, 0x5C39, 0x4B94, 0x4B12,
  0x6CB9, 0x5C19, 0x5419, 0x5C9B, 0x6D3D, 0x6D3D, 0x755C, 0x757C, 0x8DDE, 0x8D7B, 0x7456, 0x7434, 0x7C12, 0x8412, 0x8C52, 0x8C73,
  0x9493, 0x94B4, 0x9CD4, 0x9CF5, 0xA536, 0xA558, 0xADDA, 0xAE1C, 0xB61C, 0xAE1C, 0xB65D, 0xB63D, 0xB65D, 0xAE3D, 0xA5FC, 0xCE7A,
  0xBDF9, 0xADB8, 0xC618, 0xC617, 0xA557, 0x7C77, 0x7C77, 0x84D8, 0x6C38, 0x747A, 0x6C58, 0x6C57, 0x5BD6, 0x5B72, 0x52F0, 0x52AE,
  0x4AAE, 0x8C53, 0x8493, 0x8494, 0xA4F4, 0x8CF5, 0x7414, 0x5395, 0x7C95, 0x8453, 0x7C33, 0x7495, 0x7475, 0x6C14, 0x94B2, 0x94F4,
  0x94F5, 0x9CF3, 0xAD55, 0x9515, 0x7C75, 0xBDD6, 0xBDF7, 0xC638, 0xD69A, 0xDEDA, 0xDF1C, 0xDF1C, 0xE71C, 0xE75C, 0xEF5D, 0xEF5D,
  0xEF5D, 0xEF5D, 0xEF5D, 0xEF5D, 0xEF5D, 0xEF5D, 0xEF5D, 0xE73C, 0xDEFB, 0xDEFB, 0xDEFB, 0xDEFB, 0xD6DB, 0xDEDB, 0xDEDB, 0xDEDB,
  0xDEDB, 0xDEDB, 0xDEFC, 0xCEFC, 0xB69B, 0xA67C, 0x9E5C, 0x8E3B, 0x8E3B, 0x8E1C, 0xA67C, 0xD6DB, 0xDEDB, 0xD6BA, 0xD6BA, 0xD6BA,
  0xD6BA, 0xD6DB, 0xC6DC, 0xC6DD, 0xE75E, 0xDF5E, 0xAE9C, 0x85BA, 0x74F9, 0x74D9, 0x6D19, 0x7D7A, 0x85BB, 0x961B, 0xA67B, 0xBEBC,
  0xCEFC, 0xDF3D, 0xEF7D, 0xF77E, 0xF79E, 0xF79E, 0xF79E, 0xF79E, 0xF79E, 0xF79E, 0xF79E, 0xF79E, 0xF79E, 0xEF7D, 0xEF7D, 0xEF7D,
  0xEF7D, 0xEF7D, 0xEF7D, 0xEF7D, 0xEF5D, 0xEF5D, 0xEF5D, 0xEF5D, 0xE73C, 0xE73C, 0xE73C, 0xE73C, 0xE73C, 0xE71C, 0xE71C, 0xE71C,
  0xB596, 0xAD75, 0xAD75, 0xAD75, 0xA555, 0x9556, 0xAD33, 0x84F7, 0x8D16, 0xA514, 0x9D13, 0xA4F4, 0x6C55, 0xB5B6, 0x9D98, 0x6C57,
  0x9DFB, 0x84F9, 0x8D39, 0x9D79, 0x8CD7, 0x9539, 0xADFB, 0xB67D, 0xA5B9, 0x9D37, 0x9CF5, 0xA579, 0xA558, 0x9D15, 0x9D16, 0x9CF5,
  0xA536, 0xBE19, 0xB5B9, 0xB5D9, 0xB5F9, 0xBDF9, 0xC659, 0xB5D8, 0xB5D8, 0xB619, 0xBDB7, 0x94D6, 0x7C95, 0x9CF5, 0x84D5, 0x53B3,
  0x4AAE, 0x4B52, 0x5394, 0x428D, 0x3186, 0x31CA, 0x324C, 0x322D, 0x2A0D, 0x29CC, 0x2AB1, 0x3356, 0x3B56, 0x32D3, 0x21CD, 0x1107,
  0x1108, 0x21EC, 0x2125, 0x2988, 0x2988, 0x39E7, 0x52AA, 0x738E, 0x9492, 0xA514, 0xAD76, 0xB5B6, 0xAD75, 0xA534, 0xE71C, 0xDEDB,
  0xC638, 0xB5B6, 0xA514, 0x94B2, 0x9CD3, 0xA534, 0xB5B6, 0xBDF7, 0xC638, 0xD69A, 0xDEDB, 0xE71C, 0xEF5D, 0xEF5C, 0xB65B, 0xB67D,
  0xFFFF, 0xB61A, 0x74D8, 0xEF7D, 0xCEBC, 0x84F8, 0xD6DC, 0xB5D8, 0x5BB4, 0x6458, 0xB69C, 0xFFDE, 0xF7BE, 0xF77E, 0xE71B, 0xBE1A,
  0xBE39, 0xC618, 0xB5B7, 0xAD55, 0x9CF4, 0x94B2, 0x8C92, 0x7C32, 0x7C11, 0x8430, 0x7BEF, 0x738E, 0x632C, 0x5ACB, 0x4249, 0x39C8,
  0x31A6, 0x3186, 0x31A6, 0x31A6, 0x39E7, 0x39C7, 0x52CC, 0x426A, 0x2966, 0x31A7, 0x31A7, 0x31A8, 0x31A8, 0x31C9, 0x426D, 0x3A2D,
  0x3A6F, 0x320B, 0x3A2C, 0x31EB, 0x5310, 0x42AE, 0x31EB, 0x3A2C, 0x3A2D, 0x3A4E, 0x3A6F, 0x3A90, 0x3AB1, 0x3AD1, 0x5C59, 0x53D7,
  0x5373, 0x74DA, 0x647B, 0x649B, 0x6D1C, 0x7DDE, 0x85DE, 0x85DD, 0x85DD, 0xA63E, 0x95BB, 0x7C97, 0x8474, 0x8C54, 0x8C74, 0x9493,
  0x94B4, 0x9CF4, 0x9CF4, 0x9D15, 0xA535, 0xA536, 0xA557, 0xA599, 0xADDB, 0xAE1C, 0xAE1C, 0xB63C, 0xAE3D, 0xAE3D, 0xA61D, 0xA5DB,
  0xC65A, 0xB5D7, 0xA577, 0xC618, 0xAD76, 0x8496, 0x7C56, 0x94F7, 0x63F6, 0x6C39, 0x6438, 0x6C37, 0x5BB5, 0x63B4, 0x8494, 0x5310,
  0x4AF0, 0x5310, 0x94B3, 0x7434, 0x94D3, 0x9D15, 0x94D4, 0x5B94, 0x63F4, 0x7C95, 0x73D3, 0x8CD6, 0x8CF5, 0x6C34, 0x6C36, 0x9535,
  0x94B2, 0xA513, 0x9CF5, 0x7455, 0xA536, 0xB596, 0xBDF7, 0xC638, 0xD69A, 0xDEFB, 0xDF3C, 0xDF1C, 0xE71C, 0xEF3C, 0xEF5D, 0xEF5D,
  0xEF5D, 0xEF5D, 0xEF5D, 0xEF5D, 0xEF5D, 0xEF5D, 0xEF5D, 0xE71C, 0xDEFB, 0xDEDB, 0xDEDB, 0xDEFB, 0xDEDB, 0xDEDB, 0xDEDB, 0xDEDB,
  0xDEDA, 0xDEFB, 0xD6DC, 0xB6BC, 0xA69C, 0xA67C, 0x9E5C, 0x965B, 0x8E3B, 0x8E3B, 0x963C, 0xB69C, 0xDEDB, 0xDEBA, 0xD6BA, 0xD6BA,
  0xD6BA, 0xDEBB, 0xD6FB, 0xBEBC, 0xCF1D, 0xE77E, 0xD73D, 0x9E5B, 0x757A, 0x74F9, 0x74F9, 0x755A, 0x85BB, 0x8E1B, 0xA65B, 0xBEBC,
  0xCEFC, 0xDF5D, 0xEF7E, 0xF79E, 0xF79E, 0xF79E, 0xF79E, 0xF79E, 0xF79E, 0xF79E, 0xF79E, 0xF79E, 0xF79E, 0xEF7D, 0xEF7D, 0xEF7D,
  0xEF7D, 0xEF7D, 0xEF7D, 0xEF7D, 0xEF5D, 0xEF5D, 0xEF5D, 0xEF5D, 0xE73C, 0xE73C, 0xE73C, 0xE73C, 0xE73C, 0xE71C, 0xE71C, 0xE71C,
  0xAD55, 0xAD55, 0xA554, 0xA534, 0xA514, 0x8D16, 0x9D13, 0x8CF5, 0x84F6, 0xA4F3, 0x9CF3, 0xA514, 0x8CB4, 0x94D6, 0xBE59, 0x7C98,
  0xA5DA, 0x9DDB, 0x955A, 0xA5DB, 0x9518, 0x9D79, 0x9D79, 0xBE9D, 0xAE1B, 0xA579, 0x9D37, 0xA558, 0xA5BA, 0x9D15, 0x9D36, 0x9D16,
  0x9CF5, 0xA577, 0xB5F9, 0xBDF9, 0xB5B8, 0xBDF8, 0xADB8, 0xA598, 0xBE39, 0xC5F7, 0xA576, 0x8495, 0x8475, 0x94F5, 0x63D4, 0x4B30,
  0x4AF0, 0x4B31, 0x53B4, 0x31E9, 0x29A8, 0x3A4D, 0x29EC, 0x322E, 0x2A2E, 0x32F3, 0x3B76, 0x3B76, 0x32D3, 0x21EE, 0x18E8, 0x1108,
  0x19AB, 0x08A4, 0x2126, 0x3A08, 0x5AEB, 0x7BCF, 0x9492, 0xA534, 0xB5B6, 0xBDF7, 0xC638, 0xC638, 0xB596, 0xAD75, 0xDEFB, 0xCE59,
  0xBDD7, 0xAD55, 0x9CD3, 0x94B2, 0x9CF3, 0xAD75, 0xBDD7, 0xC618, 0xC638, 0xCE79, 0xD6BA, 0xDF1B, 0xE71C, 0xD6BB, 0x95FB, 0xF7BE,
  0xFFDE, 0x6CB8, 0xC6DC, 0xEF3C, 0xAE3B, 0x957A, 0xF79E, 0xA598, 0x3B14, 0x6498, 0xAE3C, 0xFFDE, 0xEF7E, 0xE73C, 0xD6BA, 0xB5F9,
  0xC659, 0xBDF8, 0xB596, 0xA534, 0x9CD3, 0x94B2, 0x9491, 0x8C71, 0x8431, 0x8430, 0x7BEF, 0x738E, 0x632C, 0x5ACB, 0x4249, 0x39E7,
  0x3186, 0x3186, 0x3186, 0x3186, 0x31A6, 0x2946, 0x428D, 0x3A0A, 0x3167, 0x31A8, 0x31A7, 0x31A8, 0x31C8, 0x31A8, 0x428E, 0x3A6E,
  0x3A90, 0x324D, 0x320B, 0x322C, 0x52EF, 0x42AF, 0x320C, 0x3A0C, 0x3A2C, 0x3A2D, 0x3A4E, 0x3A8F, 0x42B0, 0x42B1, 0x4290, 0x5C39,
  0x6459, 0x5BF5, 0x751B, 0x6CFC, 0x753C, 0x7DBD, 0x8E3F, 0x8E3E, 0x8E1E, 0x961E, 0xAE9E, 0xA5DC, 0x8CD7, 0x8CB6, 0x94B5, 0x94B4,
  0x9CD4, 0x9CF4, 0x9D15, 0xA536, 0xA535, 0xA535, 0xA556, 0xA556, 0xA557, 0xA599, 0xADFB, 0xADFB, 0xADFC, 0xA5FC, 0xA5FC, 0x9DBB,
  0x9D79, 0xBE19, 0xAD77, 0x9D36, 0xA577, 0x94B5, 0x73F4, 0x8CD7, 0x6394, 0x63D6, 0x63F8, 0x63F6, 0x5B94, 0x5B94, 0x9D16, 0x94D4,
  0x4AEF, 0x5352, 0x6392, 0x84B5, 0x7C75, 0x9515, 0xA535, 0x8473, 0x5B73, 0x84B5, 0x6C36, 0x5BF6, 0xA514, 0x9536, 0x6436, 0x7C33,
  0xA513, 0x8C94, 0x7434, 0xA535, 0x84B6, 0xBDB7, 0xC618, 0xCE59, 0xCEBA, 0xD71C, 0xE6FB, 0xE6FB, 0xE71C, 0xEF3C, 0xEF5D, 0xEF5D,
  0xEF5D, 0xE73C, 0xEF5D, 0xEF5D, 0xEF5D, 0xEF5D, 0xE73C, 0xE71C, 0xDEDB, 0xD6BA, 0xDEBA, 0xDEDB, 0xDEDB, 0xDEDB, 0xDEDB, 0xDEDB,
  0xDEFC, 0xD6DC, 0xBEBC, 0xAE9C, 0xA69C, 0xA67B, 0x9E5B, 0x9E5C, 0x9E5B, 0x965B, 0x965B, 0x9E5B, 0xCEBC, 0xDEDB, 0xD6BA, 0xD69A,
  0xD69A, 0xD6BA, 0xDEBA, 0xCEDC, 0xBEDC, 0xDF3D, 0xE77D, 0xC6FD, 0x8E1B, 0x755A, 0x74F9, 0x753A, 0x7D9A, 0x85FB, 0x9E5B, 0xB69C,
  0xCEFC, 0xDF3D, 0xEF7D, 0xF79E, 0xF79E, 0xF79E, 0xF79E, 0xF79E, 0xF79E, 0xF79E, 0xF79E, 0xF79E, 0xF79E, 0xEF7D, 0xEF7D, 0xEF7D,
  0xEF7D, 0xEF7D, 0xEF7D, 0xEF7D, 0xEF5D, 0xEF5D, 0xEF5D, 0xEF5D, 0xE73C, 0xE73C, 0xE73C, 0xE73C, 0xE73C, 0xE71C, 0xE71C, 0xE71C,
  0xA514, 0xA514, 0xA514, 0x9CF3, 0x9CD3, 0x94F4, 0x94F4, 0x94D4, 0x7CF6, 0xA4F3, 0xA4F4, 0xA513, 0xA534, 0x8496, 0xBE38, 0x9D78,
  0x9538, 0xB67C, 0x95BA, 0xAE5B, 0x9539, 0x9D79, 0x9D79, 0xADFB, 0xBEBD, 0xA5BA, 0xA557, 0x9D17, 0xADDB, 0x9D78, 0x9D16, 0x9D16,
  0x9D15, 0x94F5, 0xA577, 0xCE59, 0xC5F8, 0xA577, 0xA578, 0xADF9, 0xA577, 0xA537, 0x8495, 0x8CB5, 0x8495, 0x63F3, 0x5351, 0x4AEF,
  0x4B51, 0x5372, 0x4B51, 0x3167, 0x3A6E, 0x320C, 0x320D, 0x3270, 0x3B13, 0x3B97, 0x3B76, 0x32B2, 0x19AC, 0x10E7, 0x1108, 0x19AB,
  0x0884, 0x0842, 0x2944, 0x528A, 0x73AE, 0x9CD3, 0xB596, 0xC638, 0xD69A, 0xD6BA, 0xD6BA, 0xD69A, 0xAD55, 0xB596, 0xCE59, 0xB596,
  0x9CF3, 0x8C71, 0x8C51, 0x9492, 0xA534, 0xB5B6, 0xBDF7, 0xC618, 0xC638, 0xCE79, 0xD69A, 0xDEFB, 0xDEBA, 0xB63B, 0xB67C, 0xFFFF,
  0xB65C, 0x6479, 0xDF1B, 0xCEDC, 0x959A, 0xD6FD, 0xEF7D, 0xAD78, 0x32F3, 0x64B9, 0x959B, 0xEF5C, 0xE73D, 0xE6FB, 0xBE3A, 0xBE19,
  0xCE38, 0xBDD7, 0xAD75, 0xA514, 0x9CD3, 0x9492, 0x8C91, 0x8C51, 0x8C51, 0x8410, 0x7BCF, 0x738E, 0x630C, 0x52AA, 0x4A49, 0x39E7,
  0x31A6, 0x3186, 0x3186, 0x39A6, 0x39E7, 0x2967, 0x4AAD, 0x39E9, 0x3187, 0x3187, 0x3187, 0x31A8, 0x31C9, 0x31A8, 0x426D, 0x42AF,
  0x3A6E, 0x3AB0, 0x322C, 0x31EB, 0x5331, 0x426D, 0x3A2C, 0x3A0C, 0x31EB, 0x3A0B, 0x3A2D, 0x3A6F, 0x3AB0, 0x42D1, 0x42D1, 0x42B0,
  0x5C37, 0x6CBA, 0x6C98, 0x7D3C, 0x7D5D, 0x7D9D, 0x8DFE, 0x967F, 0x9E5F, 0x9E5E, 0x9E3D, 0xB69E, 0xA61C, 0x9538, 0x94D6, 0x9CF5,
  0x9CF5, 0xA515, 0xA515, 0xA535, 0xA557, 0xA536, 0xA535, 0xA556, 0xA556, 0xA536, 0xA557, 0xAD9A, 0xA5BB, 0xA5DB, 0x9DBB, 0x9D7A,
  0x8D39, 0x94F8, 0xAD97, 0xA537, 0x8C95, 0x8475, 0x73F3, 0x9517, 0x5B73, 0x5B53, 0x5B95, 0x5BB5, 0x5B93, 0x4B33, 0x8495, 0xAD75,
  0x7C33, 0x52F0, 0x5B95, 0x6BD2, 0x7454, 0x84B6, 0x9517, 0x9D35, 0x63D3, 0x6BB2, 0x9D14, 0x6CB8, 0x6416, 0x84B4, 0x9CF4, 0x7455,
  0x7435, 0x7C53, 0xA556, 0x7C75, 0x9D56, 0xC617, 0xC618, 0xCE79, 0xD6FB, 0xDEFB, 0xE6FB, 0xDEFB, 0xE71C, 0xE73C, 0xEF5D, 0xEF5D,
  0xE73C, 0xE73C, 0xEF5D, 0xEF5D, 0xEF5D, 0xEF5D, 0xE73C, 0xE71C, 0xDEDB, 0xD69A, 0xD6BA, 0xDEDB, 0xDEDB, 0xDEDB, 0xDEFB, 0xDEFC,
  0xD6FC, 0xB6BC, 0xAE9C, 0xAE9C, 0xA69C, 0xA67C, 0xA69C, 0xA67C, 0xA67C, 0x9E7C, 0x9E5C, 0x9E5C, 0xAE7C, 0xD6DB, 0xD6BA, 0xD69A,
  0xD69A, 0xD69A, 0xD6BA, 0xD6DB, 0xC6BC, 0xC6DC, 0xE75D, 0xDF5D, 0xB69C, 0x85BB, 0x751A, 0x751A, 0x7D7A, 0x85DA, 0x963B, 0xAE7B,
  0xC6DC, 0xD73C, 0xEF7D, 0xF79D, 0xF79E, 0xF79E, 0xF79E, 0xF79E, 0xF79E, 0xF79E, 0xF79E, 0xF79E, 0xF79E, 0xEF7D, 0xEF7D, 0xEF7D,
  0xEF7D, 0xEF7D, 0xEF7D, 0xEF7D, 0xEF5D, 0xEF5D, 0xEF5D, 0xEF5D, 0xE73C, 0xE73C, 0xE73C, 0xE73C, 0xE73C, 0xE71C, 0xE71C, 0xE71C,
  0x9CF3, 0x9CD3, 0x94B2, 0x94B2, 0x94B2, 0x94B3, 0x8CD4, 0x94D3, 0x7D18, 0x9CF4, 0xA514, 0xA514, 0xAD34, 0x9D16, 0x9D58, 0xBE59,
  0x8D18, 0xC67B, 0xA61C, 0xB67C, 0x9D7A, 0xA59A, 0xA5BB, 0xA5BA, 0xBEBE, 0xBE9D, 0xA5B9, 0x9D37, 0xA599, 0xADFC, 0x9D16, 0x9D16,
  0x9D16, 0x94F5, 0x94B5, 0xA536, 0xBDF8, 0xBDD8, 0xADD9, 0xA556, 0xAD96, 0x8CB6, 0x8CD6, 0x7C55, 0x5BB3, 0x5B31, 0x4ACD, 0x4B94,
  0x5351, 0x5BF5, 0x3A2B, 0x322D, 0x326F, 0x320D, 0x3290, 0x3B34, 0x3BB7, 0x4377, 0x3292, 0x218B, 0x10C5, 0x1128, 0x198A, 0x0884,
  0x0863, 0x0862, 0x3185, 0x5ACB, 0x8C51, 0xB596, 0xD69A, 0xE73C, 0xEF7D, 0xEF5D, 0xE71C, 0xD69A, 0xA534, 0xB5B6, 0xA534, 0x8410,
  0x738E, 0x6B6D, 0x73AE, 0x8430, 0x9CD3, 0xAD55, 0xB596, 0xBDF7, 0xC618, 0xCE59, 0xD69A, 0xD69A, 0xCE7A, 0x9DFC, 0xFFDE, 0xD73D,
  0x855A, 0x8D9A, 0xE73D, 0x8D9A, 0xCEDC, 0xC6BC, 0xEF7E, 0x8D18, 0x3B54, 0x647A, 0xA5BA, 0xCE9B, 0xEF3C, 0xD69A, 0xADF9, 0xCE59,
  0xC618, 0xB5B6, 0xAD55, 0x9CF3, 0x94B2, 0x9492, 0x8C71, 0x8C51, 0x8430, 0x8410, 0x7BCF, 0x6B6D, 0x630C, 0x52AA, 0x4A49, 0x39E7,
  0x31A6, 0x3186, 0x3186, 0x39E7, 0x39E8, 0x2967, 0x4ACD, 0x31A8, 0x3187, 0x31A7, 0x31A8, 0x31A8, 0x31C9, 0x31C9, 0x3A2B, 0x52F0,
  0x3A4E, 0x42D1, 0x3A8E, 0x31CA, 0x5330, 0x42CF, 0x320B, 0x3A4D, 0x31EA, 0x31C9, 0x3A0B, 0x3A4D, 0x3A8F, 0x42B0, 0x42D1, 0x4B12,
  0x4AD1, 0x5C17, 0x74FC, 0x7D1A, 0x857C, 0x859D, 0x8DDE, 0x961E, 0xA69F, 0xA69F, 0xA67E, 0xA65E, 0xB6BE, 0xAE5D, 0xA59B, 0x9D17,
  0x9D16, 0xA516, 0xA536, 0xA535, 0xA556, 0xAD78, 0xA556, 0xA535, 0xA556, 0xA556, 0xA536, 0xA516, 0x9D38, 0x9D59, 0x9D5A, 0x953A,
  0x8CD8, 0x8477, 0x8455, 0xA536, 0x9D36, 0x73F3, 0x6BB1, 0x94F6, 0x6351, 0x52CF, 0x5312, 0x5B54, 0x5B93, 0x4AD1, 0x73F4, 0xA554,
  0x94D4, 0x7C11, 0x5332, 0x5BD5, 0x5B93, 0x6BF4, 0x9D15, 0x94F6, 0x8CF6, 0x53B6, 0x7C55, 0x9598, 0x7476, 0x63D4, 0x7413, 0x63F4,
  0x5394, 0x84D6, 0x6C35, 0x94F6, 0xC617, 0xBE17, 0xC659, 0xD6DB, 0xD6FB, 0xDEFB, 0xDF1C, 0xD71C, 0xDF1C, 0xE73C, 0xE73C, 0xEF5D,
  0xE73C, 0xE73C, 0xE73C, 0xEF5D, 0xEF5D, 0xEF5D, 0xE73C, 0xDEFB, 0xD69A, 0xCE79, 0xD69A, 0xD6BA, 0xDEDB, 0xDEFB, 0xE6FB, 0xD6FC,
  0xBEBC, 0xAEBC, 0xAE9C, 0xA69C, 0xAE9C, 0xAE9C, 0xAE9C, 0xAE9C, 0xAE9C, 0xA69C, 0xA67C, 0xA67C, 0x9E7B, 0xBEBB, 0xD6DB, 0xD6BA,
  0xD69A, 0xD69A, 0xD6BA, 0xD6BA, 0xD6DB, 0xBEBC, 0xCF1D, 0xEF7D, 0xDF3D, 0xA67C, 0x7D9B, 0x751A, 0x7D3A, 0x85BA, 0x961B, 0xA67B,
  0xBEBC, 0xCEFC, 0xDF3D, 0xEF7E, 0xF79E, 0xF79E, 0xF79E, 0xF79E, 0xF79E, 0xF79E, 0xF79E, 0xF79E, 0xF79E, 0xEF7D, 0xEF7D, 0xEF7D,
  0xEF7D, 0xEF7D, 0xEF7D, 0xEF5D, 0xEF5D, 0xEF5D, 0xEF5D, 0xEF5D, 0xE73C, 0xE73C, 0xE73C, 0xE73C, 0xE73C, 0xE71C, 0xE71C, 0xE71C,
  0x94B2, 0x9492, 0x8C71, 0x9492, 0x9492, 0x9492, 0x8CD5, 0x9CD3, 0x8D37, 0x9D97, 0xA555, 0xA514, 0xA534, 0xAD75, 0x9D36, 0xB63B,
  0x9D99, 0xADFA, 0xBE9C, 0xB67C, 0xA5BB, 0xA59A, 0xA5BB, 0xA5DC, 0xAE5D, 0xBEDD, 0xB67D, 0xA5B9, 0x9D17, 0xADDB, 0xADBC, 0x94F5,
  0x94F5, 0x94D5, 0x94B4, 0x8C54, 0x8C94, 0xADB8, 0xB597, 0x94F6, 0x84B5, 0x7C74, 0x8C94, 0x6BD2, 0x5B50, 0x4A8D, 0x42EF, 0x5416,
  0x5393, 0x4B53, 0x320B, 0x3A8F, 0x322F, 0x3AB0, 0x4334, 0x43B7, 0x3B97, 0x32B3, 0x196A, 0x1106, 0x196B, 0x196A, 0x0864, 0x0863,
  0x0863, 0x0841, 0x2965, 0x5AEB, 0x94B2, 0xC638, 0xEF5D, 0xFFDF, 0xFFDF, 0xF7BE, 0xEF5D, 0xD6BA, 0xAD55, 0xAD75, 0x7BEF, 0x5ACB,
  0x528A, 0x52AA, 0x5AEB, 0x528A, 0x39C7, 0x5AEB, 0x9492, 0xAD55, 0xBDD7, 0xC618, 0xCE59, 0xC638, 0xADFA, 0xB65D, 0xD6FD, 0x95DC,
  0xB5FA, 0xA5FC, 0xA61B, 0xC6BC, 0xE73C, 0xBE5C, 0xEF5D, 0x6C97, 0x4B96, 0x6459, 0xB5FB, 0xBE3A, 0xDEFB, 0xB619, 0xBE19, 0xCE58,
  0xBDF7, 0xB596, 0xA534, 0x9CF3, 0x94B2, 0x8C71, 0x8C71, 0x8C51, 0x8430, 0x8410, 0x7BCF, 0x6B6D, 0x5AEB, 0x528A, 0x4228, 0x39E7,
  0x31A6, 0x3186, 0x3186, 0x4228, 0x4208, 0x2987, 0x4ACE, 0x3187, 0x3187, 0x31A7, 0x31A8, 0x31A8, 0x31C9, 0x31EA, 0x31CA, 0x4AF0,
  0x3A6E, 0x3A90, 0x3AD1, 0x322C, 0x52EF, 0x4B10, 0x322C, 0x3A2B, 0x3A0B, 0x39C9, 0x39E9, 0x3A2B, 0x3A6E, 0x4290, 0x4AD1, 0x4B12,
  0x5353, 0x5353, 0x5BF6, 0x74FB, 0x8D7B, 0x8DBC, 0x8D9D, 0x95FE, 0x9E3F, 0xAEBF, 0xAEBF, 0xAE9F, 0xAE9E, 0xBEBE, 0xB65D, 0xADFB,
  0xA578, 0xA536, 0xA536, 0xA536, 0xA536, 0xA556, 0xAD79, 0xA556, 0xA534, 0xA535, 0xA515, 0x9CF4, 0x9CD4, 0x94D5, 0x8CD6, 0x8CD8,
  0x8497, 0x7C55, 0x6BF3, 0x6BD3, 0x8454, 0x7C13, 0x6351, 0x7C54, 0x6371, 0x4A6D, 0x4AAF, 0x5312, 0x5B73, 0x4AAF, 0x5B52, 0x9D15,
  0x8C93, 0x9CF4, 0x6BB0, 0x4B73, 0x6C56, 0x63D3, 0x7C95, 0x9D56, 0x94F5, 0x84B6, 0x5416, 0x84F8, 0x9556, 0x5C16, 0x7414, 0x8475,
  0x6C15, 0x6416, 0x7435, 0xA556, 0xBDF8, 0xC639, 0xC6BA, 0xC6DC, 0xCEDC, 0xD6FD, 0xD71D, 0xDF1C, 0xE71C, 0xE73C, 0xE73C, 0xEF5D,
  0xE73C, 0xE73C, 0xE73C, 0xEF5D, 0xE73C, 0xE73C, 0xE71C, 0xDEDB, 0xCE79, 0xCE59, 0xCE79, 0xD6BA, 0xDEFB, 0xDEFC, 0xD6FC, 0xBEBC,
  0xAEBC, 0xA69C, 0xAE9C, 0xAE9C, 0xAEBC, 0xAEBC, 0xB6BC, 0xB6BC, 0xB6BC, 0xB6BC, 0xAE9C, 0xAE7C, 0xA67C, 0xAE7C, 0xCEBB, 0xDEBB,
  0xD69A, 0xD69A, 0xD69A, 0xD69A, 0xD6BA, 0xCEDB, 0xBEDC, 0xDF3D, 0xEF7E, 0xD71D, 0x9E3B, 0x7D7A, 0x7D3A, 0x857A, 0x8DFB, 0x9E5B,
  0xB69C, 0xC6DC, 0xD71D, 0xE75D, 0xEF9E, 0xF79E, 0xF79E, 0xF79E, 0xF79E, 0xF79E, 0xF79E, 0xF79E, 0xF79E, 0xEF7D, 0xEF7D, 0xEF7D,
  0xEF7D, 0xEF7D, 0xEF7D, 0xEF5D, 0xEF5D, 0xEF5D, 0xEF5D, 0xEF5D, 0xE73C, 0xE73C, 0xE73C, 0xE73C, 0xE73C, 0xE71C, 0xE71C, 0xE71C,
  0x8C71, 0x8C51, 0x8C51, 0x8C51, 0x8C71, 0x9472, 0x94B3, 0x9D36, 0xA619, 0xA5F9, 0xA514, 0xA514, 0xA535, 0xAD75, 0xB595, 0xADD9,
  0xBE7A, 0x9D79, 0xBEBD, 0xC6DC, 0xA61C, 0x9D7A, 0xA5DB, 0xA5FC, 0xAE1C, 0xBEBE, 0xAE5C, 0xB67D, 0xADB9, 0x9D18, 0xADDC, 0xADDC,
  0x94D6, 0x8CB4, 0x8C74, 0x8C94, 0x9537, 0x7C33, 0x73D2, 0x73F3, 0x7C33, 0x6BD2, 0x5B30, 0x530F, 0x52AD, 0x426C, 0x53B4, 0x53B4,
  0x5BB5, 0x3A8D, 0x3A8F, 0x324F, 0x3AB1, 0x4335, 0x43B7, 0x3B97, 0x2A91, 0x1949, 0x1949, 0x19AC, 0x1948, 0x0863, 0x0863, 0x0863,
  0x0863, 0x0841, 0x2945, 0x5AEB, 0x9CF3, 0xDEDB, 0xFFDF, 0xFFFF, 0xFFDF, 0xFFDF, 0xEF7D, 0xDEFB, 0xAD75, 0xA514, 0x7BEF, 0x4A69,
  0x4228, 0x4228, 0x4A49, 0x4228, 0x2965, 0x18E3, 0x4A49, 0x9492, 0xAD75, 0xBDF7, 0xBDF8, 0xBDD8, 0x751B, 0x855B, 0x7D3B, 0xC67B,
  0xAD97, 0x64DB, 0xBE9C, 0xF79D, 0xD6DC, 0xBE7C, 0xCEBB, 0x6C56, 0x6C56, 0x6C78, 0xB61B, 0xC67A, 0xADD9, 0xB619, 0xCE79, 0xC618,
  0xB5B7, 0xAD75, 0xA514, 0x9CD3, 0x9492, 0x8C71, 0x8C51, 0x8430, 0x8430, 0x7BEF, 0x73AE, 0x6B4D, 0x5AEB, 0x528A, 0x4228, 0x39E7,
  0x3186, 0x2966, 0x31A6, 0x4A49, 0x39E8, 0x29A8, 0x4ACE, 0x2967, 0x31A7, 0x3187, 0x31A7, 0x31A8, 0x31A9, 0x31EA, 0x31CA, 0x428E,
  0x4AD0, 0x3A4E, 0x3AF1, 0x3A6F, 0x5310, 0x428E, 0x3A8F, 0x3A2D, 0x3A0A, 0x3A0A, 0x39C8, 0x39E9, 0x3A4C, 0x428E, 0x4AB0, 0x4B12,
  0x5353, 0x5B94, 0x5BB4, 0x6437, 0x74DA, 0x957B, 0x9DDC, 0x95BD, 0x9E1E, 0xA65E, 0xAEBF, 0xB6DF, 0xB6BF, 0xB6BE, 0xBEDE, 0xB63D,
  0xAE1C, 0xADDA, 0xA558, 0xAD56, 0xAD56, 0xAD36, 0xA556, 0xAD78, 0xA536, 0xA514, 0xA515, 0x9CD4, 0x9493, 0x9493, 0x8C94, 0x7C34,
  0x7C55, 0x7414, 0x6BD3, 0x6371, 0x6330, 0x5B30, 0x6B70, 0x94B4, 0x6371, 0x4A4C, 0x4A6D, 0x4AD0, 0x5311, 0x4AAF, 0x42B1, 0x6BD3,
  0x8474, 0x8C94, 0x94F4, 0x5B71, 0x53D5, 0x84F6, 0x63B4, 0x7473, 0xA514, 0xA4F3, 0x6BF4, 0x6477, 0x6C57, 0x7CB7, 0x6C76, 0x8C94,
  0x84D6, 0x8D39, 0x8D18, 0x9D99, 0xB65A, 0xBEDC, 0xBEDC, 0xC6DC, 0xCEFC, 0xDEFC, 0xE6FB, 0xDF1B, 0xD71D, 0xDF3D, 0xE73C, 0xEF5D,
  0xE73C, 0xE73C, 0xE73C, 0xE73C, 0xE73C, 0xE73C, 0xDEFB, 0xD69A, 0xC638, 0xC618, 0xCE59, 0xD6BA, 0xDEFB, 0xD6FC, 0xBEBC, 0xAE9C,
  0xA69C, 0xA69C, 0xAE9C, 0xAE9C, 0xB6BC, 0xB6BC, 0xB6BC, 0xBEDD, 0xBEDC, 0xB6DC, 0xB6BC, 0xAEBC, 0xAE9C, 0xA69C, 0xB69B, 0xD6DB,
  0xD6BA, 0xD69A, 0xD69A, 0xD69A, 0xD69A, 0xD6BB, 0xC6BB, 0xC6DC, 0xE75D, 0xEF7E, 0xC6FD, 0x8DFB, 0x855A, 0x857A, 0x8DDB, 0x9E3B,
  0xA67B, 0xBE9B, 0xCEDC, 0xD71D, 0xE75D, 0xEF9E, 0xF79E, 0xF79D, 0xF79E, 0xF79E, 0xF79E, 0xF79E, 0xF79E, 0xEF7D, 0xEF7D, 0xEF7D,
  0xEF7D, 0xEF7D, 0xEF7D, 0xEF5D, 0xEF5D, 0xEF5D, 0xEF5D, 0xEF5D, 0xE73C, 0xE73C, 0xE73C, 0xE73C, 0xE73C, 0xE71C, 0xE71C, 0xDEFB,
  0x8430, 0x8430, 0x8430, 0x8430, 0x8C51, 0x8C92, 0xAD75, 0xBE7B, 0xB65A, 0x9578, 0xA514, 0xA514, 0xA534, 0xAD55, 0xB595, 0xB5B7,
  0xC69B, 0xA5D9, 0xAE1B, 0xD73D, 0xB67D, 0x9D7A, 0xA5BB, 0xA5FC, 0xA5FC, 0xB67D, 0xBEBD, 0xAE1C, 0xB67E, 0xAE1B, 0x9538, 0x9D7B,
  0xA5DC, 0x9537, 0x94F6, 0x9558, 0x7C53, 0x7BD2, 0x73D2, 0x6B91, 0x6350, 0x5B30, 0x530F, 0x52CE, 0x4A8C, 0x4B11, 0x4B95, 0x5BB4,
  0x4311, 0x3A90, 0x324E, 0x3AB1, 0x4355, 0x4B97, 0x3B55, 0x2A2F, 0x218B, 0x19AC, 0x198A, 0x10E6, 0x0884, 0x1083, 0x0863, 0x0863,
  0x0863, 0x0021, 0x2124, 0x5AEB, 0x9CF3, 0xDEFB, 0xFFDF, 0xFFFF, 0xFFDF, 0xFFDF, 0xEF7D, 0xE71C, 0xC618, 0x94B2, 0x8C71, 0x528A,
  0x39E7, 0x39C7, 0x39C7, 0x4208, 0x4A69, 0x4A69, 0x5AEB, 0x8430, 0xA513, 0xB5B7, 0xAD97, 0x9559, 0x6CBA, 0x8D5A, 0xA5DA, 0xDE78,
  0x7D1A, 0x9DBC, 0xF79C, 0xE71C, 0xD6DC, 0xBE9C, 0xA5DB, 0x84D6, 0x7D16, 0x7C98, 0x9D9A, 0xD6DA, 0x8D18, 0xC67A, 0xCE58, 0xBDF7,
  0xB596, 0xAD55, 0x9CF3, 0x94B2, 0x9492, 0x8C71, 0x8C51, 0x8430, 0x8410, 0x7BCF, 0x738E, 0x632C, 0x5ACB, 0x4A69, 0x4208, 0x39C7,
  0x31A6, 0x3186, 0x39C7, 0x4A49, 0x31C7, 0x31C9, 0x4AAD, 0x2966, 0x3187, 0x3187, 0x3187, 0x31A8, 0x31C9, 0x31C9, 0x31EB, 0x3A0B,
  0x5311, 0x3A4E, 0x3A8F, 0x3A90, 0x5332, 0x4ACE, 0x322D, 0x42D1, 0x3A0C, 0x3A0A, 0x3A2B, 0x39EA, 0x3A2A, 0x424C, 0x4AAE, 0x4AF0,
  0x5B52, 0x5B94, 0x63F5, 0x6C15, 0x7457, 0x7CDA, 0x957B, 0xA5DC, 0x9DDC, 0xA61E, 0xA67E, 0xB6BF, 0xBEFF, 0xB6FF, 0xB6DF, 0xC6FE,
  0xBE7D, 0xB61C, 0xB5FC, 0xAD99, 0xAD57, 0xAD56, 0xA555, 0xA536, 0xA578, 0x9D35, 0x9CD4, 0x94B4, 0x8C73, 0x8C31, 0xAD56, 0x8453,
  0x6BB1, 0x6BD3, 0x6393, 0x6352, 0x5B10, 0x52EE, 0x52CE, 0x634F, 0x6391, 0x426C, 0x4A6C, 0x424D, 0x4A8E, 0x4AAF, 0x424E, 0x5B92,
  0x8453, 0xA4F3, 0x9CF3, 0x9493, 0x3AD1, 0x6C56, 0x8C94, 0x5B94, 0x7433, 0x8454, 0x7434, 0x7456, 0x7C56, 0x7CD7, 0x8D79, 0x8D38,
  0x957A, 0xAE1B, 0xB67B, 0xB69B, 0xBEBC, 0xC6BC, 0xCE9B, 0xD69A, 0xDEDB, 0xDEFB, 0xE6FB, 0xDF1C, 0xD71D, 0xDF3D, 0xEF5C, 0xEF3D,
  0xE73C, 0xE73C, 0xE73C, 0xE73C, 0xE73C, 0xE71C, 0xDEDB, 0xCE79, 0xC618, 0xC5F8, 0xCE59, 0xD6BA, 0xD6DC, 0xBEBC, 0xAE9C, 0xA6BC,
  0xAE9C, 0xAE9C, 0xAEBC, 0xB6BC, 0xB6BC, 0xBEDC, 0xBEDC, 0xBEDC, 0xC6DC, 0xC6DC, 0xBEDC, 0xB6BC, 0xB69C, 0xAE9C, 0xAE9C, 0xC6BB,
  0xD6DA, 0xD69A, 0xD69A, 0xCE9A, 0xD69A, 0xD69A, 0xCEBA, 0xBE9C, 0xCEFD, 0xEF7D, 0xE73E, 0xAE7C, 0x8DDB, 0x8D7A, 0x8DBB, 0x9E1B,
  0xA65B, 0xAE7B, 0xBEBC, 0xCEDC, 0xD71D, 0xE75D, 0xEF9E, 0xF79E, 0xF79E, 0xF79E, 0xF79E, 0xF79E, 0xF79E, 0xEF7D, 0xEF7D, 0xEF7D,
  0xEF7D, 0xEF7D, 0xEF7D, 0xEF5D, 0xEF5D, 0xEF5D, 0xEF5D, 0xEF5D, 0xE73C, 0xE73C, 0xE73C, 0xE73C, 0xE73C, 0xDF1C, 0xDEDB, 0xDEFB,
  0x8410, 0x8410, 0x7BEF, 0x8410, 0x8430, 0x8C71, 0xA576, 0xC67A, 0xA5B7, 0x8538, 0x9D14, 0xA513, 0xA534, 0xAD55, 0xB596, 0xB5B6,
  0xB5F9, 0xBE9B, 0x957B, 0xC6FD, 0xCF1E, 0x9D9C, 0x9D79, 0xA5DC, 0xA5FD, 0xA5FC, 0xBEBD, 0xAE7D, 0xA61D, 0xAE5E, 0xB65D, 0x9D99,
  0x8D18, 0x9DDB, 0x9DDA, 0x8CD7, 0x7C34, 0x73F2, 0x6BB1, 0x6391, 0x5B71, 0x5B30, 0x5330, 0x4AAE, 0x4B31, 0x4333, 0x4B94, 0x4B54,
  0x3AD2, 0x324E, 0x3AB1, 0x4335, 0x4397, 0x3B35, 0x2A30, 0x21ED, 0x198B, 0x1107, 0x10A3, 0x1084, 0x1083, 0x0883, 0x0863, 0x0862,
  0x0842, 0x0021, 0x18E3, 0x52AA, 0x94B2, 0xD6BA, 0xFFDF, 0xFFFF, 0xFFDF, 0xFFDF, 0xEF7D, 0xDEFB, 0xD6BA, 0xA534, 0x9CD3, 0x632C,
  0x31A6, 0x39E7, 0x4208, 0x4228, 0x4A69, 0x630C, 0x73AE, 0x8430, 0x9CD3, 0x9D36, 0x8CF6, 0x6C99, 0x9D79, 0x8D19, 0xCE38, 0xA5B9,
  0x5C9A, 0xC69B, 0xCE9B, 0xD6FC, 0xDEDB, 0xBE7C, 0x855A, 0xAD97, 0x7CD7, 0x84D8, 0x84F9, 0xD699, 0xADD9, 0xB5D9, 0xC639, 0xBDD7,
  0xAD95, 0xA534, 0x9CD3, 0x9492, 0x8C71, 0x8C51, 0x8C51, 0x8430, 0x7BEF, 0x73AE, 0x6B6D, 0x630C, 0x52AA, 0x4A49, 0x4208, 0x39C7,
  0x31A6, 0x31A6, 0x39E7, 0x4A49, 0x3186, 0x39EA, 0x428C, 0x2966, 0x3187, 0x3187, 0x3186, 0x31A8, 0x31A9, 0x31C9, 0x31EB, 0x31EA,
  0x4AAF, 0x4AD0, 0x3A4D, 0x3A6F, 0x5353, 0x4B11, 0x322C, 0x3A6D, 0x42B1, 0x39EB, 0x3A2B, 0x426E, 0x3A2B, 0x424B, 0x4A8C, 0x4ACF,
  0x5330, 0x5B92, 0x63F5, 0x7436, 0x7457, 0x7C98, 0x84DA, 0x953A, 0xA5DB, 0xA61C, 0xA65E, 0xAE7F, 0xB6BF, 0xBEFF, 0xBF1F, 0xBEFF,
  0xC71E, 0xBE9D, 0xB63C, 0xB63D, 0xADDA, 0xA577, 0xA557, 0xA535, 0x9D15, 0xA538, 0x94D4, 0x9492, 0x8C52, 0x7BF0, 0x8C52, 0x94D7,
  0x8432, 0x5B4F, 0x6352, 0x5B32, 0x5B11, 0x52F0, 0x52CE, 0x4A6D, 0x5B50, 0x4A8C, 0x424C, 0x424D, 0x422C, 0x424D, 0x3A0C, 0x6391,
  0x63B2, 0x9CF4, 0xA513, 0xA534, 0x63B2, 0x4353, 0x7477, 0x63B3, 0x63D4, 0x7414, 0x8494, 0x6457, 0x7CB6, 0x8517, 0x9599, 0xAE7C,
  0xAEBC, 0xBE9B, 0xBEBC, 0xC6DC, 0xC69A, 0xCE79, 0xCE79, 0xD69A, 0xDEDB, 0xDEFB, 0xDF1C, 0xDF1C, 0xE71C, 0xE73C, 0xEF5D, 0xEF5D,
  0xE73C, 0xE73C, 0xE73C, 0xE73C, 0xE71C, 0xE71C, 0xDEDB, 0xCE59, 0xBDF7, 0xBDF7, 0xC658, 0xCEBB, 0xC6DC, 0xB6BC, 0xB6BC, 0xAEBC,
  0xAEBC, 0xAEBC, 0xB6BC, 0xB6DC, 0xBEDD, 0xBEDC, 0xC6FD, 0xC6FD, 0xC6FD, 0xC6FD, 0xC6DC, 0xBEDC, 0xB6BC, 0xB69C, 0xAE9C, 0xAE9C,
  0xCEDB, 0xDEBB, 0xD69A, 0xCE79, 0xCE79, 0xCE79, 0xD69A, 0xC6BB, 0xB6BC, 0xD71D, 0xEF7D, 0xC6FD, 0x963B, 0x8DBB, 0x95BA, 0x9DFA,
  0x9E3B, 0xAE5B, 0xB69B, 0xC6BC, 0xCEFC, 0xD71D, 0xE75D, 0xEF9E, 0xF79D, 0xF79E, 0xF79E, 0xF79E, 0xF79E, 0xEF7D, 0xEF7D, 0xEF7D,
  0xEF7D, 0xEF7D, 0xEF5D, 0xEF5D, 0xEF5D, 0xEF5D, 0xEF5D, 0xEF5D, 0xE73C, 0xE73C, 0xE73C, 0xE73C, 0xE71C, 0xDEFC, 0xD6DB, 0xD6DB,
  0x7BEF, 0x7BEF, 0x7BEF, 0x7BEF, 0x8410, 0x8430, 0x8C71, 0x9D14, 0x94F4, 0x8517, 0x8D16, 0xA513, 0xA534, 0xAD55, 0xAD75, 0xB5B6,
  0xADB7, 0xC639, 0xBE9B, 0xB63C, 0xD73C, 0xAE1D, 0x9D7A, 0x9539, 0xA5BC, 0xA5DD, 0xAE1D, 0xB69D, 0xA5FC, 0xA5FD, 0xA5FE, 0xAE7E,
  0xAE9D, 0xA5FA, 0x84D6, 0x7453, 0x6BD2, 0x6391, 0x6391, 0x63B3, 0x63B4, 0x5B93, 0x5311, 0x4B33, 0x4B95, 0x4B33, 0x43B6, 0x4334,
  0x3AB1, 0x3AB2, 0x3B35, 0x3B77, 0x3B35, 0x2A51, 0x218B, 0x1908, 0x10C5, 0x10C4, 0x10A4, 0x1084, 0x0883, 0x0863, 0x0863, 0x0862,
  0x0041, 0x0041, 0x18E3, 0x4A49, 0x8C51, 0xCE59, 0xF79E, 0xFFDF, 0xFFDF, 0xF7BE, 0xEF5D, 0xDEFB, 0xDEDB, 0xCE59, 0x9CD3, 0x9CF3,
  0x4A69, 0x3186, 0x630C, 0x632C, 0x6B4D, 0x6B6D, 0x7BCF, 0x8C30, 0x94D3, 0x74B6, 0x43B7, 0x7CB7, 0x7CD9, 0xBDF7, 0x9D98, 0x6CDA,
  0x7CF9, 0xA61B, 0xD6DC, 0xE73C, 0xE6FA, 0xB67C, 0x7D3A, 0xCE18, 0x74F8, 0x74D8, 0x7458, 0xC65A, 0xCE59, 0xAD97, 0xB5B8, 0xBDB6,
  0xAD55, 0xA514, 0x94B2, 0x9492, 0x8C71, 0x8C51, 0x8430, 0x8410, 0x7BCF, 0x738E, 0x6B4D, 0x5AEB, 0x528A, 0x4A49, 0x39E7, 0x39C7,
  0x31A6, 0x39C7, 0x4208, 0x4228, 0x2966, 0x3A2A, 0x426B, 0x2966, 0x3186, 0x3186, 0x3186, 0x3187, 0x31C9, 0x31CA, 0x39EA, 0x3A0B,
  0x3A0C, 0x5331, 0x3A6F, 0x3A4E, 0x5352, 0x5352, 0x3A6E, 0x424D, 0x3A4C, 0x42D2, 0x3A0A, 0x422B, 0x4AD0, 0x4AAE, 0x4A8C, 0x4AAD,
  0x530F, 0x5B71, 0x63D3, 0x6C15, 0x7477, 0x7C97, 0x84B8, 0x8CF9, 0x955A, 0xADFC, 0xAE1C, 0xAE5D, 0xB69F, 0xB6BF, 0xBEFF, 0xC71F,
  0xC71F, 0xC71F, 0xC6DE, 0xB65D, 0xB61D, 0xADFC, 0xA599, 0xA537, 0x9CF5, 0x9CD4, 0x9CD6, 0x8C72, 0x8431, 0x7BD0, 0x7BEF, 0x94D5,
  0x8CD5, 0x9472, 0x5AEE, 0x5B10, 0x5311, 0x5311, 0x52F0, 0x4AAF, 0x5B91, 0x4AAD, 0x420B, 0x420A, 0x39EA, 0x3A0A, 0x39EC, 0x428E,
  0x5B52, 0x5B11, 0x6391, 0x6BD2, 0x5311, 0x4AD1, 0x53D6, 0x63F4, 0x63D4, 0x5BB4, 0x6BF6, 0x8517, 0x6C36, 0x9517, 0xADF9, 0xB619,
  0xB63A, 0xBEBB, 0xC6BB, 0xCE39, 0xCE38, 0xCE59, 0xCE79, 0xD69A, 0xDEDB, 0xDEFB, 0xE71C, 0xE71C, 0xE71C, 0xE73C, 0xEF5D, 0xEF5D,
  0xE73C, 0xE73C, 0xE73C, 0xE73C, 0xE71C, 0xDEFB, 0xDEDB, 0xCE59, 0xBDF7, 0xBDF7, 0xC659, 0xC6BB, 0xBEDC, 0xBEDC, 0xBEDC, 0xB6DD,
  0xBEDC, 0xBEDC, 0xBEDC, 0xC6FD, 0xC6DD, 0xC6FD, 0xC6FD, 0xC6FD, 0xCF1D, 0xC6FD, 0xC6FC, 0xC6FC, 0xBEDC, 0xB6BC, 0xB6BC, 0xAE9C,
  0xBEBC, 0xD6DB, 0xD6BA, 0xCE79, 0xCE79, 0xCE79, 0xCE7A, 0xCE9A, 0xBE9B, 0xB6DC, 0xE75D, 0xDF3D, 0xAE9C, 0x95FB, 0x95DA, 0x9DDA,
  0x9E1B, 0xA63B, 0xAE7B, 0xB69B, 0xC6BC, 0xCEDC, 0xD71D, 0xE75D, 0xEF7E, 0xF79E, 0xF79E, 0xF79E, 0xF79E, 0xEF7D, 0xEF7D, 0xEF7D,
  0xEF7D, 0xEF7D, 0xEF5D, 0xEF5D, 0xEF5D, 0xEF5D, 0xEF5D, 0xEF5D, 0xE73C, 0xE73C, 0xE73C, 0xE71C, 0xDEFC, 0xD6DB, 0xCEBA, 0xD6BB,
  0x7BCF, 0x7BCF, 0x7BCF, 0x7BCF, 0x7BEF, 0x8410, 0x8430, 0x8C51, 0x8C92, 0x84D5, 0x8518, 0x9CF4, 0xA513, 0xAD34, 0xAD75, 0xB596,
  0xB5B7, 0xB5D7, 0xC639, 0xBEDC, 0xC69C, 0xC6BD, 0x959C, 0x9519, 0x94F8, 0xA5BC, 0x9D9D, 0xAE1D, 0xA5FB, 0x9DBC, 0xAE5D, 0xA65D,
  0x9E1E, 0x9E1E, 0x9E3D, 0x9DFC, 0x959A, 0x8519, 0x7D1A, 0x74D8, 0x63F5, 0x5353, 0x4B54, 0x4BF7, 0x4B96, 0x4BD7, 0x4418, 0x4376,
  0x3B34, 0x3B56, 0x3B36, 0x32F4, 0x2A2F, 0x216A, 0x1907, 0x10E5, 0x18C5, 0x10A4, 0x10A3, 0x1083, 0x0863, 0x0863, 0x0862, 0x0042,
  0x0041, 0x0021, 0x18C3, 0x39E7, 0x7BCF, 0xBDD7, 0xE73C, 0xF7BE, 0xF7BE, 0xF79E, 0xEF5D, 0xE71C, 0xDEDB, 0xD6BA, 0xBDF7, 0xAD75,
  0xA514, 0x8C71, 0x9492, 0x8C71, 0x8430, 0x8410, 0x8430, 0x9491, 0x6C35, 0x5BD5, 0x6C55, 0x6C77, 0xAD96, 0x9537, 0x5C9A, 0x8D79,
  0x7CF9, 0xC69C, 0xE6FB, 0xDEFC, 0xDEFB, 0xBE7B, 0x857A, 0xD658, 0x8D37, 0x6CF9, 0x6C37, 0xA57A, 0xCE78, 0xAD97, 0x9D36, 0xB596,
  0xAD35, 0x9CF3, 0x9492, 0x8C71, 0x8C51, 0x8430, 0x8410, 0x7BEF, 0x73AE, 0x6B6D, 0x630C, 0x5ACB, 0x4A69, 0x4228, 0x39E7, 0x31A6,
  0x31A6, 0x39C7, 0x39E7, 0x4208, 0x2946, 0x3A4B, 0x422B, 0x2966, 0x3186, 0x3186, 0x3187, 0x3186, 0x31C8, 0x39EA, 0x31EA, 0x3A0B,
  0x31EB, 0x4ACF, 0x4B12, 0x3A6F, 0x5332, 0x5353, 0x3A8F, 0x428F, 0x3A4C, 0x3A2C, 0x4AD2, 0x422C, 0x422A, 0x52F1, 0x5311, 0x4ACE,
  0x52EE, 0x5B30, 0x63B2, 0x6C14, 0x7456, 0x7C97, 0x84B7, 0x84D8, 0x8D19, 0x9D7B, 0xAE1C, 0xB65C, 0xB65D, 0xB69F, 0xBEBF, 0xBEDF,
  0xC71F, 0xC71F, 0xC73F, 0xC71F, 0xB67D, 0xAE3D, 0xADFC, 0xA59A, 0x9D37, 0x94B6, 0x8C75, 0x8453, 0x7BF1, 0x73B1, 0x632E, 0x9CB3,
  0x94B6, 0x8C94, 0x9493, 0x5B2F, 0x4AD1, 0x5310, 0x4AF0, 0x4AD0, 0x5BB3, 0x5BB4, 0x4B31, 0x42F0, 0x428E, 0x3A2C, 0x39EA, 0x31CA,
  0x52EF, 0x52D0, 0x6B91, 0x8C74, 0x7C33, 0x6392, 0x5352, 0x4354, 0x5BB4, 0x8CF6, 0x7C75, 0x7CD7, 0x9537, 0xA5B8, 0xBDD7, 0xBDD7,
  0xBE5A, 0xBE7B, 0xC639, 0xC639, 0xCE58, 0xCE59, 0xCE79, 0xD6BA, 0xDEFB, 0xE71C, 0xE71C, 0xE71C, 0xE73C, 0xEF5D, 0xEF5D, 0xEF5D,
  0xEF5D, 0xE73C, 0xE73C, 0xE73C, 0xE71C, 0xDEFB, 0xDEDB, 0xCE59, 0xC618, 0xBDF7, 0xC638, 0xCEBA, 0xCEFB, 0xD6FC, 0xCEFC, 0xCEFC,
  0xCEFD, 0xCEFD, 0xCEFD, 0xCF1C, 0xCF1D, 0xCF1D, 0xCF1D, 0xCF1D, 0xCF1D, 0xCF1D, 0xCEFC, 0xCEFC, 0xC6DC, 0xBEDC, 0xBEBC, 0xB6BC,
  0xB6BC, 0xC6BC, 0xD6BA, 0xD69A, 0xCE79, 0xCE59, 0xCE59, 0xCE79, 0xCE9A, 0xB67B, 0xCEFC, 0xDF5D, 0xC6DC, 0xA63B, 0x9DFA, 0x9DDA,
  0xA5FB, 0xA63A, 0xA65A, 0xAE7B, 0xB69B, 0xBEBC, 0xCEDC, 0xD6FC, 0xDF3D, 0xEF7E, 0xF79D, 0xF79E, 0xF79E, 0xEF7D, 0xEF7D, 0xEF7D,
  0xEF7D, 0xEF5D, 0xEF5D, 0xEF5D, 0xEF5D, 0xEF5D, 0xEF5D, 0xEF5D, 0xE73C, 0xE73C, 0xE73C, 0xE71C, 0xDEFB, 0xD6BB, 0xC69A, 0xCEBB,
  0x7BCF, 0x7BCF, 0x73AE, 0x7BCF, 0x7BCF, 0x7BEF, 0x8410, 0x8431, 0x8C71, 0x8C92, 0x7CF8, 0x8CF5, 0xA4F3, 0xA514, 0xAD55, 0xAD75,
  0xB596, 0xADD8, 0xB5B7, 0xA5B9, 0xC6DD, 0xD75D, 0xB67D, 0x957C, 0x8CF7, 0x8CD7, 0xA5DD, 0xAE1D, 0xBE9C, 0xA5D9, 0x84D6, 0x84B7,
  0x84B8, 0x84FA, 0x853B, 0x853B, 0x84FA, 0x7477, 0x63F5, 0x5BD4, 0x5394, 0x53B6, 0x5438, 0x53D8, 0x5419, 0x4BF8, 0x3B55, 0x3AD3,
  0x32F2, 0x32B3, 0x3AD3, 0x2A50, 0x218B, 0x1929, 0x1906, 0x10C4, 0x10C4, 0x1084, 0x1083, 0x1063, 0x0863, 0x0863, 0x0042, 0x0841,
  0x0041, 0x0021, 0x10C3, 0x31A6, 0x632C, 0xAD55, 0xDEDB, 0xEF7D, 0xF79E, 0xEF7D, 0xEF5D, 0xE71C, 0xDEFB, 0xD6BA, 0xD6BA, 0xCE79,
  0xCE59, 0xC638, 0xB5B6, 0xA534, 0x9CD3, 0x9492, 0x94B2, 0x7C54, 0x5393, 0x7433, 0x4B96, 0x94F4, 0x8CD5, 0x6498, 0x8D79, 0xBDF8,
  0x84F8, 0xC65A, 0xD6BA, 0xDEDB, 0xDEFB, 0xBE5A, 0x7D7B, 0xD67A, 0x9D57, 0x7D39, 0x6477, 0x7CB8, 0xADB9, 0xB5D7, 0xADB7, 0xA556,
  0xA514, 0x94B2, 0x9492, 0x8C51, 0x8430, 0x8430, 0x7BEF, 0x7BCF, 0x738E, 0x632C, 0x5AEB, 0x528A, 0x4A49, 0x39E7, 0x31A6, 0x31A6,
  0x31A6, 0x39C7, 0x39E7, 0x4208, 0x2946, 0x3A4C, 0x3A09, 0x2945, 0x3187, 0x3187, 0x3187, 0x31A7, 0x31A7, 0x39EA, 0x3A0C, 0x320B,
  0x3A2C, 0x322D, 0x5372, 0x42D1, 0x5353, 0x5393, 0x3AB1, 0x42D0, 0x428F, 0x424C, 0x424B, 0x52D3, 0x4A8D, 0x4A4A, 0x5311, 0x5B74,
  0x5B31, 0x5B30, 0x6371, 0x6BD3, 0x7455, 0x7C97, 0x84B8, 0x84F8, 0x8D18, 0x9539, 0x9D7A, 0xAE1C, 0xBE7D, 0xB65C, 0xB67E, 0xBEBF,
  0xB69F, 0xBEFF, 0xBF1F, 0xC73F, 0xCF3F, 0xBEBD, 0xAE3D, 0xA5DC, 0x9D7A, 0x94F8, 0x8475, 0x7C13, 0x73B0, 0x6B70, 0x632F, 0x6B4E,
  0x94F6, 0x6BD3, 0x8454, 0x94B4, 0x73D2, 0x52F1, 0x4B12, 0x42D0, 0x5352, 0x5352, 0x42AF, 0x5331, 0x5373, 0x5394, 0x53B4, 0x5394,
  0x5373, 0x5373, 0x5B73, 0x5372, 0x4B11, 0x3AD2, 0x63B3, 0x6BF4, 0x7497, 0x9D58, 0xA598, 0xA5FB, 0xB63A, 0xB619, 0xCE38, 0xCE7A,
  0xC659, 0xBE5A, 0xCE7A, 0xC67A, 0xCE79, 0xCE79, 0xD69A, 0xD6BA, 0xDEFB, 0xE71C, 0xE71C, 0xE71C, 0xE73C, 0xEF5D, 0xEF7D, 0xEF5D,
  0xEF5D, 0xE73C, 0xE73C, 0xE73C, 0xE73C, 0xE71C, 0xDEDB, 0xCE79, 0xC638, 0xC618, 0xCE59, 0xD69A, 0xDEDB, 0xDEFB, 0xDEFB, 0xDF1C,
  0xDF1C, 0xDF1C, 0xDF1C, 0xD71C, 0xDF1C, 0xD73D, 0xD73D, 0xD73D, 0xD73D, 0xD73D, 0xCF1D, 0xCF1D, 0xCEFD, 0xC6FD, 0xC6DC, 0xBEDD,
  0xB6DC, 0xB6BC, 0xCEBB, 0xCE9A, 0xCE59, 0xC639, 0xCE58, 0xCE59, 0xCE79, 0xC67A, 0xBE9B, 0xD71D, 0xD73D, 0xBE9C, 0xA63B, 0xA5FA,
  0xA5FA, 0xA61A, 0xA63B, 0xAE5B, 0xB67B, 0xB67B, 0xC6BC, 0xCEDC, 0xD6FC, 0xDF3C, 0xEF7D, 0xF79E, 0xF79E, 0xEF7E, 0xEF7D, 0xEF7D,
  0xEF7D, 0xEF7D, 0xEF5D, 0xEF5D, 0xEF5D, 0xEF5D, 0xEF5D, 0xE73C, 0xE73C, 0xE73C, 0xE73C, 0xE71C, 0xDEFC, 0xD6BB, 0xCE9A, 0xCE9A,
  0x7BCF, 0x7BCF, 0x7BCF, 0x7BCF, 0x7BCF, 0x7BCF, 0x7BEF, 0x8410, 0x8430, 0x8C50, 0x8494, 0x7CF7, 0x9CF3, 0x9D14, 0xA534, 0xAD55,
  0xB575, 0xAD97, 0xB5D7, 0xA557, 0xA5DB, 0xAE5C, 0xDF5D, 0xBEDD, 0xAE1C, 0xA5B9, 0x9D57, 0x9DBA, 0xA61E, 0xA5FC, 0x7C74, 0x6B92,
  0x6B92, 0x6B72, 0x6351, 0x5B31, 0x52F0, 0x52CF, 0x4AD0, 0x52F2, 0x4B54, 0x4BF7, 0x4B97, 0x4BB7, 0x4B55, 0x3AB2, 0x42F3, 0x3AB3,
  0x3250, 0x3A92, 0x3292, 0x29CC, 0x2149, 0x1928, 0x18C5, 0x10C5, 0x10A4, 0x1083, 0x1083, 0x0883, 0x0863, 0x0864, 0x0843, 0x0042,
  0x0022, 0x0021, 0x0862, 0x2965, 0x528A, 0x94B2, 0xCE59, 0xE71C, 0xEF5D, 0xEF7D, 0xEF5D, 0xE73C, 0xDEFB, 0xDEDB, 0xD6BA, 0xD6BA,
  0xCE79, 0xCE59, 0xBDF7, 0xAD55, 0x94B3, 0x8C71, 0x73F1, 0x4B52, 0x73AE, 0x3AF2, 0x5BB2, 0x6C14, 0x5C15, 0x8D16, 0x9D36, 0xB595,
  0x7CB7, 0xADD9, 0xCE79, 0xD69A, 0xDEDA, 0xBE7B, 0x7D5A, 0xC67A, 0x9D76, 0x7CF7, 0x8D17, 0x4BB7, 0xA557, 0xC5F7, 0xB5B6, 0xA554,
  0x9CF3, 0x9492, 0x8C71, 0x8C51, 0x8430, 0x8410, 0x7BEF, 0x73AE, 0x6B4D, 0x630C, 0x52AA, 0x4A69, 0x4208, 0x39C7, 0x31A6, 0x3186,
  0x31A6, 0x39C7, 0x39E7, 0x4208, 0x2946, 0x426C, 0x31E9, 0x2965, 0x3187, 0x3187, 0x3187, 0x3187, 0x3187, 0x31A8, 0x3A2C, 0x3A4D,
  0x3A2C, 0x322D, 0x42B0, 0x53B4, 0x4B95, 0x5BF6, 0x42D1, 0x4B12, 0x42D0, 0x428E, 0x426D, 0x428D, 0x5314, 0x52CF, 0x4A8A, 0x52EF,
  0x6374, 0x63B5, 0x6392, 0x6BB2, 0x73F4, 0x7C56, 0x84B7, 0x84F9, 0x8D3A, 0x9539, 0x9559, 0x9D7A, 0xADDB, 0xBE5C, 0xB67C, 0xB65D,
  0xB67E, 0xB69E, 0xB69E, 0xBEBF, 0xBEFF, 0xC73F, 0xC6FE, 0xAE5D, 0x9DDC, 0x955B, 0x84D9, 0x7C57, 0x6BD3, 0x6350, 0x632F, 0x52CD,
  0x7C32, 0x8496, 0x7433, 0x7C34, 0x73D3, 0x5B72, 0x5B72, 0x4B11, 0x5353, 0x5373, 0x3A4E, 0x3A2D, 0x320C, 0x320C, 0x3A2C, 0x3A2D,
  0x322D, 0x322E, 0x322E, 0x3230, 0x5352, 0x6C34, 0x8C95, 0x8494, 0x5BF5, 0x957A, 0xB67B, 0xBEDD, 0xD6FC, 0xE75D, 0xE75D, 0xE71C,
  0xE71B, 0xE71C, 0xE71D, 0xE71C, 0xDF1C, 0xDEFC, 0xE71C, 0xE71C, 0xE73C, 0xEF5C, 0xEF5D, 0xEF5D, 0xEF5D, 0xEF7D, 0xEF7D, 0xEF7D,
  0xEF5D, 0xE73C, 0xE73C, 0xE73C, 0xE73C, 0xE71C, 0xDEFB, 0xD69A, 0xCE59, 0xC638, 0xCE59, 0xD69A, 0xDEDB, 0xDEFB, 0xDEFB, 0xDEFB,
  0xDEFB, 0xDEFB, 0xDEFB, 0xDEFC, 0xE71C, 0xE71C, 0xE71C, 0xE71C, 0xDF1C, 0xDF1C, 0xD73C, 0xD71D, 0xD71D, 0xCF1D, 0xC6FC, 0xC6FD,
  0xBEDC, 0xBEDC, 0xBEBC, 0xCE9A, 0xCE59, 0xC638, 0xC638, 0xC639, 0xCE79, 0xCE9A, 0xBE9B, 0xC6DC, 0xDF5D, 0xD71D, 0xBE9C, 0xAE3B,
  0xA5FA, 0xA61A, 0xAE3A, 0xAE5B, 0xAE7B, 0xAE7B, 0xB69B, 0xBE9B, 0xC6DC, 0xCEFC, 0xDF1C, 0xE75E, 0xEF7E, 0xEF7D, 0xEF7D, 0xEF7D,
  0xEF5D, 0xEF5D, 0xEF5D, 0xEF5D, 0xEF5D, 0xEF5D, 0xEF5D, 0xE73C, 0xE73C, 0xE73C, 0xE73C, 0xE73C, 0xDF1C, 0xD6DB, 0xCE9A, 0xCEBB,
  0x7BEF, 0x7BCF, 0x7BCF, 0x73AE, 0x73AE, 0x7BCF, 0x7BCF, 0x7BEF, 0x8410, 0x8451, 0x9471, 0x7CD6, 0x8CF5, 0xA4F3, 0xA514, 0xA534,
  0xAD54, 0xAD76, 0xA597, 0xB5B6, 0x9D37, 0xA61A, 0xBE7B, 0xCF1D, 0x9DFD, 0x84FB, 0x7C15, 0x6B92, 0x7C15, 0x8D5B, 0xA61D, 0x9599,
  0x7C55, 0x6393, 0x5B31, 0x5311, 0x5B74, 0x6395, 0x53B6, 0x53D7, 0x5419, 0x53B8, 0x4BD8, 0x4B76, 0x3AD3, 0x3B13, 0x3AB1, 0x31CD,
  0x2A0E, 0x32B2, 0x2A0E, 0x29AC, 0x214A, 0x1907, 0x18C4, 0x10A4, 0x10A4, 0x0883, 0x0863, 0x0863, 0x0864, 0x0864, 0x0843, 0x0042,
  0x0042, 0x0022, 0x0021, 0x2104, 0x4228, 0x7BCF, 0xBDD7, 0xDEDB, 0xE73C, 0xEF5D, 0xEF5D, 0xEF5C, 0xE71C, 0xDEDB, 0xDEBA, 0xD6BA,
  0xD69A, 0xCE59, 0xBDD7, 0x9CF3, 0x8410, 0x634E, 0x3290, 0x5AEC, 0x42AE, 0x32F3, 0x4B11, 0x4311, 0x6BAD, 0x6BD1, 0x7BF0, 0x8C30,
  0x7433, 0x84D6, 0xB5B6, 0xC618, 0xD679, 0xC67B, 0x8D58, 0x9578, 0x7CF8, 0x7CF9, 0x7CB6, 0x43B7, 0x8CB6, 0xAD97, 0xB575, 0xA514,
  0x9CD3, 0x9491, 0x8C51, 0x8430, 0x8410, 0x7BEF, 0x73AE, 0x6B6D, 0x632C, 0x5ACB, 0x528A, 0x4228, 0x39E7, 0x31A6, 0x3186, 0x3186,
  0x31A6, 0x39C7, 0x39E7, 0x4228, 0x2945, 0x426C, 0x31C8, 0x2966, 0x3187, 0x3187, 0x3187, 0x3187, 0x31A8, 0x3187, 0x39EB, 0x428F,
  0x3A6F, 0x3A2D, 0x3A2E, 0x5B73, 0x6417, 0x6438, 0x4B33, 0x4B33, 0x5333, 0x4AF0, 0x4AAE, 0x4AAD, 0x4AAF, 0x5B34, 0x5B12, 0x52AD,
  0x52ED, 0x5B71, 0x63D5, 0x6BF5, 0x6BF4, 0x7414, 0x7C76, 0x84D8, 0x8D19, 0x955A, 0x9D7A, 0x9D9A, 0xA59A, 0xA59A, 0xADFB, 0xBE7C,
  0xB65C, 0xAE3D, 0xB65E, 0xAE3E, 0xAE5E, 0xAE9E, 0xB6DF, 0xBF1F, 0xAEBE, 0x95DD, 0x855C, 0x7CDB, 0x7438, 0x6393, 0x5B10, 0x52CF,
  0x5AED, 0x94B4, 0x7C34, 0x9CD4, 0x6B93, 0x5331, 0x6BB2, 0x6BB2, 0x5332, 0x63D5, 0x42F2, 0x42F1, 0x4291, 0x3A70, 0x3A6F, 0x3A90,
  0x3AD1, 0x328F, 0x3A91, 0x5B92, 0x94D4, 0x7C54, 0x5393, 0x8CF6, 0x8CD5, 0x8495, 0xB5D8, 0xAE3C, 0xBEBD, 0xCEFD, 0xE73D, 0xEF3D,
  0xE75D, 0xE75C, 0xE75D, 0xE75E, 0xE75D, 0xEF5D, 0xEF7D, 0xEF7E, 0xF79E, 0xF79E, 0xF79E, 0xF7BE, 0xF79E, 0xF7BE, 0xF7BE, 0xF7BE,
  0xF79E, 0xEF7D, 0xEF7D, 0xEF7E, 0xEF7D, 0xEF5D, 0xE73C, 0xDEDB, 0xD69A, 0xCE79, 0xCE99, 0xD6BA, 0xDEFB, 0xDEFB, 0xE71C, 0xDEFC,
  0xDEFB, 0xDEFB, 0xDEFB, 0xDEFC, 0xDEFC, 0xDEFB, 0xDEFB, 0xDEFB, 0xDEFC, 0xDEFB, 0xDEFB, 0xDEFB, 0xDEFC, 0xDEFC, 0xD6FC, 0xD6FC,
  0xD6FC, 0xCEDC, 0xBEDD, 0xC6BC, 0xCE7A, 0xC638, 0xC638, 0xCE59, 0xCE79, 0xD699, 0xCEBA, 0xBE9B, 0xCF1C, 0xE75D, 0xDF3D, 0xBEBC,
  0xAE3B, 0xAE1A, 0xAE3A, 0xAE5B, 0xAE7B, 0xAE7B, 0xAE7B, 0xB67B, 0xBE9B, 0xC6BC, 0xCEDC, 0xD71D, 0xE75D, 0xEF7D, 0xEF7D, 0xEF7D,
  0xEF5D, 0xEF5D, 0xEF5D, 0xEF5D, 0xEF5D, 0xEF5D, 0xEF5D, 0xE73C, 0xE73C, 0xE73C, 0xE73C, 0xE73C, 0xE73C, 0xDEFC, 0xCEBB, 0xD6BB,
  0x7BEF, 0x7BEF, 0x7BCF, 0x7BCF, 0x73AE, 0x73AE, 0x7BCF, 0x7BEF, 0x8410, 0x8430, 0x8C71, 0x9492, 0x7CF9, 0x94F4, 0xA4F3, 0xA514,
  0xA535, 0xAD55, 0xA577, 0xAD96, 0xA536, 0x9578, 0xB67B, 0xC69B, 0xBEFE, 0x9E5E, 0x853C, 0x7478, 0x6BD4, 0x6372, 0x6393, 0x7456,
  0x8D5A, 0x95BC, 0x851A, 0x7499, 0x6C7A, 0x649B, 0x5C9B, 0x5C9A, 0x543A, 0x543A, 0x4398, 0x3AF3, 0x3AB1, 0x3A70, 0x29ED, 0x29AB,
  0x3250, 0x3270, 0x29EE, 0x21AC, 0x194A, 0x18E6, 0x10C4, 0x10A4, 0x10A4, 0x0883, 0x0863, 0x0863, 0x0884, 0x0864, 0x0864, 0x0042,
  0x0042, 0x0022, 0x0021, 0x1082, 0x39C6, 0x630C, 0xA514, 0xCE79, 0xE71C, 0xEF5D, 0xEF7D, 0xEF5D, 0xE73C, 0xDEFB, 0xDEBB, 0xD6BA,
  0xD69A, 0xCE59, 0xAD76, 0x83EF, 0x52CB, 0x2A4F, 0x5B70, 0x7411, 0x6437, 0x7C96, 0x6C34, 0x7BCF, 0x5B2F, 0x52AC, 0x5269, 0x5AAA,
  0x5B0D, 0x5BF3, 0x9471, 0xAD96, 0xC638, 0xCE9A, 0x74D9, 0x751A, 0xADFB, 0x5436, 0x7CB7, 0x94F6, 0x3B34, 0xA535, 0xAD35, 0x9CF3,
  0x94B2, 0x8C71, 0x8430, 0x8410, 0x7BEF, 0x7BCF, 0x738E, 0x6B4D, 0x5AEB, 0x52AA, 0x4A49, 0x4208, 0x39C7, 0x3186, 0x2965, 0x3186,
  0x31A6, 0x39C7, 0x39E8, 0x4228, 0x2925, 0x426C, 0x31A8, 0x2966, 0x2986, 0x3187, 0x3187, 0x3187, 0x3187, 0x3187, 0x31C8, 0x3A8E,
  0x42D1, 0x426F, 0x3A4E, 0x428F, 0x6C57, 0x74BA, 0x53B6, 0x5395, 0x5374, 0x5353, 0x5311, 0x4ACE, 0x4ACD, 0x52EF, 0x5B75, 0x5B53,
  0x5AEF, 0x5B0E, 0x6330, 0x6BB3, 0x6BF6, 0x7436, 0x7C55, 0x7C96, 0x84D7, 0x8D18, 0x9559, 0x9D9A, 0x9DBA, 0xA5BB, 0xA5BB, 0xA5BB,
  0xB63C, 0xB65C, 0xADFC, 0xA5FD, 0xA5FE, 0x9DFD, 0x9DFD, 0x9E3D, 0xAEBE, 0xAEBF, 0x9E1E, 0x855D, 0x74BB, 0x6418, 0x5B74, 0x52F0,
  0x4A6E, 0x5B0F, 0x6BD4, 0x73F4, 0x73D1, 0x6BB2, 0x7412, 0x6B92, 0x4AB0, 0x5352, 0x42B0, 0x4B32, 0x4B94, 0x53B5, 0x53B4, 0x4B74,
  0x42F1, 0x5312, 0x5B72, 0x5393, 0x6C14, 0x8494, 0x8495, 0x9CF4, 0xA554, 0x8D17, 0xB5D8, 0xB619, 0xADD9, 0xB63B, 0xBE9C, 0xDF1D,
  0xE73C, 0xDF3C, 0xDF3D, 0xD71D, 0xD71C, 0xD71C, 0xD71D, 0xD73D, 0xDF3D, 0xE75D, 0xE77E, 0xE79E, 0xEF9E, 0xEF9E, 0xF7BE, 0xF7BE,
  0xF7BE, 0xEF9E, 0xF79E, 0xF7BF, 0xF7BE, 0xF7BE, 0xF79E, 0xEF7D, 0xEF5D, 0xE73C, 0xE73C, 0xE73C, 0xEF5D, 0xEF5D, 0xEF5D, 0xEF5D,
  0xE75D, 0xE73C, 0xE71C, 0xE71C, 0xE71C, 0xE71C, 0xE71C, 0xDEFC, 0xDEFB, 0xDEFB, 0xDEFB, 0xDEDB, 0xDEDB, 0xDEDB, 0xDEBA, 0xDEDA,
  0xDEDB, 0xD6DB, 0xCEBB, 0xCEBB, 0xCE9A, 0xCE59, 0xC638, 0xCE59, 0xCE79, 0xD69A, 0xD6BA, 0xCEBB, 0xC6BC, 0xDF3D, 0xEF7E, 0xDF3D,
  0xBEBC, 0xAE5B, 0xAE3A, 0xAE7B, 0xAE7B, 0xB67B, 0xB67B, 0xB67B, 0xB67B, 0xBE9B, 0xC6BB, 0xCEDB, 0xD6FC, 0xE73D, 0xEF5D, 0xEF7D,
  0xEF5D, 0xEF5D, 0xEF5D, 0xEF5D, 0xEF5D, 0xEF5D, 0xEF5D, 0xE73C, 0xE73C, 0xE73C, 0xE73C, 0xE73C, 0xE73C, 0xE6FC, 0xD6DB, 0xD6DB,
  0x7BEF, 0x7BEF, 0x7BCF, 0x73AE, 0x73AE, 0x73AE, 0x7BCF, 0x7BCF, 0x8410, 0x8430, 0x8C51, 0x9471, 0x8CB5, 0x7CF8, 0x9CF4, 0xA514,
  0xA514, 0xA534, 0xA555, 0xA576, 0xB596, 0x94D6, 0x9DB9, 0xB67A, 0xB65A, 0xAEBC, 0xA6BF, 0x8DDD, 0x7D3D, 0x7CFC, 0x74B9, 0x6C59,
  0x6C39, 0x6CBB, 0x753C, 0x7D9D, 0x7DDE, 0x6D9E, 0x655D, 0x5CBC, 0x541A, 0x4333, 0x424E, 0x324E, 0x3A4E, 0x324F, 0x29CB, 0x29CB,
  0x32B1, 0x324F, 0x29EE, 0x29CE, 0x1928, 0x18C6, 0x10C4, 0x10A4, 0x10A4, 0x0863, 0x0863, 0x0863, 0x0864, 0x0864, 0x0864, 0x0063,
  0x0022, 0x0022, 0x0021, 0x0021, 0x2125, 0x52AA, 0x8430, 0xB5B6, 0xD6BA, 0xE73C, 0xEF5D, 0xE71D, 0xE73C, 0xDEFB, 0xCE9B, 0xD6BB,
  0xD69A, 0xC618, 0x9492, 0x5B0C, 0x322D, 0x4B30, 0x8475, 0x4B75, 0x6C77, 0xB63A, 0xB596, 0x73AF, 0x532E, 0x4228, 0x4208, 0x39E8,
  0x4208, 0x4B0E, 0x738E, 0x9CF4, 0xC5F7, 0xA598, 0x6499, 0x9DFA, 0x5C36, 0x6C77, 0x8D17, 0x6C34, 0x4353, 0x7C54, 0xAD34, 0x94B2,
  0x8C92, 0x8C51, 0x8430, 0x7BEF, 0x7BCF, 0x738E, 0x6B4D, 0x630C, 0x52AA, 0x4A69, 0x4208, 0x39E7, 0x31A6, 0x3186, 0x2965, 0x3186,
  0x31A6, 0x39C7, 0x41E8, 0x4A49, 0x2925, 0x426C, 0x29A8, 0x2966, 0x2966, 0x2966, 0x2987, 0x2987, 0x31A8, 0x31A8, 0x31A8, 0x3A2C,
  0x42D0, 0x4B12, 0x3A8F, 0x3A6E, 0x5352, 0x7D19, 0x53F8, 0x5C18, 0x5BD6, 0x5394, 0x5373, 0x5351, 0x530F, 0x52CE, 0x52EF, 0x5B74,
  0x6395, 0x5B30, 0x6330, 0x6350, 0x6391, 0x6BD4, 0x7C36, 0x7C77, 0x84B7, 0x8CF7, 0x9518, 0x9D59, 0x9D79, 0x9D9A, 0x9D9A, 0xA5BB,
  0x9D9B, 0xA5DB, 0xB63C, 0xAE1B, 0x9D9B, 0x959C, 0x959C, 0x8D7C, 0x857C, 0x8DFD, 0x9E7E, 0x9E5E, 0x857D, 0x6CBB, 0x6419, 0x5354,
  0x4AF1, 0x426D, 0x6BB1, 0x73D4, 0x5B52, 0x6BB3, 0x8C72, 0x7C12, 0x5351, 0x5332, 0x3A0D, 0x320C, 0x31CC, 0x31EB, 0x29AB, 0x29CC,
  0x5311, 0x42D1, 0x5B92, 0x6BB2, 0x7C74, 0xAD14, 0x9CD4, 0x9515, 0xADB6, 0xADB7, 0x9D35, 0xA597, 0xB5B7, 0xB5D8, 0xAE1A, 0xB65C,
  0xD71D, 0xE75D, 0xDF3D, 0xD71C, 0xC6FC, 0xC6DC, 0xC6DC, 0xC6DC, 0xC6DD, 0xC6FD, 0xC6FD, 0xC6FD, 0xCF1D, 0xCF1D, 0xCF1D, 0xCF3D,
  0xCF1D, 0xCF1D, 0xCF3D, 0xD75E, 0xDF5E, 0xDF7E, 0xE77E, 0xEF7D, 0xE77D, 0xEF7E, 0xF77E, 0xF79E, 0xF79E, 0xF7BE, 0xF7BE, 0xF79E,
  0xF79E, 0xF79E, 0xF79E, 0xF79E, 0xEF7D, 0xEF7D, 0xEF7D, 0xEF7D, 0xEF5D, 0xEF5D, 0xE73C, 0xE73C, 0xE71C, 0xDEFB, 0xDEFB, 0xDEDB,
  0xDEDB, 0xD6BA, 0xD6BA, 0xD69A, 0xCE9A, 0xCE79, 0xCE59, 0xCE79, 0xCE79, 0xD69A, 0xD69A, 0xD6BA, 0xC6BB, 0xCEDC, 0xE77D, 0xEF7E,
  0xD73D, 0xBEBB, 0xB67B, 0xB67B, 0xB67B, 0xB67B, 0xB67B, 0xB65B, 0xB65B, 0xB67B, 0xB69B, 0xBE9B, 0xC6BC, 0xCEDC, 0xD71C, 0xE73D,
  0xEF5D, 0xEF5D, 0xEF5D, 0xEF5D, 0xEF5D, 0xEF5D, 0xEF5D, 0xE73C, 0xE73C, 0xE73C, 0xE73C, 0xE73C, 0xE73C, 0xE71C, 0xD6FB, 0xD6DB,
  0x7BEF, 0x7BEF, 0x7BEF, 0x7BCF, 0x7BCF, 0x7BCF, 0x7BCF, 0x7BEF, 0x8410, 0x8430, 0x8C51, 0x8C71, 0x9492, 0x7CD7, 0x8517, 0x9CF4,
  0xA513, 0xA534, 0xA534, 0xA556, 0xA577, 0xAD56, 0x8C95, 0xA5D8, 0xAE5B, 0xADFA, 0xA63A, 0xB6FF, 0xA6BF, 0x965E, 0x965F, 0x967F,
  0x969F, 0x8E9F, 0x8E7F, 0x865F, 0x7DFF, 0x759E, 0x64DD, 0x4BF8, 0x42D1, 0x3A4E, 0x31EC, 0x3A70, 0x324E, 0x320E, 0x31CC, 0x2A2E,
  0x3AF3, 0x2A2E, 0x21CE, 0x29EF, 0x18E7, 0x18C5, 0x10A5, 0x10A4, 0x1085, 0x0884, 0x0863, 0x0863, 0x0864, 0x0864, 0x0064, 0x0064,
  0x0043, 0x0022, 0x0021, 0x0001, 0x0862, 0x4228, 0x738E, 0x9CF3, 0xC618, 0xDEFB, 0xE71C, 0xBE3A, 0xE71C, 0xDEDA, 0xB619, 0xDEDB,
  0xD67A, 0xADB6, 0x9491, 0x5BB3, 0x63D4, 0x8C74, 0x5372, 0x22B1, 0x7433, 0x8C50, 0x528A, 0x42AC, 0x4229, 0x4208, 0x4208, 0x39E8,
  0x41E7, 0x424A, 0x636E, 0xA4F2, 0x8D16, 0x8D38, 0x9DFA, 0x33B6, 0x74B7, 0xC659, 0x53B4, 0x8CF7, 0xAD75, 0x5392, 0x8473, 0x9492,
  0x8C51, 0x8430, 0x8410, 0x7BCF, 0x73AE, 0x6B6D, 0x632C, 0x5ACB, 0x4A69, 0x4228, 0x39E7, 0x31A6, 0x3186, 0x2965, 0x2965, 0x3186,
  0x31A6, 0x39C7, 0x4208, 0x4A69, 0x2945, 0x426C, 0x2988, 0x2946, 0x2966, 0x2966, 0x3187, 0x424B, 0x31A8, 0x31A8, 0x31C9, 0x39EA,
  0x42D0, 0x4B32, 0x4B33, 0x42AF, 0x42AF, 0x74B7, 0x6C99, 0x5C18, 0x6439, 0x6417, 0x5BB4, 0x5BB4, 0x5B94, 0x5B53, 0x5B0F, 0x5ACE,
  0x5B73, 0x63D6, 0x5B71, 0x5B50, 0x6391, 0x6BB2, 0x73F3, 0x7435, 0x8497, 0x8CD7, 0x8CF8, 0x9518, 0x9538, 0x9559, 0x9D79, 0x9D79,
  0x9D79, 0x957A, 0x955A, 0x9DBB, 0xA5FB, 0x9DBB, 0x8D3B, 0x7D1B, 0x7D1C, 0x7D1C, 0x753B, 0x859D, 0x961E, 0x85DD, 0x6CDA, 0x5BD7,
  0x4B54, 0x4AF1, 0x4ACF, 0x6BD2, 0x5B53, 0x6393, 0x7412, 0x6BD2, 0x5B51, 0x5373, 0x3A6F, 0x3A6F, 0x322E, 0x3A0C, 0x320D, 0x426F,
  0x94B5, 0x73F3, 0x6351, 0x7C13, 0x7454, 0x9D35, 0xA555, 0xA555, 0x9D14, 0xA513, 0xA534, 0x9D56, 0xAD76, 0xB5B6, 0xB5D8, 0xADFA,
  0xA63B, 0xCEFD, 0xDF5D, 0xDF3D, 0xCEFD, 0xC6DC, 0xBEBC, 0xBEBC, 0xB6BC, 0xB6BC, 0xAE9C, 0xAE9C, 0xAE9C, 0xAE9C, 0xAEBD, 0xAE9D,
  0xAE9D, 0xAE9D, 0xAE9D, 0xB6BD, 0xB6DD, 0xBEFD, 0xC71D, 0xCF1D, 0xD71D, 0xDF3D, 0xE75D, 0xE77D, 0xEF9E, 0xF7BE, 0xF7BE, 0xF7BE,
  0xF7BE, 0xF7BE, 0xF7BE, 0xF7BE, 0xF79E, 0xF79E, 0xF79E, 0xF79E, 0xEF9E, 0xEF9E, 0xEF9E, 0xEF9E, 0xEF7D, 0xEF7D, 0xEF7D, 0xEF5D,
  0xEF5D, 0xEF3D, 0xE73C, 0xE73C, 0xE71C, 0xE6FB, 0xDEFB, 0xDEDB, 0xDEDB, 0xDEDB, 0xDEDB, 0xDEDB, 0xD6DB, 0xCEDC, 0xE75D, 0xF77E,
  0xE77D, 0xCEFC, 0xB69B, 0xB67B, 0xB67B, 0xB69B, 0xB67B, 0xB67B, 0xAE5B, 0xAE5A, 0xB67B, 0xB67B, 0xBE9B, 0xC6BB, 0xCEDB, 0xD6FC,
  0xDF1C, 0xE73D, 0xEF5D, 0xEF5D, 0xEF5D, 0xEF3C, 0xEF3C, 0xEF3C, 0xE73C, 0xE73C, 0xE73C, 0xE73C, 0xE73C, 0xE71C, 0xD6DB, 0xD6DB,
  0x7BEF, 0x7BEF, 0x7BEF, 0x7BEF, 0x7BEF, 0x7BEF, 0x7BEF, 0x7BEF, 0x8410, 0x8430, 0x8C51, 0x8C71, 0x9492, 0x94B2, 0x7CF7, 0x8D17,
  0x9515, 0xA4F3, 0x9D35, 0xA534, 0xA555, 0xA597, 0xA4F5, 0x8455, 0xA5B7, 0xA63A, 0xA61A, 0xA65C, 0xAF1F, 0xB71F, 0xA6FF, 0xA6DF,
  0x9EBF, 0x96BF, 0x865F, 0x75DF, 0x653D, 0x543A, 0x4B54, 0x428F, 0x3A6F, 0x3A0D, 0x320C, 0x3270, 0x320C, 0x31ED, 0x3250, 0x32B1,
  0x3B34, 0x2A0E, 0x21AD, 0x2A10, 0x10C5, 0x10C5, 0x10A5, 0x10A4, 0x0884, 0x0884, 0x0863, 0x0843, 0x0844, 0x0864, 0x0044, 0x0045,
  0x0044, 0x0043, 0x0023, 0x0022, 0x0002, 0x2946, 0x630C, 0x8C51, 0xAD75, 0xD699, 0xCE7A, 0x8CF6, 0xDEFB, 0xC639, 0xB5D9, 0xDEDA,
  0xD699, 0xB555, 0x6BB2, 0x8518, 0xBE39, 0x6BF4, 0x1A51, 0x426B, 0x4207, 0x3185, 0x3A0A, 0x428B, 0x5ACA, 0x632D, 0x5ACB, 0x4A49,
  0x39E7, 0x4A49, 0x83EE, 0x7C74, 0x84F7, 0xB5D8, 0x43B6, 0x6477, 0xC638, 0x6C15, 0x9557, 0xBDD6, 0xA556, 0x8474, 0x63D3, 0x8452,
  0x8430, 0x8410, 0x7BEF, 0x73AE, 0x6B6D, 0x632C, 0x5AEB, 0x528A, 0x4228, 0x39E7, 0x31A6, 0x3186, 0x2965, 0x2945, 0x2965, 0x3186,
  0x31A6, 0x39C7, 0x4228, 0x4A69, 0x2145, 0x426B, 0x2988, 0x2967, 0x2947, 0x31C8, 0x530F, 0x3A0B, 0x31A9, 0x39C9, 0x31C9, 0x39EA,
  0x3A4D, 0x4B33, 0x5374, 0x4B54, 0x4AD0, 0x6C15, 0x74B8, 0x6478, 0x5C59, 0x647A, 0x6459, 0x6417, 0x5BD5, 0x63D5, 0x63B5, 0x5B52,
  0x5AEF, 0x6331, 0x63D6, 0x6394, 0x6351, 0x6392, 0x6BD3, 0x7414, 0x7C55, 0x8496, 0x8CD7, 0x8CF7, 0x94F7, 0x9518, 0x9538, 0x9538,
  0x9558, 0x9538, 0x9539, 0x8CF8, 0x8CF9, 0x957A, 0x9DDB, 0x8D7B, 0x7CF9, 0x7CDA, 0x7CFB, 0x74DB, 0x74DA, 0x7D1B, 0x855B, 0x7D1A,
  0x6C57, 0x5BB5, 0x5333, 0x4AF0, 0x5B92, 0x7414, 0x8C53, 0x63D3, 0x5B51, 0x5B73, 0x4AD0, 0x4290, 0x3A6F, 0x424E, 0x324F, 0x5311,
  0x9D16, 0x94F5, 0x84B5, 0x7414, 0x7CB7, 0xA556, 0x9D14, 0x9CF3, 0x9CF3, 0x9CF4, 0xA514, 0x9D35, 0xAD55, 0xB596, 0xB5B6, 0xBDD7,
  0xB619, 0xA63C, 0xC6BC, 0xD71D, 0xDF3C, 0xD6FC, 0xC6DC, 0xBEBC, 0xB6BC, 0xAE9C, 0x9E5B, 0x965B, 0x8E3C, 0x8E3C, 0x8E3C, 0x8E3C,
  0x8E3C, 0x8E3C, 0x8E5C, 0x965C, 0xA69C, 0xAEBC, 0xB6BC, 0xBEBC, 0xC6DC, 0xCEFC, 0xD71C, 0xDF3D, 0xE75D, 0xEF7D, 0xEF9E, 0xF79E,
  0xF79E, 0xF79E, 0xF79E, 0xF79E, 0xEF9E, 0xEF7E, 0xE77E, 0xDF5E, 0xDF5D, 0xDF5D, 0xE75D, 0xE75D, 0xEF5D, 0xEF7D, 0xEF7D, 0xEF7D,
  0xEF7D, 0xEF7D, 0xEF7D, 0xEF7D, 0xEF7D, 0xEF7D, 0xEF7D, 0xEF7D, 0xEF7D, 0xEF7D, 0xEF7D, 0xEF5D, 0xE73D, 0xDF3D, 0xE75E, 0xF79E,
  0xEF5D, 0xD6FC, 0xBE9B, 0xAE5B, 0xB67B, 0xB67B, 0xB65B, 0xAE5A, 0xAE5A, 0xAE3A, 0xAE5A, 0xB65A, 0xB67A, 0xBE7B, 0xBE9B, 0xC6BB,
  0xCEDB, 0xD6FC, 0xDF1C, 0xDF3D, 0xE73D, 0xE73C, 0xE73C, 0xE73C, 0xE73C, 0xE73C, 0xE73C, 0xE73C, 0xE73C, 0xDEFC, 0xD6BB, 0xD6DB,
  0x7BEF, 0x7BEF, 0x7BEF, 0x7BEF, 0x7BEF, 0x7BEF, 0x7BEF, 0x8410, 0x8430, 0x8C51, 0x8C51, 0x8C71, 0x9492, 0x94B2, 0x94B3, 0x84F8,
  0x9516, 0x9536, 0xA4F4, 0xA514, 0xA534, 0xA535, 0xA577, 0x8CD5, 0x8454, 0xAD55, 0x9DB8, 0x9DBA, 0x8DDC, 0x9E9F, 0xA6BF, 0x9E9F,
  0x9E7F, 0x85BE, 0x6CFC, 0x5418, 0x4B54, 0x3AB0, 0x3A4E, 0x3A0C, 0x4291, 0x3A2D, 0x320E, 0x324F, 0x31CC, 0x324F, 0x3AF5, 0x3B55,
  0x4396, 0x2A0E, 0x218C, 0x2A10, 0x10C4, 0x10A5, 0x10A5, 0x10A4, 0x0884, 0x0885, 0x0884, 0x0843, 0x0043, 0x0043, 0x0043, 0x0044,
  0x0064, 0x0043, 0x0043, 0x0043, 0x0022, 0x0843, 0x4A48, 0x7BCF, 0x9CD3, 0xC5F7, 0x9D56, 0x6BF4, 0xBDD8, 0x9D57, 0xCE7A, 0xDEDA,
  0xBE18, 0x6391, 0x6392, 0xBDB8, 0x7C55, 0x2271, 0x2A2D, 0x2944, 0x2965, 0x4249, 0x6BF1, 0xA514, 0xB5B6, 0xA4F3, 0x6B6D, 0x4228,
  0x4208, 0x6B4D, 0x7412, 0x7CB6, 0x9D56, 0x2B55, 0x6477, 0xBDD8, 0x6C15, 0xAD98, 0xC638, 0x9516, 0x7C55, 0x6C13, 0x8451, 0x8451,
  0x8430, 0x7BEF, 0x73AE, 0x738E, 0x6B4D, 0x5AEB, 0x52AA, 0x4A49, 0x39E7, 0x31A6, 0x3186, 0x2965, 0x2945, 0x2124, 0x2965, 0x2965,
  0x31A6, 0x39C7, 0x4208, 0x4A89, 0x31A7, 0x428D, 0x29A8, 0x2148, 0x3A4C, 0x5B92, 0x3A4C, 0x29A9, 0x31CA, 0x31A8, 0x31C9, 0x3A0B,
  0x3A0B, 0x4AD0, 0x4B74, 0x5BD5, 0x4B33, 0x6C15, 0x6415, 0x7498, 0x6478, 0x647A, 0x6CBB, 0x6CBB, 0x6C79, 0x63F6, 0x6416, 0x63F7,
  0x63B5, 0x5B51, 0x5B51, 0x63B5, 0x6BD5, 0x6372, 0x6B92, 0x6BD3, 0x7414, 0x7C55, 0x8495, 0x8496, 0x8CD6, 0x8CD7, 0x8CF7, 0x94F8,
  0x9518, 0x9518, 0x8CF7, 0x8CD7, 0x84B7, 0x7CB8, 0x7CD8, 0x8D5A, 0x95BB, 0x8D7B, 0x7CFA, 0x74DA, 0x74DA, 0x7499, 0x6C98, 0x74B9,
  0x7CFA, 0x7CFA, 0x7CD9, 0x7457, 0x63D4, 0x63D4, 0x8CB3, 0x8475, 0x6372, 0x63D4, 0x5352, 0x4B11, 0x4AF1, 0x5310, 0x5353, 0x7C75,
  0xADF9, 0xA598, 0xADB8, 0xA536, 0x5312, 0x9D36, 0xAD75, 0xA534, 0xA514, 0xA514, 0xA514, 0x9515, 0xA535, 0xAD75, 0xB595, 0xBDB7,
  0xCE39, 0xC65A, 0xAE1B, 0xBE7B, 0xCEDC, 0xDF1D, 0xDF1D, 0xCEDC, 0xBEBC, 0xA67C, 0x965B, 0x8E1B, 0x7DFB, 0x75FB, 0x75DB, 0x75DC,
  0x75DB, 0x75DB, 0x7DFC, 0x861C, 0x965C, 0xA67C, 0xAE9C, 0xB6BC, 0xB6BD, 0xC6DC, 0xC6DC, 0xCEFD, 0xD73D, 0xDF5D, 0xE75D, 0xE75E,
  0xE77E, 0xE77E, 0xE75D, 0xE75E, 0xDF5E, 0xDF3D, 0xD73D, 0xCF1D, 0xD71D, 0xD71D, 0xCF1D, 0xD71D, 0xD71C, 0xD71D, 0xDF3D, 0xE75D,
  0xE75D, 0xEF5D, 0xEF7D, 0xEF5D, 0xEF7D, 0xEF7D, 0xEF7D, 0xEF7D, 0xEF7D, 0xEF7D, 0xEF9E, 0xF79E, 0xF77D, 0xEF7D, 0xEF9E, 0xEF7E,
  0xDF3D, 0xC6BB, 0xAE5B, 0xAE1A, 0xAE1A, 0xAE3B, 0xAE3B, 0xAE3A, 0xAE3A, 0xAE3A, 0xAE3A, 0xAE5A, 0xAE5A, 0xAE5A, 0xB67B, 0xBE7B,
  0xBE9B, 0xC6BB, 0xCEDB, 0xD6FC, 0xD6FC, 0xDF1C, 0xE73C, 0xE73C, 0xE73C, 0xE73C, 0xE73C, 0xDF1C, 0xDF1C, 0xD6FB, 0xCEBA, 0xD6BB,
  0x8410, 0x8410, 0x8410, 0x8410, 0x8410, 0x8430, 0x8430, 0x8430, 0x8C51, 0x8C51, 0x8C71, 0x8C71, 0x9492, 0x9492, 0x94B2, 0x94D4,
  0x84F7, 0x9536, 0x9D56, 0xA514, 0xA513, 0xA534, 0x9D35, 0xA576, 0x8496, 0x8454, 0xAD13, 0x9D14, 0x9536, 0x7C98, 0x6499, 0x64DA,
  0x649A, 0x53F7, 0x4334, 0x3AB1, 0x3A6E, 0x3A4D, 0x3A4D, 0x31EC, 0x42D3, 0x3A4E, 0x324F, 0x3250, 0x31ED, 0x3291, 0x4377, 0x43F8,
  0x43D8, 0x2A2F, 0x194B, 0x2A31, 0x10E5, 0x10A4, 0x10A5, 0x0884, 0x0885, 0x0885, 0x0886, 0x0864, 0x0863, 0x0043, 0x0043, 0x0043,
  0x0043, 0x0043, 0x0043, 0x0042, 0x0042, 0x0023, 0x1905, 0x630C, 0x8C51, 0x9D14, 0x6C12, 0x4AF0, 0x6BB3, 0xA577, 0xADB9, 0xA577,
  0x8CD6, 0x5B52, 0x73D0, 0x42D0, 0x2A4D, 0x324C, 0x29A8, 0x31A6, 0x528B, 0x8CB4, 0xE75D, 0xFFFF, 0xE75D, 0x9CD3, 0x5AEB, 0x4228,
  0x62EB, 0x63D1, 0x7C75, 0x7495, 0x1314, 0x6477, 0xBDF8, 0x7435, 0xA598, 0xA598, 0x6C56, 0x6C15, 0x7433, 0x8451, 0x8C51, 0x8430,
  0x8410, 0x7BCF, 0x738E, 0x6B4D, 0x630C, 0x52AA, 0x4A49, 0x39E7, 0x31A6, 0x3186, 0x2965, 0x2124, 0x2124, 0x2124, 0x2945, 0x2965,
  0x3186, 0x39C6, 0x4207, 0x422A, 0x31EB, 0x42AD, 0x29AA, 0x4AD0, 0x5BD4, 0x3A6E, 0x31C9, 0x31A8, 0x31A9, 0x39C9, 0x39E8, 0x3A0A,
  0x3A2B, 0x424C, 0x5394, 0x5BB4, 0x5BD6, 0x63D4, 0x6C57, 0x5BD5, 0x7CF9, 0x6C99, 0x6CBB, 0x751D, 0x751D, 0x74DB, 0x6C79, 0x6458,
  0x6458, 0x6C18, 0x6BB4, 0x5B71, 0x6394, 0x6BD7, 0x63B4, 0x6BB2, 0x73D3, 0x7414, 0x7C34, 0x8455, 0x8475, 0x8475, 0x8C96, 0x84B6,
  0x8CB7, 0x84B7, 0x84B7, 0x84B7, 0x84B7, 0x7C96, 0x7C96, 0x7C76, 0x7CB7, 0x8D59, 0x9DBB, 0x95BB, 0x8D5B, 0x851A, 0x7D19, 0x7CD8,
  0x7CB8, 0x7CD9, 0x8519, 0x853A, 0x8D19, 0x84D7, 0x84B7, 0x9537, 0x8CD7, 0x9518, 0x84D7, 0x84D7, 0x84B7, 0x84B6, 0x8497, 0xA579,
  0xBE39, 0xB5F9, 0xADB8, 0xDEDB, 0x8495, 0x8CB6, 0xC5F7, 0xAD75, 0xAD55, 0xA534, 0xA513, 0x94F5, 0xA4F4, 0xA534, 0xAD54, 0xB5B6,
  0xCE38, 0xD67A, 0xC65A, 0xB63A, 0xB63B, 0xBE9C, 0xD6FC, 0xDF3D, 0xCF1D, 0xB6BC, 0x9E5B, 0x85FB, 0x759B, 0x757A, 0x757A, 0x757B,
  0x757A, 0x759A, 0x75BB, 0x7DFB, 0x8E3C, 0x9E5C, 0xA69C, 0xB6BD, 0xB6DD, 0xBEDD, 0xC6FD, 0xCF1D, 0xD73D, 0xDF3D, 0xDF5E, 0xDF5E,
  0xDF5E, 0xDF3D, 0xDF3D, 0xD73D, 0xD71D, 0xCF1D, 0xCF1D, 0xC6FD, 0xC6FD, 0xC6DC, 0xC6DC, 0xC6DC, 0xBEBC, 0xBEBB, 0xC6BB, 0xCEBC,
  0xCEFC, 0xD6FC, 0xDF1C, 0xDF3D, 0xE73D, 0xEF5D, 0xEF5D, 0xEF5D, 0xEF5D, 0xEF5D, 0xEF5D, 0xEF7D, 0xEF7D, 0xEF5D, 0xE75D, 0xD71C,
  0xC6BB, 0xAE3A, 0xA5FA, 0xA5D9, 0xA5D9, 0xA5FA, 0xA61A, 0xA5FA, 0xA5FA, 0xA5FA, 0xA61A, 0xA61A, 0xAE3A, 0xAE5A, 0xB65A, 0xBE5A,
  0xBE7A, 0xC69B, 0xC69B, 0xCEBB, 0xD6DB, 0xD6FB, 0xD6FB, 0xDEFC, 0xDEFB, 0xDEFB, 0xDEFB, 0xD6DB, 0xD6DB, 0xCEBB, 0xCE9A, 0xD6BB,
  0x8410, 0x8410, 0x8410, 0x8430, 0x8430, 0x8430, 0x8C51, 0x8C51, 0x8C51, 0x8C71, 0x8C71, 0x9492, 0x9492, 0x9492, 0x94B2, 0x94D2,
  0x94F4, 0x84F7, 0x9515, 0x9D76, 0x9D35, 0xA513, 0xA514, 0xA514, 0xA555, 0x7CB7, 0x8474, 0xA513, 0xA513, 0x8C73, 0x63B4, 0x6BF6,
  0x4B55, 0x4332, 0x42D0, 0x428F, 0x3A2D, 0x3A0C, 0x3A2D, 0x31EC, 0x4B13, 0x3AB1, 0x3270, 0x3270, 0x320E, 0x3291, 0x4BB8, 0x545A,
  0x4C39, 0x2A50, 0x114A, 0x2A52, 0x1128, 0x0863, 0x10C6, 0x08A5, 0x0884, 0x0885, 0x08A6, 0x0886, 0x0884, 0x0063, 0x0043, 0x0063,
  0x0064, 0x0064, 0x0064, 0x0064, 0x0064, 0x0063, 0x0063, 0x39C8, 0x73CE, 0x7433, 0x3AF0, 0x320E, 0x7C33, 0x63D3, 0x8CB5, 0xC639,
  0x7C34, 0x9CD4, 0x3A6E, 0x322C, 0x4A6B, 0x5BB2, 0x94D2, 0x9471, 0x9515, 0xE77E, 0xFFFF, 0xFFDF, 0xB5B6, 0x632D, 0x4248, 0x52AA,
  0x5B50, 0x6415, 0x53B4, 0x1AB4, 0x6C77, 0xADB7, 0x5393, 0x7C98, 0x74B7, 0x6415, 0x8455, 0x94D3, 0x9CD3, 0x9492, 0x8C51, 0x8410,
  0x7BCF, 0x73AE, 0x6B6D, 0x630C, 0x5ACB, 0x4A69, 0x4208, 0x31A6, 0x2965, 0x2945, 0x2124, 0x2104, 0x2104, 0x2124, 0x2124, 0x2965,
  0x3186, 0x31A7, 0x31C9, 0x3A0C, 0x29AA, 0x42D0, 0x5BF4, 0x5393, 0x3A6F, 0x320B, 0x31A9, 0x31A8, 0x39C8, 0x39C9, 0x39E9, 0x3A09,
  0x422B, 0x426B, 0x42EF, 0x63F6, 0x5BF5, 0x6C78, 0x7456, 0x5BF6, 0x6478, 0x7D1A, 0x6CBA, 0x74FB, 0x7D7E, 0x7D9E, 0x7D5D, 0x7D3C,
  0x7CFB, 0x6C79, 0x6C59, 0x6437, 0x63D5, 0x63D5, 0x6BF7, 0x6BF6, 0x6BD3, 0x73D2, 0x73F2, 0x7C13, 0x7C33, 0x7C33, 0x7C33, 0x8495,
  0x8CF6, 0x94F7, 0x9518, 0x8D18, 0x8D18, 0x9518, 0x9538, 0x9537, 0x9557, 0x9D58, 0xA59A, 0xAE3C, 0xBE9D, 0xB69C, 0xB65C, 0xB63C,
  0xB63B, 0xB63C, 0xB63C, 0xB65C, 0xB63C, 0xB61B, 0xB5DA, 0xB5B9, 0xB5D9, 0xC65B, 0xBE3B, 0xB63B, 0xBE1A, 0xB5F9, 0xB5FA, 0xD6BC,
  0xDEFC, 0xE71D, 0xD6DC, 0xE73D, 0xCE7B, 0x7C77, 0xAD97, 0xAD96, 0xA555, 0xA534, 0x9CF4, 0x8CD5, 0x94D4, 0x94F4, 0x9D15, 0xA577,
  0xADD8, 0xADF9, 0xB619, 0xB619, 0xB5F9, 0xAE1A, 0xB65B, 0xC6DC, 0xDF3C, 0xDF1C, 0xB69C, 0x8DFB, 0x7D7B, 0x7D1A, 0x74F9, 0x6D1A,
  0x753A, 0x6D7B, 0x6DBB, 0x75FB, 0x863C, 0x965C, 0xAE9C, 0xB6DD, 0xC6FD, 0xCEFD, 0xCF1D, 0xD73D, 0xDF3D, 0xDF5E, 0xDF5E, 0xDF5E,
  0xDF5E, 0xD75E, 0xD73E, 0xD73D, 0xD73D, 0xD71D, 0xCEFC, 0xC6FC, 0xC6DC, 0xC6BC, 0xBEBC, 0xBE9B, 0xB69B, 0xB67B, 0xAE7B, 0xB67B,
  0xB67B, 0xB67B, 0xBE9B, 0xC6BB, 0xCEBB, 0xCEDB, 0xD6FC, 0xD6FC, 0xD6FC, 0xCEDC, 0xCEDC, 0xCEDC, 0xCEDC, 0xC6BC, 0xBE9B, 0xB67B,
  0xAE3A, 0xA5F9, 0xA5B9, 0xA5B9, 0xA5B9, 0xA5D9, 0xA5D9, 0xA5D9, 0xA5D9, 0xA5D9, 0xA5D9, 0xA5F9, 0xAE19, 0xAE1A, 0xAE3A, 0xB65A,
  0xB65A, 0xBE7A, 0xBE7A, 0xC67B, 0xC69B, 0xCEBB, 0xCEBB, 0xD6BB, 0xD6DB, 0xD6DB, 0xD6DB, 0xD6BB, 0xCEBA, 0xCE9A, 0xC67A, 0xCEBA,
  0x8430, 0x8410, 0x8430, 0x8430, 0x8430, 0x8C51, 0x8C51, 0x8C71, 0x8C71, 0x8C71, 0x9492, 0x9492, 0x9492, 0x94B2, 0x94B2, 0x9CB2,
  0x9CD2, 0x9CF4, 0x84F8, 0x9516, 0xA555, 0x9D56, 0xA514, 0x9D14, 0xA4F4, 0xA535, 0x7CD6, 0x7C95, 0xA514, 0x94B4, 0x6BD3, 0x9CF3,
  0x7C33, 0x4B53, 0x3AB0, 0x426E, 0x3A6F, 0x3A0C, 0x3A2E, 0x320D, 0x4313, 0x4334, 0x3A91, 0x3290, 0x2A0E, 0x3291, 0x43B9, 0x549A,
  0x4C7B, 0x2AB3, 0x116B, 0x2231, 0x19AD, 0x0842, 0x08A4, 0x10E8, 0x0884, 0x08A5, 0x08A6, 0x08A6, 0x0886, 0x0885, 0x0864, 0x0864,
  0x0084, 0x0064, 0x0865, 0x0084, 0x0064, 0x0886, 0x092A, 0x10E7, 0x326D, 0x42AF, 0x222E, 0x326F, 0x5351, 0x7C75, 0xDF1B, 0x8454,
  0x7433, 0x52F1, 0x3A2D, 0x5AEB, 0x63B2, 0xE77E, 0xFFFF, 0xCEDC, 0xCE9B, 0xF7BE, 0xDEFB, 0xAD34, 0x632C, 0x4208, 0x4208, 0x42CD,
  0x4B53, 0x32F3, 0x12B3, 0x3B96, 0x6C35, 0x4374, 0x6458, 0x9537, 0xA536, 0xAD75, 0xAD75, 0xA514, 0x94B2, 0x8C71, 0x8410, 0x7BEF,
  0x73AE, 0x6B6D, 0x632C, 0x5ACB, 0x4A69, 0x4208, 0x31A6, 0x2965, 0x2124, 0x2124, 0x18E3, 0x18E3, 0x2103, 0x2104, 0x2125, 0x2944,
  0x2966, 0x29A9, 0x29EC, 0x2A0D, 0x32B0, 0x6498, 0x53B4, 0x3A4D, 0x320C, 0x31AA, 0x31CB, 0x31C9, 0x39C8, 0x39E9, 0x3A0A, 0x420A,
  0x422A, 0x426C, 0x4A6D, 0x5393, 0x6417, 0x6457, 0x851A, 0x5BD5, 0x6458, 0x6CBB, 0x855C, 0x751B, 0x755D, 0x85DF, 0x85FF, 0x85BF,
  0x8DDE, 0x8DBD, 0x7D1A, 0x6C9A, 0x6C79, 0x6C38, 0x6C16, 0x6C37, 0x6C37, 0x6C15, 0x73D3, 0x73B2, 0x73D2, 0x73D2, 0x73F2, 0x7C33,
  0x8494, 0x9517, 0x9D78, 0xA5B9, 0xA5DA, 0xA5BA, 0xA599, 0xA599, 0xA599, 0xA5B9, 0xA5D9, 0xA5FA, 0xAE1B, 0xB67C, 0xBEBD, 0xC6FD,
  0xCEFE, 0xC6FD, 0xCEDD, 0xCEDD, 0xCEBD, 0xCEBC, 0xCE9B, 0xCE7B, 0xC65B, 0xD6BD, 0xCEBC, 0xC6BD, 0xCEBC, 0xC67B, 0xCEBC, 0xDEFD,
  0xD6FD, 0xDEFD, 0xD6DC, 0xE71D, 0xE71D, 0xADFB, 0xADB8, 0xB5D7, 0xAD76, 0xA536, 0x94F5, 0x84D5, 0x84D5, 0x84D5, 0x8CF5, 0xA576,
  0xBDF8, 0xBE19, 0xBE18, 0xBDF7, 0xBDD7, 0xBDF8, 0xB61A, 0xAE5B, 0xBEBD, 0xD73D, 0xDF5E, 0xB6DD, 0x85FB, 0x853A, 0x7CD9, 0x7499,
  0x74B9, 0x6CD9, 0x6D3A, 0x759B, 0x7DFB, 0x963B, 0xA67C, 0xAE9C, 0xC6DC, 0xCEFC, 0xD6FC, 0xD71D, 0xDF3D, 0xE75D, 0xE75D, 0xE75D,
  0xDF5D, 0xDF3D, 0xDF3D, 0xDF3D, 0xD73D, 0xD71D, 0xD71D, 0xCEFD, 0xC6DC, 0xC6DC, 0xC6BC, 0xBEBB, 0xB69B, 0xB67B, 0xB67B, 0xAE5B,
  0xAE5A, 0xAE5A, 0xAE5A, 0xB65B, 0xB67B, 0xBE7B, 0xBE9B, 0xBE9B, 0xBE7B, 0xBE7B, 0xB67B, 0xB67B, 0xB65B, 0xAE5A, 0xAE3A, 0xAE1A,
  0xA5FA, 0xA5D9, 0xA5D9, 0xA5D9, 0xA5D9, 0xA5D9, 0xA5D9, 0xA5D9, 0xA5B9, 0xA5B9, 0xA5B9, 0xA5B9, 0xA5D9, 0xADFA, 0xADFA, 0xAE1A,
  0xAE3A, 0xB65A, 0xBE7A, 0xBE7A, 0xC67A, 0xC69A, 0xC69B, 0xCE9B, 0xCE9B, 0xCEBB, 0xCEBB, 0xCE9B, 0xCE9A, 0xC69A, 0xC67A, 0xCEBA,
  0x8430, 0x8430, 0x8430, 0x8C51, 0x8C51, 0x8C71, 0x8C71, 0x8C71, 0x9492, 0x9492, 0x9492, 0x94B2, 0x94B2, 0x94B2, 0x94B2, 0x9CB2,
  0x9CD3, 0x9CD3, 0x9CF3, 0x8CF7, 0x8CF7, 0x9D15, 0x9D56, 0x9D35, 0xA514, 0xA4F2, 0xA514, 0x94D5, 0x7455, 0x7C95, 0x6BF5, 0x9CF4,
  0x9D13, 0x8475, 0x63D5, 0x3AB0, 0x320D, 0x320C, 0x3A4F, 0x3A4E, 0x42F2, 0x4376, 0x3291, 0x3291, 0x29EE, 0x2A90, 0x43B8, 0x5C9B,
  0x54DC, 0x3355, 0x198D, 0x21CE, 0x2251, 0x0884, 0x0863, 0x10C7, 0x10E9, 0x0865, 0x0886, 0x08A6, 0x08A7, 0x08A7, 0x0886, 0x0885,
  0x0865, 0x0865, 0x0065, 0x0085, 0x08C8, 0x092A, 0x08A7, 0x090A, 0x19AC, 0x2A2C, 0x1A0F, 0x42AF, 0x6B91, 0xBDD6, 0xA536, 0x4AD0,
  0x29EE, 0x5B30, 0x8C50, 0x426C, 0x9D98, 0xFFFF, 0xDF3D, 0xCEBB, 0xC618, 0x94B2, 0x73AE, 0x52AA, 0x39C7, 0x39A6, 0x324C, 0x2AD3,
  0x2B14, 0x2335, 0x5C37, 0x6C14, 0x4B94, 0x9D78, 0xC5F7, 0xC5F6, 0xBDD6, 0xB596, 0xA535, 0x9CD3, 0x8C71, 0x8430, 0x7BEF, 0x73AE,
  0x6B6D, 0x632C, 0x5ACB, 0x4A69, 0x4208, 0x31A6, 0x2965, 0x2124, 0x2104, 0x18C3, 0x18C3, 0x18E3, 0x18E3, 0x2104, 0x2103, 0x2126,
  0x218A, 0x29CD, 0x2A4F, 0x4374, 0x4BD5, 0x53D4, 0x3A8F, 0x2948, 0x2988, 0x31A9, 0x31CB, 0x31EA, 0x39E9, 0x3A09, 0x422A, 0x422A,
  0x4A4A, 0x4A6B, 0x4AAE, 0x52AF, 0x6416, 0x5C57, 0x7D1A, 0x6C78, 0x6458, 0x6479, 0x6CDB, 0x859D, 0x7D5C, 0x7D7E, 0x85FF, 0x861F,
  0x85DF, 0x85DF, 0x963E, 0x8DDD, 0x751B, 0x74DA, 0x74BA, 0x6C98, 0x6C57, 0x6C37, 0x6C16, 0x6BD4, 0x6B92, 0x6B71, 0x6B70, 0x6B71,
  0x6B71, 0x6B91, 0x73D1, 0x7C13, 0x8475, 0x8CB5, 0x8CD6, 0x94F8, 0x94F8, 0x94F8, 0x8CF8, 0x8CF8, 0x8D18, 0x8D38, 0x9559, 0x959A,
  0xA5FA, 0xAE3C, 0xB67D, 0xB6BD, 0xBE9C, 0xBE7C, 0xB65B, 0xBE3A, 0xBE3A, 0xC69C, 0xC69C, 0xC69C, 0xC67C, 0xC65B, 0xBE39, 0xC63A,
  0xC67B, 0xCEBC, 0xCE9C, 0xCEBC, 0xCEBC, 0xCEBC, 0xC67B, 0xB5B8, 0x9D36, 0x8CF5, 0x84B4, 0x8494, 0x8474, 0x8473, 0x94D4, 0xA576,
  0xB5F8, 0xBE19, 0xB5F8, 0xADD8, 0xADD8, 0xB5F8, 0xBE39, 0xBE3A, 0xB63B, 0xB67C, 0xCEFD, 0xD73D, 0xBEBC, 0x8DFB, 0x7D3A, 0x74B9,
  0x7479, 0x7479, 0x74BA, 0x751A, 0x759A, 0x7DFB, 0x9E5C, 0xB69C, 0xBEDC, 0xCEFC, 0xDF1C, 0xDF3D, 0xE75D, 0xEF7E, 0xEF9E, 0xEF9E,
  0xEF7E, 0xEF7D, 0xE75D, 0xE75D, 0xDF5D, 0xDF3D, 0xD73D, 0xD71D, 0xCEFC, 0xCEFC, 0xCEDC, 0xC6DC, 0xBEBC, 0xBE9B, 0xB67B, 0xB67B,
  0xB65B, 0xAE5A, 0xB65A, 0xB65A, 0xB65B, 0xB65B, 0xB65B, 0xB65B, 0xB65A, 0xB65A, 0xB65A, 0xB63B, 0xAE3A, 0xAE3A, 0xAE1A, 0xAE1A,
  0xAE1A, 0xA5F9, 0xA5F9, 0xADF9, 0xADF9, 0xADF9, 0xA5F9, 0xA5F9, 0xA5D9, 0xA5D9, 0xA5D9, 0xA5B9, 0xA5B9, 0xA5D9, 0xADF9, 0xADF9,
  0xAE1A, 0xB63A, 0xB65A, 0xBE5A, 0xBE7A, 0xC67A, 0xC69A, 0xCE9B, 0xCE9B, 0xCE9B, 0xCE9B, 0xCE9B, 0xCE7A, 0xC67A, 0xC67A, 0xCE9A,
  0x8C51, 0x8C51, 0x8C51, 0x8C51, 0x8C51, 0x8C71, 0x9492, 0x9492, 0x9492, 0x94B2, 0x94B2, 0x94B2, 0x94B2, 0x9CD3, 0x9CD3, 0x9CD3,
  0x9CD3, 0x9CD3, 0x9CF3, 0x9CF3, 0x94F6, 0x84F6, 0x94F5, 0x9D35, 0x9D35, 0x9D15, 0x9D13, 0xA513, 0x9CD4, 0x63D4, 0x5BB5, 0x8CB5,
  0x9CD4, 0x7C95, 0x94F4, 0x6BF4, 0x5311, 0x320B, 0x3A50, 0x3AB1, 0x4312, 0x4396, 0x32B2, 0x3291, 0x2A0E, 0x2A70, 0x3B76, 0x5CBB,
  0x5D1B, 0x4419, 0x2211, 0x19AD, 0x2210, 0x194B, 0x0843, 0x0863, 0x112A, 0x110B, 0x0866, 0x0886, 0x0886, 0x08A6, 0x08A7, 0x08A7,
  0x0886, 0x0885, 0x08A6, 0x090A, 0x08E9, 0x0085, 0x08C7, 0x118D, 0x118C, 0x1A0E, 0x222E, 0x5AEE, 0x7BCF, 0x9CD3, 0x3A2E, 0x196C,
  0x6391, 0xBDF7, 0x8C92, 0x426D, 0x9CF4, 0xBE18, 0xADB8, 0xA534, 0x738E, 0x528A, 0x41E8, 0x2966, 0x29A8, 0x2A0E, 0x22D4, 0x3B76,
  0x43F7, 0x4C17, 0x5BD5, 0x7C96, 0xBE19, 0xCE38, 0xC638, 0xBDF8, 0xB5B6, 0xAD55, 0x9CF3, 0x9492, 0x8450, 0x7BEF, 0x7BCF, 0x6B6D,
  0x632C, 0x5AEB, 0x528A, 0x4228, 0x31A6, 0x2965, 0x2124, 0x18E3, 0x18C3, 0x18C3, 0x18C3, 0x18E3, 0x18E3, 0x1903, 0x2127, 0x216B,
  0x21CE, 0x2A91, 0x4375, 0x53F6, 0x4331, 0x3A8E, 0x3A4D, 0x2127, 0x31A9, 0x320B, 0x39EA, 0x39EA, 0x3A0A, 0x422A, 0x422A, 0x424B,
  0x4A6B, 0x4A6B, 0x4A8E, 0x52CE, 0x5331, 0x6C79, 0x74FA, 0x7D1B, 0x6438, 0x6C99, 0x64BA, 0x6CFB, 0x85BD, 0x85BE, 0x7D7E, 0x85DE,
  0x861F, 0x85FF, 0x85FF, 0x965F, 0x965F, 0x85DD, 0x7D5C, 0x753C, 0x74FB, 0x6C99, 0x6C57, 0x6C16, 0x63D5, 0x6392, 0x5B31, 0x5B10,
  0x5B0F, 0x5B10, 0x5B10, 0x5B0F, 0x632F, 0x6B50, 0x6B90, 0x73D1, 0x7C33, 0x8475, 0x8496, 0x8CB6, 0x8CB7, 0x84B7, 0x84B8, 0x84B8,
  0x84D8, 0x84F8, 0x8D39, 0x957A, 0x95DA, 0x9DFA, 0x9DDA, 0xA5DA, 0xA5FA, 0xAE5B, 0xAE7C, 0xB67C, 0xB65C, 0xB63B, 0xAE19, 0xADF9,
  0xADFA, 0xAE3C, 0xAE7C, 0xBE9D, 0xC6BD, 0xCEFD, 0xD71D, 0xCEDD, 0xADFB, 0x8D5A, 0x8518, 0x84F8, 0x8517, 0x84F6, 0x9536, 0x9D97,
  0xADD8, 0xADF9, 0xA598, 0x9D36, 0x94F6, 0x8D15, 0x9516, 0xA557, 0xADB8, 0xADF9, 0xA63B, 0xBE9B, 0xD71D, 0xCF1D, 0xAE5C, 0x859A,
  0x7CF9, 0x7C99, 0x7499, 0x7499, 0x751A, 0x759B, 0x8E1B, 0xAE7C, 0xBEBC, 0xCEFC, 0xDF1D, 0xEF5D, 0xEF7D, 0xF79E, 0xF79E, 0xF79E,
  0xF79E, 0xF77E, 0xEF7D, 0xEF7D, 0xEF7D, 0xE75D, 0xE75D, 0xDF3D, 0xDF3C, 0xD71C, 0xD6FC, 0xCEFC, 0xC6BC, 0xC69B, 0xBE7B, 0xB67B,
  0xB65A, 0xB65A, 0xB65A, 0xB65A, 0xB65A, 0xB65A, 0xB65A, 0xAE5A, 0xAE3A, 0xB63A, 0xAE3A, 0xAE3A, 0xAE3A, 0xAE1A, 0xAE1A, 0xAE1A,
  0xAE1A, 0xADF9, 0xAE1A, 0xAE1A, 0xAE1A, 0xAE1A, 0xAE1A, 0xAE1A, 0xADF9, 0xADF9, 0xADF9, 0xADD9, 0xA5D9, 0xA5D9, 0xADD9, 0xADF9,
  0xADF9, 0xAE19, 0xB63A, 0xB65A, 0xBE5A, 0xBE7A, 0xC69A, 0xC67A, 0xCE9B, 0xCE9B, 0xCE9B, 0xCE7A, 0xCE9B, 0xC69A, 0xC67A, 0xCEBA,
  0x8C71, 0x8C51, 0x8C51, 0x8C71, 0x8C71, 0x9492, 0x9492, 0x94B2, 0x94B2, 0x9CD3, 0x9CD3, 0x9CD3, 0x9CD3, 0x9CD3, 0x9CD3, 0x9CD3,
  0x9CD3, 0x9CD3, 0x9CD3, 0x9CD3, 0x9CF3, 0x9CF4, 0x84F7, 0x8CD6, 0x9515, 0xA556, 0xA536, 0x9D14, 0xA4F4, 0x7C54, 0x7434, 0x63D4,
  0x8CB4, 0x8CD6, 0x8CD5, 0x6C14, 0x9516, 0x7413, 0x3AB2, 0x3AF4, 0x4353, 0x4396, 0x3AD3, 0x32B2, 0x29EE, 0x324F, 0x32D3, 0x5C9B,
  0x651B, 0x54FB, 0x32F6, 0x2210, 0x198C, 0x2A12, 0x0885, 0x0864, 0x0884, 0x116D, 0x116C, 0x0887, 0x0865, 0x0885, 0x0884, 0x0885,
  0x08A7, 0x090A, 0x092B, 0x08C8, 0x0886, 0x08A7, 0x118D, 0x094C, 0x120E, 0x19CD, 0x2250, 0x4AAC, 0x6B8F, 0x424D, 0x194B, 0x5B30,
  0xC618, 0xC5F7, 0x6370, 0x73B0, 0x7BAF, 0x534D, 0x736E, 0x632B, 0x4A49, 0x31C8, 0x2168, 0x220C, 0x2292, 0x2B35, 0x43F7, 0x4C38,
  0x4BF7, 0x4B74, 0x84B6, 0xD699, 0xCE79, 0xC638, 0xC618, 0xBDD7, 0xAD75, 0xA534, 0x9CD3, 0x8C71, 0x8410, 0x7BCF, 0x738E, 0x632C,
  0x5AEB, 0x528A, 0x4228, 0x39C7, 0x2965, 0x2104, 0x18E3, 0x10A2, 0x10A2, 0x18C3, 0x18E3, 0x18E3, 0x18E4, 0x1928, 0x194C, 0x198D,
  0x3270, 0x4375, 0x4BD6, 0x5371, 0x630D, 0x424B, 0x428D, 0x31EB, 0x3A2C, 0x31C9, 0x31A9, 0x39C9, 0x3A0A, 0x422B, 0x422B, 0x424A,
  0x4A6B, 0x4A6C, 0x4A6C, 0x4AAF, 0x5311, 0x5BB5, 0x753C, 0x7D3C, 0x6CBA, 0x6458, 0x6C99, 0x6CDB, 0x6CFC, 0x859D, 0x85DD, 0x7D9E,
  0x7DBE, 0x85FF, 0x8E3F, 0x8E3F, 0x967F, 0x9E9F, 0x965F, 0x85FF, 0x7DBE, 0x7D5C, 0x74FA, 0x6479, 0x6437, 0x5BD6, 0x5B74, 0x5331,
  0x52CF, 0x52AE, 0x52CF, 0x52CE, 0x52AD, 0x5ACC, 0x5AED, 0x5B0D, 0x632D, 0x6B6E, 0x7390, 0x73F1, 0x7C13, 0x8455, 0x8476, 0x8498,
  0x8498, 0x84B8, 0x84B8, 0x84B8, 0x84D7, 0x7CD7, 0x84D7, 0x84D7, 0x8517, 0x959A, 0x95BA, 0x95DA, 0x8D9A, 0x95B9, 0x9598, 0x9D99,
  0x9DB9, 0x95DA, 0x95FB, 0x9DFC, 0xA61C, 0xB65C, 0xC69D, 0xCEDD, 0xC69D, 0x9DBC, 0x74DA, 0x6C99, 0x6C58, 0x6457, 0x6436, 0x6C16,
  0x6C36, 0x7456, 0x7C55, 0x7C75, 0x8494, 0x8CB4, 0x94F5, 0x9D37, 0xAD98, 0xB5F8, 0xB61A, 0xA63A, 0xAE5B, 0xCEDD, 0xD71D, 0xBEDD,
  0x9E3B, 0x859B, 0x7D1A, 0x7CD9, 0x74FA, 0x753A, 0x7DBB, 0x963B, 0xB69C, 0xC6DC, 0xDF1C, 0xEF5D, 0xEF7D, 0xF79D, 0xF79E, 0xF79D,
  0xF77D, 0xF77D, 0xEF7D, 0xEF7D, 0xEF9D, 0xEF7D, 0xEF7D, 0xE75D, 0xE75D, 0xDF3D, 0xDF1C, 0xD6FC, 0xCEFC, 0xCEBC, 0xC69B, 0xBE9B,
  0xBE7B, 0xB65A, 0xB65A, 0xB65B, 0xB65A, 0xAE5A, 0xAE5A, 0xAE5A, 0xAE3A, 0xAE3A, 0xAE3A, 0xAE3A, 0xAE1A, 0xAE1A, 0xAE1A, 0xAE1A,
  0xAE19, 0xAE19, 0xAE19, 0xAE19, 0xAE1A, 0xAE1A, 0xAE1A, 0xAE1A, 0xAE1A, 0xAE1A, 0xAE1A, 0xAE1A, 0xADF9, 0xADF9, 0xADF9, 0xADF9,
  0xADF9, 0xAE19, 0xAE19, 0xB63A, 0xB63A, 0xBE5A, 0xBE7A, 0xC69A, 0xCE9B, 0xCE9B, 0xCE9B, 0xCE9B, 0xCE9B, 0xCE9B, 0xC69A, 0xD6DB,
  0x9492, 0x9492, 0x8C71, 0x8C71, 0x9492, 0x94B2, 0x94B2, 0x94B2, 0x9CD3, 0x9CD3, 0x9CD3, 0x9CD3, 0x9CD3, 0x9CD3, 0x9CD3, 0x9CD3,
  0x9CD3, 0x9CD3, 0x9CD3, 0x9CD3, 0x9CF3, 0x9CF3, 0xA4F3, 0x8CF6, 0x84B6, 0x8CD5, 0x9D15, 0x9D56, 0x9516, 0x7C75, 0xAD34, 0x7C54,
  0x6BF5, 0x8495, 0x8CD6, 0x63F4, 0xA535, 0xB576, 0x63F5, 0x3B35, 0x4373, 0x43B7, 0x3AF3, 0x3B34, 0x29EE, 0x322E, 0x2A4F, 0x4BB7,
  0x653C, 0x5D5B, 0x4C59, 0x2AB5, 0x21CF, 0x198E, 0x19CF, 0x0844, 0x0884, 0x0865, 0x194C, 0x19AE, 0x110A, 0x0886, 0x08A7, 0x08E9,
  0x110A, 0x08C9, 0x08A7, 0x08A7, 0x08A7, 0x116C, 0x114B, 0x19CD, 0x118B, 0x222F, 0x222F, 0x320C, 0x29ED, 0x196C, 0x3A2D, 0x9CD3,
  0xBDB6, 0x9CD3, 0x6351, 0x94D4, 0x73D0, 0x736D, 0x5289, 0x3A09, 0x29A9, 0x29EB, 0x3AB0, 0x3334, 0x3BB6, 0x4C79, 0x4C59, 0x5BD5,
  0x4B74, 0x9D37, 0xD69A, 0xCE59, 0xC638, 0xC618, 0xBDD7, 0xB5B6, 0xA534, 0x9CD3, 0x8C71, 0x8430, 0x7BCF, 0x738E, 0x632C, 0x5ACB,
  0x528A, 0x4228, 0x39C7, 0x2965, 0x2104, 0x18E3, 0x10A2, 0x10A2, 0x18C3, 0x18C3, 0x18E3, 0x18E4, 0x192A, 0x196D, 0x19AD, 0x3270,
  0x4395, 0x4396, 0x5331, 0x736D, 0x634E, 0x3A4D, 0x4B30, 0x29A9, 0x2967, 0x3168, 0x31C8, 0x3A2B, 0x422B, 0x424B, 0x424D, 0x426B,
  0x4A6B, 0x4A6C, 0x4A6C, 0x4A8D, 0x5312, 0x5354, 0x6478, 0x859D, 0x6CDB, 0x6CDB, 0x6479, 0x6499, 0x6CBA, 0x6CDB, 0x7D7D, 0x85DD,
  0x7D7D, 0x757E, 0x85DF, 0x8E3F, 0x8E7F, 0x8E7F, 0x969F, 0x9E9F, 0x8E7F, 0x8E1F, 0x85BE, 0x755C, 0x6CBA, 0x6438, 0x5BF7, 0x5396,
  0x4B53, 0x4AD0, 0x4A8E, 0x4A8E, 0x4A8E, 0x4A6C, 0x4A6B, 0x526B, 0x528B, 0x52AC, 0x5ACC, 0x62ED, 0x632D, 0x6B4E, 0x6BB1, 0x73F2,
  0x7C34, 0x8476, 0x84B7, 0x8CD8, 0x84D7, 0x84B7, 0x84B6, 0x7C96, 0x7C96, 0x8D38, 0x8D59, 0x8D59, 0x8537, 0x8537, 0x8537, 0x8D37,
  0x8D57, 0x9599, 0x95BA, 0x9DBA, 0x95DA, 0x9DDA, 0xAE1B, 0xBE7C, 0xC69D, 0xC67C, 0x9DBA, 0x7498, 0x6437, 0x5BF7, 0x53D7, 0x53D8,
  0x53F8, 0x53D7, 0x53D7, 0x5BF7, 0x6C37, 0x7456, 0x7C75, 0x8495, 0x8CD5, 0x9516, 0xA558, 0xB5B9, 0xAE1B, 0xAE5C, 0xBEBC, 0xCF1D,
  0xCF3D, 0xB6BD, 0x963C, 0x85DB, 0x7D7B, 0x7D5A, 0x757B, 0x7DBB, 0x9E3B, 0xB69C, 0xCEFC, 0xEF5D, 0xF77D, 0xEF7D, 0xF79E, 0xEF9D,
  0xEF7D, 0xEF7D, 0xEF7D, 0xEF7D, 0xEF7D, 0xEF7D, 0xEF7D, 0xEF7D, 0xEF7D, 0xE77D, 0xE75D, 0xDF1C, 0xD6FC, 0xD6FC, 0xCEDC, 0xCEBC,
  0xC69B, 0xBE9B, 0xBE7B, 0xBE7B, 0xB67B, 0xB67B, 0xB67B, 0xB65A, 0xAE5A, 0xAE3A, 0xAE3A, 0xAE3A, 0xAE3A, 0xAE3A, 0xAE3A, 0xAE1A,
  0xAE1A, 0xAE19, 0xAE1A, 0xAE1A, 0xAE1A, 0xAE1A, 0xAE3A, 0xAE3A, 0xAE3A, 0xAE3A, 0xAE3A, 0xAE3A, 0xAE3A, 0xAE1A, 0xB61A, 0xB61A,
  0xB61A, 0xB619, 0xAE19, 0xB63A, 0xB65A, 0xBE5A, 0xBE7A, 0xC69A, 0xCE9A, 0xCE9B, 0xCE9B, 0xCEBB, 0xCEBB, 0xCEBB, 0xCE9A, 0xD6DB,
  0x9CD3, 0x94B2, 0x9492, 0x9492, 0x94B2, 0x94B2, 0x9CD3, 0x9CD3, 0x9CD3, 0x9CD3, 0x9CD3, 0x9CD3, 0x94B2, 0x94B2, 0x9CD3, 0x9CD3,
  0x9CD3, 0x9CD3, 0x9CD3, 0x9CD3, 0x9CD3, 0x9CF3, 0x9CF3, 0xA4F3, 0x9CF4, 0x84D6, 0x8495, 0x8CB5, 0x8CD5, 0x84D7, 0xA556, 0x9516,
  0x7475, 0x8CF6, 0x8495, 0x53B6, 0x7C56, 0xAD75, 0x7476, 0x5C17, 0x4395, 0x43D7, 0x3AF3, 0x3B55, 0x2A6F, 0x29EC, 0x2A2E, 0x2A30,
  0x5CFC, 0x653B, 0x5D3C, 0x3BD9, 0x2AD6, 0x11AD, 0x19CF, 0x194C, 0x0064, 0x0864, 0x0064, 0x08A6, 0x116D, 0x11AE, 0x118E, 0x114C,
  0x08E8, 0x08C8, 0x08C7, 0x0886, 0x116B, 0x114B, 0x11AD, 0x116B, 0x19EE, 0x2AB2, 0x1A10, 0x218D, 0x21CC, 0x320C, 0x632E, 0x8C31,
  0x9CB2, 0x530F, 0x8474, 0xA555, 0xA514, 0x6B6E, 0x424C, 0x426C, 0x5310, 0x4B94, 0x3B96, 0x4418, 0x4C7A, 0x5C58, 0x6C33, 0x63B4,
  0xADD8, 0xD6BA, 0xCE38, 0xC638, 0xC618, 0xBDF7, 0xB5B6, 0xAD55, 0xA514, 0x9492, 0x8430, 0x7BCF, 0x738E, 0x632C, 0x5ACB, 0x528A,
  0x4228, 0x39C7, 0x2965, 0x2124, 0x18E3, 0x10A2, 0x10A2, 0x10A2, 0x18C3, 0x18E3, 0x1905, 0x194C, 0x118F, 0x21CE, 0x3AD1, 0x4396,
  0x3B13, 0x5B0F, 0x7BAE, 0x6390, 0x5B72, 0x3A4B, 0x3A6D, 0x3188, 0x2967, 0x31EA, 0x428F, 0x428D, 0x3A4B, 0x424B, 0x424C, 0x4A6C,
  0x4A6B, 0x4A6C, 0x4A8D, 0x52AE, 0x4AF0, 0x5B96, 0x5BD8, 0x7D3C, 0x751C, 0x64BB, 0x6CFC, 0x64BB, 0x6479, 0x6499, 0x6CBB, 0x7D3C,
  0x85BD, 0x7D7E, 0x6D3E, 0x7D9E, 0x85FF, 0x8E5F, 0x8E7F, 0x8E7F, 0x8E9F, 0x8E7F, 0x8E5F, 0x861F, 0x7D9E, 0x6CFC, 0x5C79, 0x5C18,
  0x53D8, 0x4B76, 0x4313, 0x428F, 0x424D, 0x426E, 0x3A4D, 0x422B, 0x4209, 0x4229, 0x422A, 0x4A4A, 0x4A6B, 0x52AC, 0x52CD, 0x5AEE,
  0x632F, 0x6370, 0x6BD1, 0x7C13, 0x7C55, 0x8496, 0x8CB6, 0x8CB6, 0x84B6, 0x8D18, 0x8D39, 0x8518, 0x84D6, 0x84D6, 0x84F6, 0x8516,
  0x8D57, 0x9579, 0x959A, 0x95BA, 0x9DDA, 0x9DDA, 0xA5DA, 0xAE3A, 0xBE5B, 0xCE9B, 0xC69B, 0xA5B9, 0x7C75, 0x63D4, 0x5B93, 0x5353,
  0x5354, 0x5374, 0x53B5, 0x53D6, 0x5BF7, 0x6438, 0x6C98, 0x84F8, 0x8D38, 0x9557, 0x9D57, 0x9D57, 0xA578, 0xA5B9, 0xA61B, 0xB67C,
  0xD71D, 0xDF5E, 0xCF1E, 0xB6BC, 0x9E7C, 0x8E1C, 0x85DB, 0x7DDB, 0x861B, 0x9E5C, 0xBEBC, 0xDF3D, 0xEF7E, 0xEF9E, 0xEF9E, 0xEF9E,
  0xF79E, 0xF77D, 0xEF7D, 0xEF7D, 0xEF7D, 0xEF7D, 0xEF7D, 0xEF7D, 0xEF7D, 0xEF7D, 0xEF7D, 0xEF5C, 0xE73C, 0xDF1C, 0xDEFC, 0xD6DC,
  0xD6DC, 0xCEBB, 0xC6BB, 0xC69B, 0xBE9B, 0xBE9B, 0xBE7B, 0xBE7B, 0xB67A, 0xB65A, 0xB65A, 0xB65A, 0xB65A, 0xAE3A, 0xAE3A, 0xAE3A,
  0xAE3A, 0xAE3A, 0xAE3A, 0xAE3A, 0xAE3A, 0xAE3A, 0xAE3A, 0xAE3A, 0xAE3A, 0xAE3A, 0xB63A, 0xB63A, 0xB63A, 0xB63A, 0xB65A, 0xB65A,
  0xBE5A, 0xBE5A, 0xB65A, 0xB65A, 0xBE5A, 0xBE7A, 0xBE7A, 0xC69A, 0xCE9A, 0xCE9B, 0xCE9B, 0xCEBB, 0xCEBB, 0xCEBB, 0xCE9A, 0xD6DB,
  0xA514, 0x9CD3, 0x94B2, 0x94B2, 0x9CD3, 0x9CD3, 0x9CD3, 0x9CD3, 0x9CD3, 0x9CD3, 0x9CD3, 0x9CD3, 0x9CD3, 0x9CD3, 0x9CD3, 0x9CD3,
  0x9CD3, 0x9CD3, 0x9CD3, 0x9CD3, 0x9CD3, 0x9CF3, 0xA534, 0xBDD7, 0xB596, 0xA513, 0x9D14, 0x8CF5, 0x7455, 0x7455, 0x94F4, 0x9D56,
  0x8D18, 0x8D38, 0xA577, 0x7497, 0x6C35, 0x7C55, 0x6415, 0x6478, 0x53D6, 0x43D8, 0x3B54, 0x32B1, 0x43B5, 0x19AA, 0x324E, 0x114B,
  0x3B56, 0x5CFB, 0x655C, 0x551B, 0x3BDA, 0x2AB5, 0x19CF, 0x2211, 0x114C, 0x08C8, 0x0909, 0x0909, 0x08C7, 0x08A6, 0x08A6, 0x08A6,
  0x08C7, 0x08A6, 0x0886, 0x118D, 0x092B, 0x19AC, 0x118B, 0x19EE, 0x2AD3, 0x22B3, 0x11AD, 0x198D, 0x196C, 0x31EA, 0x6B4C, 0x73AD,
  0x52EE, 0x5310, 0xA535, 0x94B4, 0x6B91, 0x6BB1, 0x8474, 0x6C76, 0x43B6, 0x3376, 0x4BF7, 0x4438, 0x6C98, 0x7C74, 0x7C56, 0xD6BC,
  0xDEFB, 0xCE7A, 0xCE59, 0xC638, 0xBDF7, 0xBDD7, 0xAD75, 0xA514, 0x94B2, 0x8C51, 0x7BEF, 0x738E, 0x632C, 0x5ACB, 0x4A69, 0x4228,
  0x39C7, 0x2965, 0x2124, 0x18C3, 0x10A2, 0x1082, 0x10A2, 0x10C2, 0x18E3, 0x1907, 0x114C, 0x19AF, 0x222F, 0x4354, 0x3B57, 0x3A91,
  0x6B4F, 0x6B6F, 0x5330, 0x52F2, 0x7C11, 0x5ACC, 0x3A0A, 0x3A4C, 0x320C, 0x3A6E, 0x420B, 0x3A2B, 0x424C, 0x424B, 0x426B, 0x424B,
  0x52AD, 0x52CF, 0x4A6D, 0x4A8E, 0x4AD0, 0x5333, 0x5BFA, 0x6C9B, 0x859E, 0x6D1D, 0x6CFC, 0x6CDC, 0x6CBB, 0x647A, 0x5C59, 0x645A,
  0x74DC, 0x85DE, 0x7DBE, 0x6D3D, 0x6D5E, 0x75BE, 0x861F, 0x865F, 0x865F, 0x865F, 0x865F, 0x865F, 0x861F, 0x75BF, 0x6D5D, 0x64DB,
  0x5C5A, 0x5419, 0x4BD7, 0x4B55, 0x42B1, 0x3A6E, 0x3A4E, 0x3A2D, 0x39EB, 0x31C9, 0x39C8, 0x39C9, 0x39EA, 0x3A0A, 0x422B, 0x424B,
  0x4A8E, 0x52CF, 0x52EF, 0x5B0F, 0x5B31, 0x6372, 0x6BB2, 0x7C12, 0x8475, 0x9539, 0x9579, 0x8D18, 0x8CF6, 0x8CD6, 0x8CD6, 0x84F6,
  0x8D17, 0x8D58, 0x9599, 0x9DB9, 0x9DB9, 0x9DD9, 0xA5DA, 0xA5FA, 0xAE1A, 0xBE5B, 0xCE7B, 0xCE9B, 0xADD9, 0x8474, 0x6392, 0x5B51,
  0x5310, 0x4AF0, 0x4AF1, 0x4B12, 0x5353, 0x5B95, 0x5BD5, 0x5BF6, 0x6477, 0x74D9, 0x8D5B, 0x9DBA, 0xADF9, 0xBE19, 0xB5FA, 0xAE1C,
  0xAE5C, 0xC6DD, 0xDF7E, 0xE79E, 0xD73E, 0xBEFD, 0xAEBD, 0x965C, 0x8E3B, 0x9E3B, 0xA65B, 0xB69B, 0xD71D, 0xEF7E, 0xF77E, 0xEF7D,
  0xEF7D, 0xEF7D, 0xEF7D, 0xEF7D, 0xEF7D, 0xEF7D, 0xEF7D, 0xEF7D, 0xEF7D, 0xEF7D, 0xEF7D, 0xEF5D, 0xEF5D, 0xE73D, 0xE73D, 0xDF1C,
  0xDF1C, 0xD6FC, 0xD6FC, 0xCEDC, 0xC6DC, 0xC6BC, 0xC6BC, 0xBEBB, 0xBE9B, 0xBE9B, 0xB69B, 0xB67B, 0xB67A, 0xB65A, 0xB65A, 0xB65A,
  0xB65A, 0xB65A, 0xB65A, 0xB67B, 0xB65A, 0xB65A, 0xB65A, 0xB65A, 0xB65A, 0xB65A, 0xB67A, 0xB65A, 0xB67A, 0xB67B, 0xBE7A, 0xBE7A,
  0xC67B, 0xC67B, 0xC67A, 0xC67A, 0xC67A, 0xC69A, 0xC69B, 0xC69B, 0xCEBB, 0xCEBB, 0xCEBB, 0xCEDB, 0xCEBB, 0xCEBB, 0xCEBB, 0xD6FB,
  0xA534, 0xA514, 0x9CF3, 0x9CD3, 0x9CD3, 0x9CF3, 0x9CF3, 0x9CF3, 0x9CD3, 0x9CD3, 0x9CD3, 0x9CD3, 0x9CD3, 0x9CD3, 0x9CD3, 0x9CD3,
  0x9CD3, 0x9CD3, 0x94B2, 0x9CD3, 0x9CD3, 0x9CF3, 0xA514, 0xC638, 0xBDF7, 0x9D13, 0x9D14, 0xAD13, 0x8CB5, 0x8CB5, 0x84B5, 0x8475,
  0x8CF6, 0x7478, 0x8CF7, 0x84F7, 0x8D59, 0x7CD7, 0x8495, 0x6417, 0x7476, 0x5437, 0x3B75, 0x3291, 0x4BD6, 0x53F6, 0x2A0C, 0x1909,
  0x21EF, 0x3BB9, 0x54FB, 0x657C, 0x54FB, 0x3BBA, 0x2254, 0x116E, 0x19AF, 0x116D, 0x08C7, 0x08A6, 0x0865, 0x0885, 0x0885, 0x0886,
  0x0886, 0x08A7, 0x19AD, 0x092A, 0x11CC, 0x11AC, 0x21EF, 0x2AF4, 0x43B8, 0x1A10, 0x198D, 0x116D, 0x0909, 0x1927, 0x526A, 0x4AAC,
  0x3A2C, 0x634F, 0x5B2F, 0x6B71, 0x8CF7, 0x855A, 0x5417, 0x3334, 0x3B95, 0x33B7, 0x4BF7, 0x9538, 0x7C75, 0x84B6, 0xEF9E, 0xEF9D,
  0xDEDB, 0xCE79, 0xCE39, 0xC618, 0xBDD7, 0xB596, 0xA534, 0x9CD3, 0x8C51, 0x7BEF, 0x738E, 0x630C, 0x52AA, 0x4A69, 0x4208, 0x39C7,
  0x2965, 0x2104, 0x10A2, 0x1082, 0x1082, 0x10A2, 0x10C2, 0x18E4, 0x1108, 0x114D, 0x19CE, 0x3291, 0x4B97, 0x32D4, 0x428E, 0x632E,
  0x4AAE, 0x4AEF, 0x6B92, 0x73D1, 0x8452, 0x632F, 0x322C, 0x4B10, 0x31A9, 0x39C9, 0x3A0B, 0x3A2B, 0x424B, 0x4ACE, 0x428D, 0x4ACD,
  0x5B0F, 0x4AAE, 0x4AAF, 0x4AAF, 0x4AD0, 0x5312, 0x5B97, 0x649C, 0x857D, 0x7D7E, 0x6D1D, 0x64BB, 0x64BC, 0x64BC, 0x647B, 0x5C39,
  0x5418, 0x5C7B, 0x7D5C, 0x85BE, 0x755E, 0x6D3E, 0x6D5E, 0x759E, 0x7DFF, 0x863F, 0x7E1F, 0x75FF, 0x7DFF, 0x7DDF, 0x75DF, 0x75BE,
  0x6D5D, 0x64BB, 0x547A, 0x543A, 0x4BB7, 0x42D3, 0x3A6E, 0x3A2F, 0x3A2F, 0x31EC, 0x29AA, 0x29A8, 0x29A8, 0x31A8, 0x31A9, 0x31C9,
  0x39EA, 0x3A2C, 0x424E, 0x426E, 0x4A8F, 0x4AAF, 0x52AE, 0x52AD, 0x5B0F, 0x84B6, 0x84F8, 0x7C75, 0x8C94, 0x8CD5, 0x8D16, 0x8D16,
  0x8D37, 0x8D38, 0x9558, 0x9578, 0x9DB8, 0xA5D9, 0xADD9, 0xADF9, 0xADF9, 0xB61A, 0xC63A, 0xC67A, 0xCE7B, 0xBDF9, 0x8C94, 0x6391,
  0x5B2F, 0x52EF, 0x4AD0, 0x4AF1, 0x4AF1, 0x4AF1, 0x4B32, 0x5373, 0x5BB5, 0x6C15, 0x7CD7, 0x857B, 0x9DFC, 0xAE5B, 0xBE7C, 0xCE9A,
  0xC67B, 0xAE3B, 0xB65B, 0xCF1D, 0xEF9E, 0xEF7D, 0xDF3D, 0xC6FD, 0xB6BC, 0xAE7C, 0xA67C, 0xA67B, 0xB69B, 0xD71C, 0xEF5D, 0xEF7D,
  0xEF7D, 0xEF5D, 0xEF5D, 0xEF7D, 0xEF7D, 0xEF7D, 0xEF7D, 0xEF5D, 0xEF5D, 0xEF5D, 0xEF5D, 0xEF5D, 0xEF5D, 0xEF5D, 0xEF5D, 0xEF5D,
  0xE73C, 0xE71C, 0xDF1C, 0xDF1C, 0xD6FC, 0xD6FC, 0xCEDC, 0xCEDC, 0xCEBB, 0xC6BB, 0xC6BB, 0xC69B, 0xC69B, 0xBE9B, 0xBE7B, 0xBE7B,
  0xBE7B, 0xBE7B, 0xBE7B, 0xBE7B, 0xBE7B, 0xBE7B, 0xBE7B, 0xBE7B, 0xBE7B, 0xBE7B, 0xBE7A, 0xBE7B, 0xBE7B, 0xBE7B, 0xC69B, 0xC69B,
  0xC69B, 0xC69B, 0xCE9B, 0xCEBB, 0xCEBB, 0xCEBB, 0xCEDB, 0xCEDB, 0xD6DC, 0xD6DC, 0xD6DB, 0xD6BB, 0xD6DB, 0xD6DB, 0xD6BB, 0xD6DB,
  0xAD75, 0xA534, 0xA514, 0x9CF3, 0x9CF3, 0x9CF3, 0x9CF3, 0x9CF3, 0x9CD3, 0x9CD3, 0x9CD3, 0x9CD3, 0x9CD3, 0x9CD3, 0x9CD3, 0x9CD3,
  0x9CD3, 0x94B2, 0x94B2, 0x94B2, 0x9CD3, 0x9CD3, 0x9CF3, 0xA514, 0xA514, 0x9CF3, 0xA514, 0xA514, 0x7CD6, 0xA534, 0xAD54, 0xA515,
  0x9516, 0x84B6, 0x63F5, 0x7436, 0x9537, 0x8D17, 0x7CB8, 0x5438, 0x84D6, 0x7CD6, 0x3B75, 0x3B35, 0x32F1, 0x6477, 0x6CB6, 0x10A6,
  0x112A, 0x2A93, 0x43F9, 0x54FB, 0x5D5C, 0x4CBC, 0x3379, 0x1A12, 0x092C, 0x090A, 0x08E8, 0x08A6, 0x08A5, 0x08A6, 0x10A6, 0x0865,
  0x10E8, 0x19CD, 0x0929, 0x19EC, 0x19CD, 0x2210, 0x3334, 0x4C19, 0x32D3, 0x114C, 0x194C, 0x1109, 0x10C6, 0x08A6, 0x1928, 0x29CB,
  0x31EC, 0x3A2B, 0x63B2, 0x7D3A, 0x5479, 0x2B14, 0x3334, 0x3335, 0x2B14, 0x7CF7, 0xB619, 0x7C55, 0x8D18, 0xFFFF, 0xFFDE, 0xEF5D,
  0xDEFB, 0xCE79, 0xC638, 0xBDF7, 0xB596, 0xA534, 0x9CD3, 0x8C51, 0x7BEF, 0x738E, 0x630C, 0x52AA, 0x4A49, 0x39E7, 0x31A6, 0x2945,
  0x2104, 0x10A2, 0x0862, 0x0861, 0x1082, 0x18C4, 0x1905, 0x090A, 0x092D, 0x21EE, 0x3B14, 0x4397, 0x2A71, 0x424C, 0x52AD, 0x426E,
  0x5B31, 0x6BB2, 0x6371, 0x6BB1, 0x6391, 0x6350, 0x2967, 0x4ACD, 0x31C8, 0x31EA, 0x3A09, 0x428E, 0x4B32, 0x4AF0, 0x5B51, 0x5B50,
  0x4A6C, 0x4A6C, 0x4A8E, 0x4AD0, 0x4AF1, 0x4AF2, 0x5375, 0x5C1A, 0x753D, 0x7D7D, 0x753D, 0x64FD, 0x5C7A, 0x647B, 0x5C7B, 0x647C,
  0x5C3B, 0x5419, 0x4BD8, 0x649A, 0x7D7D, 0x757E, 0x6D3E, 0x653F, 0x6D3E, 0x755E, 0x7DBE, 0x75DF, 0x75BF, 0x6D9F, 0x75BF, 0x75DF,
  0x75BE, 0x759E, 0x6D1C, 0x64DC, 0x547B, 0x4BF9, 0x4335, 0x3270, 0x322E, 0x322F, 0x29ED, 0x29CA, 0x29A9, 0x2988, 0x2988, 0x2989,
  0x2989, 0x29CA, 0x320C, 0x3A2E, 0x3A2E, 0x3A4E, 0x3A4D, 0x422B, 0x426D, 0x6C56, 0x6416, 0x52EE, 0x630D, 0x6B8F, 0x7BF1, 0x8474,
  0x8CD6, 0x9538, 0x9558, 0x9578, 0x9598, 0x9D99, 0xADB9, 0xB5D9, 0xB619, 0xBE1A, 0xBE3A, 0xC65A, 0xCE5B, 0xCE7A, 0xBE19, 0x94D5,
  0x6B90, 0x5B0E, 0x52AD, 0x4A8D, 0x4A8E, 0x52F0, 0x5B93, 0x63D4, 0x7456, 0x7476, 0x7477, 0x7476, 0x7476, 0x74D9, 0x855A, 0x95BB,
  0xAE1B, 0xC65B, 0xBE5B, 0xAE5C, 0xBEBD, 0xDF3E, 0xEF7E, 0xE75D, 0xD71D, 0xC6DD, 0xBEBC, 0xB69B, 0xAE7B, 0xB6BC, 0xD71D, 0xE75D,
  0xEF7D, 0xEF5D, 0xEF5D, 0xEF5D, 0xEF5D, 0xEF5D, 0xEF5D, 0xEF5D, 0xEF5D, 0xEF5D, 0xEF5D, 0xEF5D, 0xEF5D, 0xEF5D, 0xEF5D, 0xEF5D,
  0xEF5D, 0xEF5D, 0xEF5D, 0xE75D, 0xE73C, 0xDF1C, 0xDF1C, 0xD71C, 0xD6FC, 0xD6FC, 0xCEDC, 0xCEDC, 0xCEBB, 0xC6BB, 0xC6BB, 0xC69B,
  0xC6BB, 0xC69B, 0xC6BB, 0xC6BB, 0xC6BB, 0xC69B, 0xC69B, 0xC6BB, 0xC69B, 0xC69B, 0xC69B, 0xC69B, 0xC69B, 0xC6BB, 0xC6BB, 0xCEBB,
  0xCEBB, 0xCEBB, 0xD6DB, 0xD6DB, 0xD6DB, 0xD6FB, 0xD6FC, 0xD6FC, 0xD6FC, 0xD6FC, 0xD6FC, 0xDEFC, 0xD6DC, 0xDEDC, 0xD6DB, 0xDEFC,
  0xB596, 0xAD55, 0xA534, 0xA514, 0x9CF3, 0x9CF3, 0x9CF3, 0x9CF3, 0x9CD3, 0x9CD3, 0x9CD3, 0x9CD3, 0x9CD3, 0x9CD3, 0x9CD3, 0x9CD3,
  0x9CD3, 0x94B2, 0x94B2, 0x94B2, 0x9CD3, 0x9CD3, 0x9CF3, 0x9CF3, 0x9CF3, 0x9CF3, 0xA513, 0xA514, 0x84D6, 0xA535, 0xA534, 0xAD34,
  0xA576, 0xAD96, 0x9D36, 0x5BF5, 0x8CD6, 0x8497, 0x6C76, 0x4BD7, 0x5C58, 0x84D5, 0x4BD6, 0x4354, 0x43D6, 0x3B32, 0x5C34, 0x7537,
  0x2189, 0x112C, 0x2AD6, 0x3BFA, 0x4C7B, 0x4CBB, 0x443B, 0x3318, 0x19F2, 0x114D, 0x110A, 0x08C7, 0x10A7, 0x1086, 0x0885, 0x196A,
  0x220E, 0x1129, 0x222F, 0x19EE, 0x2231, 0x3335, 0x43B9, 0x32D4, 0x114C, 0x112B, 0x10C7, 0x10A5, 0x10C6, 0x10C7, 0x08A7, 0x1129,
  0x4B10, 0x6CB9, 0x5CBB, 0x3377, 0x3335, 0x43B7, 0x2B15, 0x53D5, 0xC65B, 0xB5F8, 0x7C56, 0xADD9, 0xFFFF, 0xFFFF, 0xF7BE, 0xEF5D,
  0xDEDB, 0xCE79, 0xC618, 0xB5B6, 0xAD55, 0x9CD3, 0x8C71, 0x7BEF, 0x6B6D, 0x630C, 0x52AA, 0x4228, 0x39C7, 0x3186, 0x2945, 0x18E3,
  0x1082, 0x1061, 0x1061, 0x1082, 0x10E4, 0x1105, 0x10C9, 0x112C, 0x2A2F, 0x4375, 0x32F5, 0x21CD, 0x3A0B, 0x4A6D, 0x428E, 0x52F0,
  0x5B30, 0x4AF0, 0x6391, 0x7C32, 0x94B2, 0x9491, 0x2986, 0x426D, 0x3A4B, 0x3A0B, 0x4B11, 0x4AD1, 0x4AAF, 0x5B92, 0x5B93, 0x52F1,
  0x4AAE, 0x4A8D, 0x4A8D, 0x4AAE, 0x4AD1, 0x5314, 0x4B34, 0x53B7, 0x5C7B, 0x7D7D, 0x6D1C, 0x6D3E, 0x649C, 0x5C3A, 0x5C3A, 0x541B,
  0x541C, 0x541B, 0x4BD9, 0x4BB9, 0x4BFA, 0x64DC, 0x6D5E, 0x653E, 0x64FE, 0x651F, 0x651E, 0x6D3D, 0x759E, 0x759E, 0x655E, 0x657E,
  0x6D9E, 0x759E, 0x759E, 0x6D5D, 0x64FC, 0x547B, 0x541A, 0x4356, 0x3291, 0x2A2E, 0x320E, 0x31CD, 0x31CC, 0x29AB, 0x2989, 0x2989,
  0x2989, 0x2189, 0x29CA, 0x31ED, 0x322F, 0x320D, 0x31ED, 0x31EB, 0x3A0C, 0x6416, 0x4B53, 0x424B, 0x4A4B, 0x526B, 0x52CC, 0x5B2F,
  0x6BB2, 0x7414, 0x8475, 0x8CD6, 0x8D37, 0x9578, 0x9D98, 0xA5B9, 0xADF9, 0xB619, 0xBE19, 0xBE39, 0xBE3A, 0xC65A, 0xC67A, 0xC63A,
  0x9CF6, 0x73D2, 0x6BB2, 0x6BD2, 0x6BB1, 0x6391, 0x5B30, 0x52EF, 0x52EF, 0x4AF0, 0x5331, 0x5372, 0x63D4, 0x6C15, 0x7476, 0x7CD8,
  0x855A, 0x9DBB, 0xB63C, 0xBE5B, 0xAE1B, 0xAE7C, 0xC6DD, 0xE73D, 0xEF5D, 0xDF3C, 0xCEFD, 0xC6DD, 0xBEBC, 0xBE9C, 0xBEBC, 0xCEFC,
  0xDF3D, 0xE75D, 0xEF5D, 0xEF5D, 0xEF5D, 0xEF5D, 0xEF5D, 0xEF5D, 0xEF5D, 0xEF5D, 0xEF5D, 0xEF5D, 0xEF5D, 0xEF5D, 0xEF5D, 0xEF5D,
  0xEF5D, 0xEF7D, 0xEF7D, 0xEF7D, 0xEF5D, 0xEF5D, 0xE75D, 0xE73D, 0xE73D, 0xDF3C, 0xDF1C, 0xD71C, 0xD6FC, 0xD6FC, 0xCEFC, 0xCEDC,
  0xCEDC, 0xCEDC, 0xCEDC, 0xCEDC, 0xCEDC, 0xCEDC, 0xCEDB, 0xC6BB, 0xCEDB, 0xCEDB, 0xCEDB, 0xCEDB, 0xCEDB, 0xCEDB, 0xCEDB, 0xCEDB,
  0xD6DB, 0xD6DB, 0xD6FC, 0xDEFC, 0xDEFC, 0xDF1C, 0xDF1C, 0xDF1C, 0xDF1C, 0xDF1C, 0xDF1C, 0xDF1C, 0xDEFC, 0xDEFC, 0xDEFB, 0xDF1C,
  0xBDD7, 0xAD75, 0xAD55, 0xA534, 0xA514, 0x9CF3, 0x9CF3, 0x9CD3, 0x9CD3, 0x9CD3, 0x9CD3, 0x9CD3, 0x9CD3, 0x9CD3, 0x9CD3, 0x9CD3,
  0x94B2, 0x94B2, 0x94B2, 0x94B2, 0x94B2, 0x9CD3, 0x9CD3, 0x9CF3, 0x9CF3, 0x9CF3, 0xA514, 0x9D14, 0x8CF6, 0xA534, 0xA534, 0xAD34,
  0xA556, 0xA555, 0xBDD6, 0x7476, 0x7C95, 0xB5B6, 0x94F7, 0x8496, 0x5C36, 0x4C17, 0x4BD5, 0x4B74, 0x4354, 0x64B8, 0x5414, 0x5414,
  0x85FB, 0x4BF3, 0x2210, 0x2AB5, 0x3379, 0x3BB9, 0x33B9, 0x3338, 0x2275, 0x19D1, 0x116E, 0x110B, 0x08C7, 0x10E7, 0x222D, 0x21ED,
  0x194B, 0x2AB1, 0x2230, 0x2232, 0x32F5, 0x3336, 0x2252, 0x112B, 0x1909, 0x10C6, 0x10A5, 0x10A5, 0x08A6, 0x1109, 0x3292, 0x5C7B,
  0x64FD, 0x43D8, 0x3336, 0x4BF8, 0x43F8, 0x3354, 0x8517, 0xCE9B, 0x94F6, 0x8CB7, 0xC67B, 0xFFFF, 0xFFFF, 0xFFDF, 0xF79E, 0xE73C,
  0xD6BA, 0xCE59, 0xBDD7, 0xAD75, 0x9CF3, 0x8C71, 0x7BEF, 0x6B6D, 0x5AEB, 0x528A, 0x4228, 0x39C7, 0x2965, 0x2124, 0x18C3, 0x10A2,
  0x1082, 0x0881, 0x08C4, 0x18E5, 0x10C5, 0x08C8, 0x196C, 0x3A90, 0x3B34, 0x21EF, 0x194A, 0x31AB, 0x31EC, 0x3A2D, 0x4A8F, 0x52EF,
  0x6391, 0x94D3, 0xA513, 0x9CF3, 0x94B2, 0x8430, 0x422C, 0x320C, 0x5BD5, 0x428F, 0x3A2B, 0x4AAD, 0x5BB2, 0x5393, 0x5311, 0x4AAF,
  0x4AAF, 0x4ACF, 0x4ACF, 0x4AAF, 0x4AAF, 0x42F1, 0x4B33, 0x4B35, 0x4B97, 0x6CBB, 0x755D, 0x64DC, 0x64FD, 0x543A, 0x4BD9, 0x53FA,
  0x4BDA, 0x4BBB, 0x4BBB, 0x43BA, 0x43FA, 0x4BFB, 0x545C, 0x5CFD, 0x64FD, 0x5CDD, 0x5CDF, 0x5CDE, 0x5CBC, 0x64FC, 0x6D5D, 0x655D,
  0x5D3D, 0x653D, 0x655D, 0x657E, 0x653C, 0x5CDB, 0x543A, 0x4BD9, 0x4356, 0x3291, 0x2A0E, 0x2A0E, 0x29ED, 0x29EC, 0x29CC, 0x29AB,
  0x29AA, 0x29AA, 0x29AA, 0x29EC, 0x322F, 0x322F, 0x29ED, 0x29AB, 0x320D, 0x5C17, 0x3A8F, 0x39EA, 0x3A0A, 0x422A, 0x4A6C, 0x52EF,
  0x5B72, 0x6392, 0x6371, 0x6BB2, 0x73F3, 0x7C54, 0x84B5, 0x9537, 0x9D98, 0xADD8, 0xADF8, 0xB5F8, 0xB619, 0xBE39, 0xBE5A, 0xC67B,
  0xC67A, 0xADB8, 0x8495, 0x73D2, 0x6331, 0x52CF, 0x4A8E, 0x4A6D, 0x4A6C, 0x4A8D, 0x4ACE, 0x4AEF, 0x5311, 0x5B73, 0x63D4, 0x6C35,
  0x7496, 0x84F9, 0x8D7A, 0xA61B, 0xB65B, 0xAE3A, 0xAE5C, 0xBEBC, 0xD71C, 0xE75C, 0xE73D, 0xD71D, 0xCEFD, 0xC6DC, 0xC6DC, 0xBEBC,
  0xC6DC, 0xD6FC, 0xE75D, 0xE75E, 0xEF5D, 0xEF5C, 0xEF5D, 0xEF5D, 0xEF5D, 0xEF5D, 0xEF5D, 0xEF5D, 0xEF5D, 0xEF5D, 0xEF5D, 0xEF5D,
  0xEF7D, 0xEF7D, 0xEF7D, 0xEF7D, 0xEF7D, 0xEF7D, 0xEF7D, 0xEF7D, 0xEF7D, 0xEF5D, 0xE75D, 0xE75D, 0xE73C, 0xDF3C, 0xDF3C, 0xDF3C,
  0xDF1C, 0xDF1C, 0xDF1C, 0xD71C, 0xD6FC, 0xD6FC, 0xD6FB, 0xD6FB, 0xD6FC, 0xD6FC, 0xD6FC, 0xD6FC, 0xD6FC, 0xDEFC, 0xDEFC, 0xDEFC,
  0xDF1C, 0xDF1C, 0xDF1C, 0xE71C, 0xE71C, 0xE71C, 0xE73D, 0xE73D, 0xE73C, 0xE73C, 0xE73C, 0xE73C, 0xE73C, 0xE71C, 0xE71C, 0xE71C,
  0xBDF7, 0xB596, 0xAD75, 0xA534, 0xA514, 0x9CF3, 0x9CF3, 0x9CD3, 0x9CD3, 0x9CD3, 0x9CD3, 0x9CD3, 0x9CD3, 0x9CD3, 0x9CD3, 0x9CD3,
  0x94B2, 0x94B2, 0x94B2, 0x94B2, 0x94B2, 0x9CD3, 0x9CD3, 0x9CD3, 0x9CF3, 0x9CF3, 0xA513, 0x9D15, 0x8CF6, 0xA534, 0xA535, 0xAD34,
  0xA556, 0xA576, 0xBD96, 0x8CF5, 0x8496, 0x7C75, 0xAD75, 0x8D17, 0x8CD5, 0x6436, 0x5478, 0x4B74, 0x53B4, 0x4354, 0x75BC, 0x5C55,
  0x21ED, 0x64D8, 0x75BB, 0x5458, 0x3398, 0x3339, 0x3339, 0x2AF7, 0x2AB5, 0x1A12, 0x19B0, 0x198F, 0x2A30, 0x32D2, 0x21CF, 0x220F,
  0x3354, 0x2274, 0x2275, 0x2AD5, 0x2272, 0x19AE, 0x1129, 0x18E8, 0x10C6, 0x10A4, 0x0885, 0x1109, 0x32B2, 0x5CBC, 0x6D3E, 0x4BF9,
  0x3336, 0x43D8, 0x547A, 0x3BB7, 0x4332, 0x8CB4, 0x94D5, 0x7C34, 0xA578, 0xD6DC, 0xFFFF, 0xFFFF, 0xFFFF, 0xF7BE, 0xEF5D, 0xE71C,
  0xD69A, 0xC618, 0xB596, 0x9CF3, 0x8C71, 0x7BCF, 0x6B6D, 0x5AEB, 0x4A69, 0x4208, 0x31A6, 0x2965, 0x2104, 0x18C3, 0x1082, 0x1082,
  0x10A3, 0x10E5, 0x18C5, 0x10C6, 0x114A, 0x29ED, 0x3AB1, 0x2A71, 0x090B, 0x08C8, 0x194A, 0x29CC, 0x4A8C, 0x73AF, 0x7C32, 0x8C73,
  0xA534, 0xA514, 0x94B3, 0x8C30, 0x636F, 0x42F2, 0x4314, 0x322E, 0x5310, 0x3A4B, 0x4AF0, 0x5B93, 0x4B10, 0x4AAE, 0x424C, 0x424B,
  0x4A8D, 0x4ACF, 0x4AD0, 0x4AD0, 0x4AD0, 0x42D0, 0x42D1, 0x4B13, 0x4B35, 0x4B76, 0x6CFB, 0x64BC, 0x5C9C, 0x5C9D, 0x4BD9, 0x4398,
  0x4399, 0x4399, 0x439A, 0x437A, 0x3B99, 0x43DA, 0x4BFC, 0x441D, 0x4C7D, 0x5CDD, 0x5CBD, 0x549D, 0x4C9D, 0x4C7D, 0x547B, 0x5C9B,
  0x64FC, 0x5D1D, 0x54FC, 0x5CDC, 0x5CDD, 0x5CBD, 0x649B, 0x5418, 0x3B76, 0x3B14, 0x3270, 0x2A0D, 0x2A0D, 0x29CD, 0x29ED, 0x29CC,
  0x29CC, 0x29CC, 0x29EC, 0x29EC, 0x2A2E, 0x324F, 0x2A0E, 0x29AB, 0x324D, 0x53D6, 0x31EC, 0x31CA, 0x31EA, 0x3A0B, 0x424D, 0x4AD0,
  0x5332, 0x5B73, 0x63B3, 0x5B52, 0x5B30, 0x6371, 0x6B91, 0x6BB1, 0x73F2, 0x8473, 0x94F5, 0xADB8, 0xB619, 0xB63A, 0xB65A, 0xB63A,
  0xB63A, 0xB619, 0x9516, 0x6BB1, 0x5B30, 0x5B10, 0x52F0, 0x4AD0, 0x4AF0, 0x4AAE, 0x4A6C, 0x52EE, 0x5B30, 0x5B10, 0x5B52, 0x5B93,
  0x63F4, 0x6C35, 0x74B7, 0x853A, 0x95BB, 0xA5FB, 0xAE1A, 0xAE1A, 0xAE7C, 0xC6BD, 0xDF1C, 0xE73C, 0xDF1D, 0xCEFD, 0xC6FD, 0xC6DC,
  0xBEBB, 0xC6BB, 0xD6FC, 0xDF3D, 0xE75D, 0xE75D, 0xE73C, 0xEF3C, 0xEF5C, 0xEF5D, 0xEF5D, 0xEF5D, 0xEF5D, 0xEF5D, 0xEF7D, 0xEF7D,
  0xEF7D, 0xEF7D, 0xEF7D, 0xEF7D, 0xEF7D, 0xEF7D, 0xEF7D, 0xEF7D, 0xEF7D, 0xEF7D, 0xEF7D, 0xEF7D, 0xEF7D, 0xEF7D, 0xEF7D, 0xEF5D,
  0xEF5D, 0xEF5D, 0xE75D, 0xE75D, 0xE73D, 0xE73D, 0xE73D, 0xDF3D, 0xDF3D, 0xDF3C, 0xDF1C, 0xDF1C, 0xDF1C, 0xE73C, 0xE73D, 0xE73D,
  0xE73C, 0xE73C, 0xE73C, 0xE73C, 0xEF5D, 0xEF5D, 0xEF5D, 0xEF5D, 0xEF5D, 0xEF5D, 0xE73C, 0xE75C, 0xE73C, 0xE73C, 0xE73C, 0xE73C,
  0xC618, 0xB5B6, 0xAD75, 0xA534, 0xA514, 0x9CF3, 0x9CF3, 0x9CD3, 0x9CD3, 0x9CD3, 0x9CD3, 0x9CD3, 0x9CD3, 0x9CD3, 0x9CD3, 0x9CD3,
  0x94B2, 0x94B2, 0x94B2, 0x94B2, 0x9CD3, 0x9CD3, 0x9CD3, 0x9CD3, 0x9CF3, 0x9CF3, 0xA513, 0x9D16, 0x9517, 0xA534, 0xA535, 0xAD34,
  0xA556, 0xA577, 0xBDB6, 0x9516, 0x9516, 0x9CF5, 0x6C34, 0x9536, 0x9CF5, 0x8494, 0x6CD8, 0x53F6, 0x63D4, 0x5373, 0x4373, 0x757B,
  0x753A, 0x32D1, 0x2AB1, 0x4375, 0x4BB7, 0x3B77, 0x3318, 0x2B18, 0x2B39, 0x3338, 0x3B57, 0x4397, 0x32F5, 0x2213, 0x3335, 0x43B8,
  0x2AB6, 0x2AB5, 0x2272, 0x19CF, 0x194B, 0x1108, 0x10E7, 0x10A5, 0x0884, 0x1108, 0x32B2, 0x5C7C, 0x651E, 0x4BF9, 0x3336, 0x4BD9,
  0x54BA, 0x4418, 0x3314, 0x3AD0, 0x5B0E, 0x5B30, 0x73F3, 0xA537, 0xC65A, 0xEF9D, 0xF79E, 0xF7BE, 0xF79E, 0xEF5D, 0xE71C, 0xDEDB,
  0xCE59, 0xB5B6, 0xA514, 0x8C71, 0x7BCF, 0x6B4D, 0x5AEB, 0x4A69, 0x4208, 0x31A6, 0x2945, 0x18E4, 0x10A2, 0x1082, 0x10A2, 0x10C5,
  0x18C5, 0x10A5, 0x1128, 0x21AC, 0x2A0D, 0x2A50, 0x198D, 0x10E8, 0x2148, 0x298B, 0x3A2B, 0x630C, 0x73AF, 0x73D1, 0x8451, 0x9CF3,
  0x9CD2, 0x8450, 0x738F, 0x4B10, 0x3B13, 0x6414, 0x73CF, 0x2967, 0x4AAE, 0x6436, 0x4AF1, 0x42AF, 0x428D, 0x426C, 0x422B, 0x422A,
  0x422A, 0x424C, 0x428E, 0x4AB0, 0x4AF1, 0x4AF2, 0x4AF2, 0x42F2, 0x42F2, 0x42F4, 0x4B56, 0x6CBB, 0x541A, 0x545A, 0x541C, 0x3B77,
  0x3B57, 0x3B79, 0x3B59, 0x3B7A, 0x3B7B, 0x3B5A, 0x3B7A, 0x3BBB, 0x43DB, 0x43FC, 0x4C5D, 0x549C, 0x4C3B, 0x43FB, 0x43FB, 0x43FA,
  0x4C19, 0x545A, 0x5CDC, 0x54BC, 0x4C3A, 0x4BF9, 0x4BFA, 0x5439, 0x4BF7, 0x3B14, 0x32B2, 0x3250, 0x2A0D, 0x29CB, 0x21AA, 0x29CC,
  0x29ED, 0x29ED, 0x2A0D, 0x320D, 0x324E, 0x326F, 0x322E, 0x298A, 0x42CF, 0x5373, 0x2989, 0x31CA, 0x39EA, 0x3A2C, 0x42AE, 0x4B11,
  0x5352, 0x5351, 0x5351, 0x5BB3, 0x5372, 0x4AF0, 0x5B10, 0x6B91, 0x7413, 0x7C74, 0x8474, 0x8453, 0x8452, 0x8493, 0x94F5, 0x9D56,
  0xA598, 0xADFA, 0xAE1A, 0x9557, 0x6BB2, 0x5B30, 0x530F, 0x4ACF, 0x4AD0, 0x52F1, 0x52F1, 0x52EE, 0x5B30, 0x6BB3, 0x63B2, 0x6372,
  0x5B92, 0x5B93, 0x6415, 0x6C76, 0x7CF9, 0x855B, 0x95BB, 0x9DBA, 0xA5DA, 0xAE3B, 0xBE7C, 0xCEFD, 0xE73C, 0xE71C, 0xD6FC, 0xCEFD,
  0xC6DC, 0xC6BC, 0xC6BC, 0xCEDC, 0xD6FC, 0xDF3D, 0xE73D, 0xE75D, 0xE75D, 0xEF5D, 0xEF5D, 0xEF5D, 0xEF5D, 0xEF5D, 0xEF7D, 0xEF7D,
  0xEF7D, 0xEF7D, 0xEF7D, 0xEF7D, 0xEF7D, 0xEF7D, 0xEF7D, 0xEF7D, 0xEF7D, 0xEF7D, 0xEF7D, 0xEF7D, 0xEF7D, 0xEF7D, 0xEF7D, 0xEF7D,
  0xEF7D, 0xEF7D, 0xEF7D, 0xEF7D, 0xEF7D, 0xEF7D, 0xEF7D, 0xEF7D, 0xEF5D, 0xEF5D, 0xEF5D, 0xEF5D, 0xEF5D, 0xEF7D, 0xEF7D, 0xEF7D,
  0xEF7D, 0xEF5D, 0xEF5D, 0xEF5D, 0xEF5D, 0xEF7D, 0xEF7D, 0xEF7D, 0xEF5D, 0xEF5D, 0xE73C, 0xEF5D, 0xE73C, 0xE73C, 0xE73C, 0xE73C,
  0xC618, 0xBDD7, 0xB596, 0xAD55, 0xA514, 0x9CF3, 0x9CF3, 0x9CD3, 0x9CD3, 0x9CD3, 0x9CD3, 0x9CD3, 0x9CD3, 0x9CD3, 0x9CD3, 0x9CD3,
  0x9CD3, 0x9CD3, 0x9CD3, 0x9CD3, 0x9CD3, 0x9CD3, 0x9CD3, 0x9CF3, 0x9CF3, 0x9CF4, 0xA513, 0x9536, 0x9537, 0xAD34, 0xA534, 0xAD34,
  0xA576, 0xA597, 0xBDD6, 0xAD77, 0x7C95, 0xBDB5, 0x84B6, 0x6C35, 0x9CF3, 0x9CD2, 0x8493, 0x64D8, 0x5BB6, 0x63D4, 0x9CF3, 0x6436,
  0x5CFA, 0x75DD, 0x6D1A, 0x4BB6, 0x32F3, 0x32B3, 0x32D4, 0x3B37, 0x43B8, 0x43B9, 0x3B37, 0x22D6, 0x3337, 0x4BF8, 0x3B57, 0x2A94,
  0x2A93, 0x2210, 0x196C, 0x192A, 0x1908, 0x10C6, 0x10A4, 0x192A, 0x3272, 0x4C1B, 0x547D, 0x4399, 0x3316, 0x4BF8, 0x5CBB, 0x4BF8,
  0x32D3, 0x2A51, 0x2A10, 0x21AC, 0x3A4C, 0x636F, 0x8452, 0xAD76, 0xD69A, 0xDEFB, 0xE73C, 0xEF5D, 0xEF5D, 0xE71C, 0xDEDB, 0xCE79,
  0xBDF7, 0xA534, 0x8C71, 0x7BCF, 0x6B4D, 0x5ACB, 0x4A69, 0x4208, 0x31A6, 0x2945, 0x18C3, 0x1082, 0x1082, 0x10C3, 0x10C5, 0x10C5,
  0x1108, 0x198C, 0x21AB, 0x21CC, 0x19CD, 0x1109, 0x2127, 0x2989, 0x31CA, 0x4A69, 0x5ACA, 0x5B0D, 0x632F, 0x7BF0, 0x8C51, 0x7C0F,
  0x638E, 0x4AAE, 0x4AF1, 0x63D3, 0x7C10, 0x6B6C, 0x52ED, 0x4312, 0x42F1, 0x5BB4, 0x3A8F, 0x3A2B, 0x422B, 0x3A0A, 0x39E9, 0x4209,
  0x3A09, 0x3A09, 0x3A09, 0x422B, 0x3A6D, 0x42B0, 0x42F2, 0x4313, 0x4333, 0x4313, 0x3AB2, 0x4B55, 0x6459, 0x4377, 0x43DA, 0x43B9,
  0x3316, 0x3337, 0x3338, 0x3339, 0x3B5B, 0x3B5B, 0x3B5A, 0x3B7A, 0x3B7A, 0x3B99, 0x3B7A, 0x3BBA, 0x4C1B, 0x43FA, 0x3378, 0x3B57,
  0x4398, 0x3B98, 0x43B8, 0x4C39, 0x547B, 0x43D8, 0x3335, 0x3AF4, 0x4355, 0x4BB5, 0x3B13, 0x3251, 0x2A2E, 0x29CC, 0x298A, 0x2169,
  0x29CB, 0x320D, 0x29ED, 0x324E, 0x322E, 0x3A4F, 0x322E, 0x2989, 0x5352, 0x42AF, 0x3187, 0x39E9, 0x420A, 0x4A8D, 0x5B31, 0x6BF4,
  0x84B6, 0x7455, 0x4B31, 0x4B31, 0x6414, 0x7496, 0x7476, 0x6C14, 0x63B2, 0x5B50, 0x5B10, 0x5B0F, 0x632F, 0x6B6F, 0x6B8F, 0x73B0,
  0x7BF1, 0x8473, 0x8CF5, 0x9D77, 0x8CF6, 0x63B1, 0x5330, 0x5310, 0x530F, 0x4AEF, 0x5310, 0x5332, 0x5B52, 0x6B92, 0x8454, 0x7434,
  0x7454, 0x7414, 0x5B94, 0x5BD4, 0x6C36, 0x7498, 0x7D1A, 0x8D9C, 0x9D9A, 0xA5B9, 0xAE1A, 0xB65B, 0xC6BD, 0xD71C, 0xE71B, 0xDEFC,
  0xCEFD, 0xCEFD, 0xC6DC, 0xC6BC, 0xC6BB, 0xC6BB, 0xCEDC, 0xDF3D, 0xE75E, 0xEF5D, 0xEF7D, 0xEF7D, 0xEF5D, 0xEF5D, 0xEF7D, 0xEF7D,
  0xEF7D, 0xEF7D, 0xEF7D, 0xEF7D, 0xEF7D, 0xEF7D, 0xEF7D, 0xEF7D, 0xEF7D, 0xEF7D, 0xEF7D, 0xEF7D, 0xEF7D, 0xEF7D, 0xEF7D, 0xEF7D,
  0xEF7D, 0xEF7D, 0xEF7D, 0xEF7D, 0xEF7D, 0xEF7D, 0xEF7D, 0xEF7D, 0xEF5D, 0xEF5D, 0xEF5D, 0xEF5D, 0xEF5D, 0xEF7D, 0xEF7D, 0xEF7D,
  0xEF7D, 0xEF7D, 0xEF7D, 0xEF5D, 0xEF5D, 0xEF5D, 0xEF5D, 0xEF5D, 0xEF5D, 0xEF5D, 0xEF5D, 0xEF5D, 0xEF5D, 0xEF5D, 0xEF5D, 0xEF5D,
  0xC638, 0xBDD7, 0xB596, 0xAD55, 0xA514, 0x9CF3, 0x9CF3, 0x9CD3, 0x9CD3, 0x9CD3, 0x9CD3, 0x9CD3, 0x9CD3, 0x9CD3, 0x9CD3, 0x9CD3,
  0x9CD3, 0x9CD3, 0x9CD3, 0x9CD3, 0x9CD3, 0x9CF3, 0x9CF3, 0x9CF3, 0x9CF3, 0xA514, 0xA514, 0x9D36, 0x9537, 0xA514, 0xA534, 0xAD34,
  0xA556, 0xAD97, 0xB5B6, 0xBDD7, 0x7C95, 0xA535, 0xA556, 0x7C94, 0x63D3, 0x94B3, 0x9CB2, 0x94F5, 0x64D7, 0x4396, 0x6BF4, 0x8C74,
  0x6C77, 0x4BF8, 0x4C39, 0x4C7A, 0x545B, 0x541B, 0x4399, 0x32D6, 0x2213, 0x19D2, 0x2A53, 0x3B56, 0x43B7, 0x2AB4, 0x2A53, 0x2232,
  0x21CF, 0x194C, 0x190A, 0x18E7, 0x10E6, 0x192A, 0x2A32, 0x3B38, 0x3B79, 0x3317, 0x3316, 0x4C19, 0x5CDB, 0x4C18, 0x2AB2, 0x2210,
  0x21EF, 0x218D, 0x1949, 0x18E8, 0x2968, 0x5AEC, 0x8431, 0xAD34, 0xC618, 0xD69A, 0xDEDB, 0xDEDB, 0xDEDB, 0xD6BA, 0xCE79, 0xBDF7,
  0xA534, 0x8C71, 0x7BCF, 0x632C, 0x5ACB, 0x4A49, 0x39E7, 0x31A6, 0x2124, 0x10A2, 0x10A2, 0x10C3, 0x10C4, 0x10C5, 0x1108, 0x21AC,
  0x21CC, 0x196A, 0x116C, 0x094B, 0x10E7, 0x2148, 0x2988, 0x39C8, 0x4208, 0x4229, 0x4A4C, 0x52CB, 0x632C, 0x632D, 0x52CD, 0x322D,
  0x3A4E, 0x6350, 0x7BD0, 0x6B4B, 0x52CB, 0x4B11, 0x3B12, 0x326F, 0x2A0E, 0x3AAF, 0x5310, 0x3188, 0x39C9, 0x39E9, 0x39E8, 0x39E8,
  0x39E8, 0x39C8, 0x39C8, 0x31C8, 0x31C9, 0x31EB, 0x3A2D, 0x3A90, 0x3AD2, 0x42F3, 0x3B14, 0x32B2, 0x4B95, 0x53D7, 0x32F4, 0x3B78,
  0x3B58, 0x32D6, 0x3317, 0x3317, 0x32F8, 0x3319, 0x3359, 0x3B7A, 0x337A, 0x3379, 0x3338, 0x3317, 0x3317, 0x3378, 0x3BB8, 0x3336,
  0x2AB4, 0x32F4, 0x3336, 0x3335, 0x3B56, 0x43D8, 0x43B7, 0x32B2, 0x2A50, 0x3291, 0x4313, 0x3AF3, 0x3250, 0x29ED, 0x29AB, 0x2989,
  0x2168, 0x29AA, 0x320D, 0x320D, 0x3A4E, 0x3A2D, 0x320D, 0x31EA, 0x5BB3, 0x31EA, 0x39C9, 0x4209, 0x422A, 0x5AEE, 0x94F6, 0xB61A,
  0xBE3B, 0x8CF7, 0x7496, 0x7476, 0x63F3, 0x5B92, 0x5BD4, 0x5373, 0x42D0, 0x4ACF, 0x5310, 0x530F, 0x5B0F, 0x5B0E, 0x5B2E, 0x632F,
  0x632E, 0x632E, 0x632E, 0x634F, 0x7412, 0x6BF3, 0x530F, 0x52EF, 0x5311, 0x5332, 0x5351, 0x5331, 0x7414, 0x9D57, 0x94B5, 0xA557,
  0x9D36, 0x9D57, 0xA577, 0x7C75, 0x6C16, 0x6436, 0x6C57, 0x74D9, 0x8D7B, 0x959A, 0x9D99, 0xA5D9, 0xAE3A, 0xBE7C, 0xCEDC, 0xDF1B,
  0xDF3C, 0xD6FD, 0xCF1D, 0xCEFC, 0xC6BB, 0xBE7B, 0xBE7B, 0xCEBB, 0xDF1C, 0xE75D, 0xEF7E, 0xEF7D, 0xEF7D, 0xEF7D, 0xEF7D, 0xEF7D,
  0xEF7D, 0xEF7D, 0xEF7D, 0xEF7D, 0xEF7D, 0xEF7D, 0xEF7D, 0xEF7D, 0xEF7D, 0xEF7D, 0xEF7D, 0xEF7D, 0xEF7D, 0xEF7D, 0xEF7D, 0xEF7D,
  0xEF7D, 0xEF7D, 0xEF7D, 0xEF7D, 0xEF7D, 0xEF7D, 0xEF7D, 0xEF7D, 0xEF5D, 0xEF5D, 0xEF5D, 0xEF5D, 0xEF5D, 0xEF7D, 0xEF7D, 0xEF7D,
  0xEF7D, 0xEF5D, 0xEF5D, 0xEF5D, 0xEF5D, 0xEF5D, 0xEF5D, 0xEF5D, 0xEF5D, 0xEF5D, 0xE73C, 0xE73C, 0xE73C, 0xE73C, 0xE73C, 0xEF5D,
  0xC638, 0xBDD7, 0xB596, 0xAD55, 0xA534, 0x9CF3, 0x9CF3, 0x9CD3, 0x9CD3, 0x9CD3, 0x9CD3, 0x9CD3, 0x9CD3, 0x9CF3, 0x9CF3, 0x9CF3,
  0x9CF3, 0x9CF3, 0x9CF3, 0x9CF3, 0x9CF3, 0x9CF3, 0x9CF3, 0x9CF3, 0x9CF3, 0xA514, 0xA514, 0x9D36, 0x9557, 0xA514, 0xA534, 0xA534,
  0xA556, 0xAD97, 0xB5D7, 0xBDF6, 0x9516, 0x84B4, 0x9D56, 0x9CF3, 0x8C73, 0x63B3, 0x8473, 0x9CD2, 0x7CB6, 0x4B74, 0x6C56, 0x63D4,
  0x7495, 0x94D4, 0x8C93, 0x5353, 0x3293, 0x19CF, 0x118D, 0x198D, 0x2230, 0x3AF3, 0x3AF3, 0x2231, 0x19D0, 0x19D0, 0x21D0, 0x218E,
  0x196C, 0x192A, 0x1909, 0x1929, 0x21AE, 0x2A53, 0x32B5, 0x32D5, 0x3B37, 0x4C1A, 0x5CBC, 0x5439, 0x32D4, 0x2211, 0x2A10, 0x29CF,
  0x216C, 0x192A, 0x1908, 0x1908, 0x18C5, 0x3187, 0x634C, 0x8451, 0xA535, 0xBDF7, 0xC638, 0xCE59, 0xCE59, 0xC618, 0xB5B6, 0xA514,
  0x8C51, 0x7BCF, 0x632C, 0x528A, 0x4A49, 0x39E7, 0x3186, 0x2103, 0x10A2, 0x10C4, 0x18E5, 0x10C7, 0x1108, 0x21AC, 0x220D, 0x116A,
  0x08E8, 0x112A, 0x090A, 0x10E8, 0x2147, 0x2967, 0x31A6, 0x31A7, 0x31C8, 0x39E9, 0x4208, 0x4229, 0x39EA, 0x218A, 0x194B, 0x426D,
  0x6B8E, 0x62EB, 0x4A69, 0x4B0E, 0x4353, 0x2A91, 0x2A0D, 0x3A4D, 0x3A2C, 0x2148, 0x42AE, 0x3A4C, 0x3167, 0x31A8, 0x31A8, 0x31C8,
  0x31A8, 0x31A8, 0x31A7, 0x31A7, 0x31A8, 0x3188, 0x3188, 0x31AA, 0x31CC, 0x322E, 0x3271, 0x32B2, 0x2A93, 0x4BB6, 0x53D6, 0x2A94,
  0x32D5, 0x32D5, 0x2A94, 0x32D7, 0x2AD7, 0x2AD6, 0x2AF6, 0x3318, 0x3359, 0x3B79, 0x3359, 0x3337, 0x32F5, 0x2AB3, 0x2AB3, 0x3315,
  0x3335, 0x3293, 0x2A92, 0x32D3, 0x32D3, 0x32B3, 0x3B15, 0x3B55, 0x3291, 0x29EE, 0x2A0E, 0x3270, 0x3AD2, 0x3250, 0x29ED, 0x29AA,
  0x2988, 0x2988, 0x29EB, 0x3A2D, 0x320C, 0x3A4D, 0x31EB, 0x4AAE, 0x5351, 0x3167, 0x39C9, 0x424B, 0x52CD, 0x73F1, 0xB65A, 0xCEBC,
  0xA598, 0x7414, 0x5B92, 0x4B11, 0x4AF1, 0x4AF1, 0x4AEF, 0x5372, 0x5BB4, 0x5332, 0x4AEF, 0x4AEF, 0x52F0, 0x52F0, 0x52EE, 0x52ED,
  0x530E, 0x5B30, 0x5AED, 0x52AC, 0x5AED, 0x73D1, 0x6B91, 0x5330, 0x5B30, 0x5B71, 0x5B92, 0x5BB3, 0x63B3, 0x9D77, 0xBE5B, 0x9D17,
  0xAD97, 0xA537, 0xA536, 0xBDF7, 0x9D16, 0x7455, 0x63F5, 0x5C36, 0x6C99, 0x7D3B, 0x857B, 0x9D99, 0xA5B8, 0xADD9, 0xAE5C, 0xC6BC,
  0xDF1C, 0xE73D, 0xDF1D, 0xD6FC, 0xCEFC, 0xBE9B, 0xBE7A, 0xBEBB, 0xCEDC, 0xD6FC, 0xE75D, 0xEF7D, 0xEF7E, 0xEF7D, 0xF77D, 0xEF7D,
  0xF79E, 0xF79E, 0xEF7D, 0xEF7D, 0xEF7D, 0xEF7D, 0xEF7D, 0xEF7D, 0xEF7D, 0xEF7D, 0xEF7D, 0xEF7D, 0xEF7D, 0xEF7D, 0xEF7D, 0xEF7D,
  0xEF7D, 0xEF7D, 0xEF7D, 0xEF7D, 0xEF7D, 0xEF7D, 0xEF7D, 0xEF5D, 0xEF5D, 0xEF5D, 0xEF5D, 0xEF5D, 0xEF7D, 0xEF7D, 0xEF7D, 0xEF7D,
  0xEF5D, 0xEF5D, 0xEF5D, 0xEF5D, 0xEF5D, 0xEF5D, 0xEF5D, 0xEF5D, 0xEF5D, 0xEF5D, 0xEF5D, 0xEF5D, 0xE73C, 0xE73C, 0xE73C, 0xEF5D,
  0xCE38, 0xBDD7, 0xB596, 0xAD75, 0xA534, 0xA514, 0x9CF3, 0x9CD3, 0x9CD3, 0x9CD3, 0x9CD3, 0x9CD3, 0x9CF3, 0x9CF3, 0xA4F4, 0xA514,
  0xA514, 0xA514, 0xA514, 0xA514, 0xA514, 0x9CF3, 0x9CF3, 0x9CF3, 0x9CF3, 0xA514, 0xA514, 0x9D36, 0x9557, 0xA514, 0xA534, 0xA534,
  0xA556, 0xA597, 0xBDD6, 0xB5D7, 0xB5B6, 0x7456, 0x8CF5, 0x94D3, 0x9CD3, 0x94B3, 0x6392, 0x8434, 0x8494, 0x6C56, 0x6BB3, 0x7C95,
  0x7496, 0x74D6, 0x7C95, 0x7C74, 0x84D5, 0x63B3, 0x322D, 0x322C, 0x29EB, 0x1949, 0x10E9, 0x190B, 0x192B, 0x194B, 0x192A, 0x190A,
  0x1909, 0x1909, 0x194A, 0x21CE, 0x3274, 0x32D6, 0x3B59, 0x4BFB, 0x5C9B, 0x545A, 0x3B57, 0x2A73, 0x2A31, 0x2A10, 0x21AE, 0x196B,
  0x194A, 0x1929, 0x1928, 0x1908, 0x1908, 0x18E7, 0x31C8, 0x630B, 0x7BEF, 0x94B2, 0xA514, 0xAD55, 0xAD55, 0xA514, 0x9492, 0x8410,
  0x6B8E, 0x5B0C, 0x528A, 0x4228, 0x39C7, 0x2945, 0x18E4, 0x18E5, 0x10E6, 0x08C7, 0x08E9, 0x198C, 0x2A0D, 0x198B, 0x0908, 0x08E9,
  0x090A, 0x0908, 0x1906, 0x2104, 0x2125, 0x2145, 0x2147, 0x2167, 0x2967, 0x2987, 0x2167, 0x1128, 0x10E8, 0x2969, 0x4A6A, 0x5289,
  0x4208, 0x4ACD, 0x4BB4, 0x32F3, 0x19ED, 0x3A2B, 0x52AB, 0x73AF, 0x8C72, 0x530F, 0x29AA, 0x4ACE, 0x2988, 0x2967, 0x2988, 0x3188,
  0x3187, 0x3187, 0x3167, 0x3167, 0x2966, 0x2966, 0x2947, 0x2947, 0x2148, 0x2149, 0x216A, 0x21AC, 0x220E, 0x2210, 0x4334, 0x53D8,
  0x2A93, 0x2253, 0x2A73, 0x2A73, 0x2AB6, 0x2AD7, 0x32F7, 0x2AF7, 0x3316, 0x3337, 0x3358, 0x3338, 0x3316, 0x2AD4, 0x2AB3, 0x2A71,
  0x2A72, 0x32F4, 0x32B3, 0x2A51, 0x2A51, 0x3292, 0x2A71, 0x2A91, 0x3AF4, 0x32D2, 0x2A0F, 0x29CC, 0x320D, 0x3271, 0x324F, 0x31CC,
  0x31AA, 0x3188, 0x29A8, 0x3A4C, 0x3A6E, 0x31EB, 0x3A2B, 0x63D3, 0x4A6C, 0x424A, 0x5B0D, 0x6BB0, 0x7453, 0x84D6, 0xA5D9, 0x9D76,
  0x6350, 0x52CE, 0x52CF, 0x4AF0, 0x4AF1, 0x4B11, 0x5312, 0x4AF0, 0x4B10, 0x5BB3, 0x5393, 0x4B11, 0x4AF0, 0x5310, 0x5331, 0x5311,
  0x52EE, 0x530E, 0x5310, 0x52CE, 0x4A8C, 0x4AAD, 0x6370, 0x6391, 0x5B51, 0x6B71, 0x73F2, 0x7434, 0x6C35, 0x7C96, 0xAE1A, 0xADD9,
  0x6BF4, 0xB5B8, 0x94F5, 0x94B5, 0xB595, 0x94D4, 0x8473, 0x7434, 0x6416, 0x6497, 0x74FC, 0x855B, 0x9578, 0x9D79, 0xA5B8, 0xAE3B,
  0xBE9D, 0xD6FC, 0xEF5D, 0xDF1D, 0xD6FD, 0xCEFC, 0xC6BB, 0xBE9B, 0xBEDC, 0xCEFC, 0xDF1C, 0xE77D, 0xEF7E, 0xEF7D, 0xF79E, 0xF79E,
  0xF79E, 0xF79E, 0xEF7D, 0xEF7D, 0xEF7D, 0xEF7D, 0xEF7D, 0xEF7D, 0xEF7D, 0xEF7D, 0xEF7D, 0xEF7D, 0xEF7D, 0xEF7D, 0xEF7D, 0xEF7D,
  0xEF7D, 0xEF7D, 0xEF7D, 0xEF7D, 0xEF7D, 0xEF7D, 0xEF7D, 0xEF5D, 0xEF5D, 0xEF5D, 0xEF5D, 0xEF5D, 0xEF7D, 0xEF7D, 0xEF7D, 0xEF7D,
  0xEF5D, 0xEF5D, 0xEF5D, 0xEF5D, 0xEF5D, 0xEF5D, 0xEF5D, 0xEF5D, 0xEF5D, 0xEF5D, 0xE73C, 0xE73C, 0xE73C, 0xE73C, 0xE73C, 0xE73C,
  0xDEBA, 0xBDD7, 0xB596, 0xAD75, 0xA534, 0xA514, 0x9CF3, 0x9CF3, 0x9CD3, 0x9CD3, 0x9CD3, 0x9CD3, 0x9CF3, 0xA513, 0xA514, 0xA534,
  0xAD34, 0xAD34, 0xA534, 0xA534, 0xA514, 0xA514, 0x9CF4, 0x9CF3, 0x9CF3, 0x9CF4, 0xA514, 0x9D35, 0x8D57, 0xA514, 0xA534, 0xA534,
  0xAD55, 0xA5B7, 0xBDD7, 0xBDD7, 0xBDD6, 0x94F6, 0x7476, 0x9CD2, 0x94B2, 0x9CD3, 0x9CB2, 0x6BD3, 0x5332, 0x84B5, 0x8D17, 0x5B52,
  0x7C32, 0x94F6, 0x7C94, 0x63B2, 0x5B71, 0x63B3, 0x3A2B, 0x1062, 0x1083, 0x1083, 0x10C4, 0x18E6, 0x1908, 0x192A, 0x194B, 0x216C,
  0x21AF, 0x2A32, 0x3296, 0x3AF8, 0x3B7A, 0x4C19, 0x547A, 0x5479, 0x43D8, 0x3B38, 0x32F6, 0x32D5, 0x2A94, 0x2A73, 0x2A53, 0x3271,
  0x3271, 0x3272, 0x3271, 0x3270, 0x3250, 0x322F, 0x29ED, 0x39E9, 0x52AA, 0x632C, 0x738E, 0x7BCF, 0x7BCF, 0x73AE, 0x6B6D, 0x630C,
  0x5AAB, 0x4A69, 0x41E8, 0x3166, 0x1905, 0x10E7, 0x1108, 0x10C8, 0x10E8, 0x198B, 0x220D, 0x21AB, 0x1109, 0x0909, 0x090A, 0x10E9,
  0x10C6, 0x10A4, 0x10A2, 0x18C4, 0x18E5, 0x18E6, 0x2106, 0x2126, 0x2106, 0x18E7, 0x10E7, 0x2107, 0x3186, 0x31C6, 0x3A09, 0x42CE,
  0x4B94, 0x3355, 0x2270, 0x324C, 0x62EC, 0x7BD0, 0x63D2, 0x6BF3, 0x7C74, 0x9D56, 0x39E8, 0x2189, 0x4ACE, 0x2169, 0x29EB, 0x29CA,
  0x2968, 0x2946, 0x2946, 0x2146, 0x2946, 0x2146, 0x2126, 0x2105, 0x1905, 0x1906, 0x1907, 0x1908, 0x192A, 0x196B, 0x116C, 0x2A4F,
  0x4B74, 0x32D3, 0x2232, 0x2211, 0x2232, 0x2A74, 0x2AB4, 0x2AF6, 0x3357, 0x3357, 0x3315, 0x32F5, 0x3316, 0x2B16, 0x2AB4, 0x2AB3,
  0x2A92, 0x2A10, 0x2A72, 0x32F4, 0x2A71, 0x322F, 0x3271, 0x3271, 0x324F, 0x3AD1, 0x3AF3, 0x324F, 0x29CC, 0x31EC, 0x322E, 0x320E,
  0x31EC, 0x3189, 0x2987, 0x29A8, 0x3A8E, 0x42AE, 0x532F, 0x74B5, 0x5B90, 0x5B4E, 0x52ED, 0x52AC, 0x4A8D, 0x6BD3, 0x9599, 0x73F1,
  0x52CC, 0x52AC, 0x4A8C, 0x428D, 0x4ACF, 0x4B10, 0x4B31, 0x4B32, 0x4B11, 0x4B10, 0x5372, 0x5BD4, 0x5373, 0x5351, 0x5352, 0x5B73,
  0x5393, 0x5331, 0x52F0, 0x5311, 0x52D0, 0x4A6D, 0x4A8E, 0x5B50, 0x5B71, 0x5331, 0x6BB0, 0x7C12, 0x9494, 0x94F7, 0x9DB9, 0xAE1B,
  0x7497, 0x63D4, 0xADB7, 0x8494, 0x8C93, 0x9CD3, 0x8C72, 0x8C93, 0x8C73, 0x7415, 0x5C57, 0x6CBA, 0x7D19, 0x8D15, 0x8D58, 0x9D98,
  0xAE1A, 0xB67C, 0xCEBD, 0xE73D, 0xE71C, 0xD6FC, 0xD6FD, 0xCEDC, 0xC6DC, 0xCEFC, 0xD73D, 0xE77D, 0xF77D, 0xEF7E, 0xF79E, 0xF79E,
  0xF79E, 0xF79E, 0xF79E, 0xEF7D, 0xEF7D, 0xEF7D, 0xF79E, 0xF79E, 0xF79E, 0xF77D, 0xEF7D, 0xEF7D, 0xEF7D, 0xEF7D, 0xEF7D, 0xEF7D,
  0xEF7D, 0xEF7D, 0xEF7D, 0xEF7D, 0xEF7D, 0xEF7D, 0xEF7D, 0xEF5D, 0xEF5D, 0xEF5D, 0xEF5D, 0xEF5D, 0xEF7D, 0xEF7D, 0xEF7D, 0xEF7D,
  0xEF5D, 0xEF5D, 0xEF5D, 0xEF5D, 0xEF5D, 0xEF5D, 0xEF5D, 0xEF5D, 0xEF5D, 0xEF5D, 0xE73C, 0xE73C, 0xE73C, 0xE73C, 0xE73C, 0xE73C,
  0xE73C, 0xCE79, 0xB576, 0xAD75, 0xA534, 0xA514, 0x9CF3, 0x9CF3, 0x9CD3, 0x9CD3, 0x9CD3, 0x9CF3, 0x9CF3, 0xA514, 0xA535, 0xA556,
  0xA597, 0xADD7, 0xB5F8, 0xB5F8, 0xB596, 0xA534, 0xA514, 0x9CF3, 0x9CF3, 0x9D14, 0xA514, 0x9D34, 0x8D78, 0xA514, 0xA534, 0xA555,
  0xB595, 0xADB8, 0xBDF7, 0xBDD7, 0xBDD6, 0xAD96, 0x6C36, 0x8C93, 0x9CB2, 0x94B2, 0x9492, 0x9CD2, 0x6393, 0x5352, 0x9D35, 0x9557,
  0x5B93, 0x6BB2, 0x7435, 0x8472, 0xA4F4, 0x7C13, 0x52CE, 0x10A2, 0x18C3, 0x10C3, 0x18C4, 0x18E6, 0x194A, 0x21AC, 0x2A0F, 0x2A51,
  0x2A93, 0x32F6, 0x4398, 0x545A, 0x64FB, 0x5CFB, 0x547B, 0x4C3B, 0x4C3B, 0x547C, 0x547C, 0x543B, 0x4C3B, 0x4C3B, 0x4C1A, 0x4C19,
  0x4BD8, 0x4376, 0x3B14, 0x32B2, 0x3250, 0x2A0F, 0x21ED, 0x29CC, 0x31EA, 0x4227, 0x4248, 0x5269, 0x528A, 0x5289, 0x4A69, 0x4A28,
  0x41E7, 0x3186, 0x2125, 0x18E7, 0x1109, 0x1129, 0x196B, 0x2A0E, 0x324E, 0x21CB, 0x1129, 0x112A, 0x114B, 0x110A, 0x08A7, 0x0862,
  0x0862, 0x1083, 0x10A4, 0x10C5, 0x10C5, 0x10A5, 0x10C5, 0x10A6, 0x10A6, 0x18E4, 0x2966, 0x31C8, 0x3A4D, 0x4B53, 0x4BF6, 0x3355,
  0x1A50, 0x2A2C, 0x52AB, 0x6B4E, 0x5B50, 0x4B10, 0x4B0F, 0x634F, 0x7390, 0x5B0F, 0x29CC, 0x194B, 0x42D0, 0x426E, 0x2127, 0x2147,
  0x2146, 0x2147, 0x2168, 0x2968, 0x2147, 0x2106, 0x1905, 0x18E5, 0x18E5, 0x18C4, 0x18C4, 0x10C5, 0x10C6, 0x10E7, 0x1909, 0x10E9,
  0x194B, 0x3A90, 0x4312, 0x2A51, 0x19AF, 0x2210, 0x2231, 0x2230, 0x2AB3, 0x3335, 0x3356, 0x3315, 0x2AB3, 0x2AD4, 0x32F5, 0x32D4,
  0x2AB4, 0x3293, 0x3250, 0x2A30, 0x32B2, 0x32B3, 0x322F, 0x2A2F, 0x3270, 0x324F, 0x328F, 0x3B12, 0x3A8F, 0x29CB, 0x29AA, 0x31EC,
  0x320C, 0x3A4C, 0x428D, 0x4AED, 0x4B50, 0x5BB3, 0x5391, 0x530F, 0x39EA, 0x39EA, 0x3A0B, 0x4A4B, 0x52AE, 0x6392, 0x7C96, 0x63B2,
  0x4AAC, 0x4A6A, 0x4A4A, 0x424A, 0x426C, 0x4AAE, 0x4AEF, 0x5351, 0x5373, 0x4B32, 0x4AF0, 0x5351, 0x5BD4, 0x5BD5, 0x5BB4, 0x5BD4,
  0x5BF6, 0x63F6, 0x5BB4, 0x5332, 0x5332, 0x52F1, 0x4AAE, 0x4AAE, 0x5B71, 0x63B2, 0x6371, 0x7BD2, 0x8453, 0x8CB4, 0x9D98, 0xB6BC,
  0x8D38, 0x5BF5, 0x6C36, 0x9D76, 0x73F3, 0x8C92, 0x9471, 0x8432, 0x8453, 0x8C71, 0x73F3, 0x53F6, 0x5C9A, 0x7498, 0x8492, 0x8D38,
  0x95BA, 0xA5FA, 0xB67B, 0xBE9C, 0xDF1C, 0xE71C, 0xDEFC, 0xDF1D, 0xDF1D, 0xD71C, 0xD73D, 0xE77D, 0xF79D, 0xF79E, 0xF79E, 0xF79E,
  0xF79E, 0xF79E, 0xF79E, 0xF79E, 0xEF7D, 0xEF7D, 0xF79E, 0xF79E, 0xF79E, 0xF79E, 0xF79E, 0xEF7D, 0xEF7D, 0xEF7D, 0xEF7D, 0xEF7D,
  0xEF7D, 0xEF7D, 0xEF7D, 0xEF7D, 0xEF7D, 0xEF5D, 0xEF5D, 0xEF5D, 0xEF5D, 0xEF5D, 0xEF5D, 0xEF5D, 0xEF7D, 0xEF7D, 0xEF7D, 0xEF7D,
  0xEF5D, 0xEF5D, 0xEF5D, 0xEF5D, 0xEF5D, 0xEF5D, 0xEF5D, 0xEF5D, 0xEF5D, 0xEF5D, 0xE73C, 0xE73C, 0xE73C, 0xE73C, 0xE73C, 0xE73C,
  0xD6FC, 0xDF1C, 0xC618, 0xAD75, 0xA555, 0xA534, 0xA514, 0x9CF3, 0x9CF3, 0x9CD3, 0x9CD3, 0x9CF3, 0xA4F3, 0x9D55, 0x9578, 0x95DA,
  0xA63A, 0xBE9B, 0xCEDC, 0xC69A, 0xB596, 0xA514, 0xA514, 0xA514, 0xA514, 0xA514, 0xA513, 0xA514, 0x8D78, 0x9D55, 0xAD34, 0xAD55,
  0xB5B6, 0xADB8, 0xB5F8, 0xBDF7, 0xBDD7, 0xAD96, 0x8CB6, 0x6C15, 0x9CB2, 0x94B2, 0x9491, 0x9CD3, 0x7C33, 0x73F4, 0x6392, 0x8C94,
  0xA5B7, 0x7454, 0x63D4, 0x5332, 0x73B2, 0x73F3, 0x52AE, 0x18A4, 0x18C4, 0x18C5, 0x18C5, 0x1907, 0x194A, 0x21AD, 0x2A2F, 0x32D2,
  0x43D5, 0x5C99, 0x6D1B, 0x6D3D, 0x651D, 0x5CFD, 0x5D3D, 0x655E, 0x655E, 0x653E, 0x653E, 0x653D, 0x653D, 0x653D, 0x64FD, 0x5CBC,
  0x545B, 0x4398, 0x32F5, 0x2AB2, 0x3251, 0x3231, 0x3210, 0x2A10, 0x2A30, 0x29ED, 0x29A9, 0x29A7, 0x3187, 0x2987, 0x2967, 0x2127,
  0x1927, 0x2169, 0x218A, 0x21AC, 0x2A2F, 0x3AD2, 0x3AD0, 0x21EB, 0x1129, 0x112A, 0x116B, 0x114B, 0x10E8, 0x0885, 0x0863, 0x10A4,
  0x10C4, 0x10A4, 0x1084, 0x0884, 0x1084, 0x0884, 0x0864, 0x10A4, 0x2146, 0x320B, 0x3AD1, 0x4396, 0x43F7, 0x3314, 0x1A0F, 0x21CB,
  0x3A4A, 0x4A6C, 0x3A6C, 0x21EC, 0x21AB, 0x29AC, 0x21AD, 0x216D, 0x114D, 0x112C, 0x298B, 0x2148, 0x10E6, 0x42AD, 0x29EA, 0x1928,
  0x2169, 0x2147, 0x2127, 0x18E6, 0x18E5, 0x18E5, 0x18C5, 0x18C4, 0x10C4, 0x10C4, 0x10A4, 0x10A4, 0x10A4, 0x10A5, 0x10A5, 0x10C6,
  0x10A7, 0x08A7, 0x196B, 0x3A6F, 0x3AD1, 0x3270, 0x220F, 0x198D, 0x19AE, 0x2230, 0x2AB3, 0x32F5, 0x32F4, 0x32D3, 0x2AB3, 0x32D4,
  0x3315, 0x32F5, 0x32D4, 0x32B3, 0x3251, 0x2A50, 0x32B1, 0x324F, 0x29EE, 0x320E, 0x322E, 0x324F, 0x3AF2, 0x4352, 0x42CF, 0x42EF,
  0x4B10, 0x430F, 0x428D, 0x424B, 0x39E9, 0x420C, 0x4B10, 0x3A4B, 0x3A2B, 0x424B, 0x424C, 0x4A6C, 0x4A8D, 0x5310, 0x5B0F, 0x5310,
  0x5B72, 0x4A6B, 0x4229, 0x422A, 0x422A, 0x4A4B, 0x4A8E, 0x4ACF, 0x5310, 0x5B73, 0x5B93, 0x5351, 0x5B72, 0x63F5, 0x6416, 0x6457,
  0x6457, 0x6458, 0x6C79, 0x6436, 0x5B93, 0x5374, 0x5333, 0x4ACF, 0x4ACE, 0x6392, 0x5B92, 0x6392, 0x7C53, 0x94F5, 0x9D17, 0xA5DA,
  0xBE7B, 0x84D7, 0x5417, 0x6C56, 0x8CB4, 0x6BB2, 0x8C52, 0x840F, 0x7C10, 0x7432, 0x7BEE, 0x63B1, 0x5BB4, 0x5C58, 0x6C36, 0x8451,
  0x8D58, 0x8D9A, 0xA5DA, 0xBE5A, 0xB67C, 0xD6FC, 0xE73C, 0xDF1C, 0xE73D, 0xE75E, 0xDF5D, 0xE77D, 0xF79E, 0xF79E, 0xF79E, 0xF79E,
  0xF79E, 0xF79E, 0xF79E, 0xF79E, 0xEF7D, 0xF79D, 0xEF9E, 0xEF9E, 0xF79D, 0xF77D, 0xF77D, 0xEF7D, 0xEF7D, 0xEF7D, 0xEF7D, 0xEF7D,
  0xEF7D, 0xEF7D, 0xEF7D, 0xEF7D, 0xEF5D, 0xEF5D, 0xEF5D, 0xEF5D, 0xEF5D, 0xEF5D, 0xEF5D, 0xEF5D, 0xEF7D, 0xEF7D, 0xEF7D, 0xEF7D,
  0xEF7D, 0xEF5D, 0xEF5D, 0xEF5D, 0xEF5D, 0xEF5D, 0xEF5D, 0xEF5D, 0xEF5D, 0xEF5D, 0xE73C, 0xE73C, 0xE73C, 0xE73C, 0xE73C, 0xE73C,
  0xBE5A, 0xC6DC, 0xCEDC, 0xB5B7, 0xAD35, 0xA534, 0xA514, 0x9CF3, 0x9CF3, 0x9CD3, 0x9CD3, 0x9CF3, 0x9CF3, 0xA534, 0xA556, 0xA5B7,
  0xB619, 0xC69A, 0xCE7A, 0xAD96, 0xA534, 0xA514, 0xA514, 0xA514, 0xA514, 0xA514, 0x9D34, 0xAD13, 0x9578, 0x9D77, 0xAD74, 0xB596,
  0xBDD7, 0xB5F8, 0xB5F9, 0xC618, 0xC5F7, 0xA576, 0x9D15, 0x8473, 0x7414, 0x9CD2, 0x8C92, 0x94D2, 0x73F3, 0x8474, 0xA514, 0x6BB3,
  0x73F3, 0x9515, 0x9577, 0x7CB7, 0x8494, 0x6BF3, 0x320D, 0x18C6, 0x18E6, 0x1908, 0x1929, 0x216A, 0x29EC, 0x3AAF, 0x4B52, 0x4BB5,
  0x4BB6, 0x43D8, 0x43F9, 0x545C, 0x5CDD, 0x653D, 0x6D7E, 0x6D9E, 0x75BE, 0x75DE, 0x75FE, 0x7DFE, 0x7DDE, 0x75BE, 0x757D, 0x64FC,
  0x5C5A, 0x4B97, 0x3AD4, 0x3271, 0x3230, 0x3230, 0x320F, 0x2A0E, 0x2A0F, 0x29EF, 0x29CD, 0x21AD, 0x218B, 0x21AB, 0x21CC, 0x2A0E,
  0x3230, 0x3250, 0x3291, 0x3AD1, 0x3AB0, 0x21CB, 0x1108, 0x1109, 0x116B, 0x114A, 0x1129, 0x10E8, 0x10C5, 0x10C4, 0x10A4, 0x1083,
  0x0883, 0x0863, 0x0863, 0x0863, 0x0863, 0x10A5, 0x2167, 0x322E, 0x32D3, 0x3356, 0x3B54, 0x2A91, 0x11AD, 0x196B, 0x29C9, 0x29A9,
  0x1969, 0x090B, 0x110B, 0x114D, 0x116F, 0x114E, 0x192D, 0x196D, 0x21AA, 0x39E9, 0x5AEC, 0x3A4C, 0x1128, 0x1928, 0x3A8F, 0x2168,
  0x18C5, 0x18E5, 0x18C5, 0x18C4, 0x18C4, 0x10C4, 0x10C4, 0x10A4, 0x10A4, 0x10A5, 0x10A5, 0x10A4, 0x10A5, 0x10A5, 0x10A5, 0x10A6,
  0x10A5, 0x10C6, 0x10A6, 0x08A6, 0x1969, 0x324E, 0x3AB0, 0x3AAF, 0x326F, 0x324F, 0x3250, 0x2A71, 0x2A92, 0x2AB3, 0x32D3, 0x32D3,
  0x32B3, 0x32F5, 0x3B16, 0x32F5, 0x3AF4, 0x3AF2, 0x3A91, 0x3B12, 0x4332, 0x3AF2, 0x3AF2, 0x4312, 0x42F1, 0x42F0, 0x4B52, 0x426D,
  0x31C9, 0x39E9, 0x39E9, 0x39E9, 0x3A09, 0x420A, 0x4AD0, 0x426D, 0x422B, 0x422B, 0x424B, 0x4A6C, 0x4A6D, 0x4A8D, 0x4AAD, 0x4A8E,
  0x4ACF, 0x5351, 0x424B, 0x4208, 0x4229, 0x422A, 0x424B, 0x428D, 0x4AAF, 0x4AEF, 0x5351, 0x5BB3, 0x5BB4, 0x63D3, 0x6C56, 0x6C97,
  0x6CB9, 0x6CB8, 0x6CB9, 0x6CDA, 0x6C99, 0x5BF6, 0x5B95, 0x5354, 0x4AF0, 0x4AEF, 0x63B4, 0x6393, 0x8474, 0x8CB5, 0xAD77, 0xADF9,
  0xA5DA, 0x9D57, 0x6C76, 0x5438, 0x6416, 0x6BF4, 0x6BB1, 0x83EF, 0x73CF, 0x73D0, 0x63D0, 0x6B4D, 0x636F, 0x5392, 0x4C17, 0x6414,
  0x9491, 0x9D78, 0x8D7A, 0xADD9, 0xBE3A, 0xAE5C, 0xC6DC, 0xDF3D, 0xE73D, 0xEF5E, 0xEF7E, 0xE77E, 0xEF9E, 0xF79E, 0xF79E, 0xF79E,
  0xF79E, 0xF79E, 0xF79E, 0xF79E, 0xEF7D, 0xF79E, 0xEF7E, 0xE75D, 0xEF5D, 0xEF7D, 0xEF7E, 0xEF7E, 0xEF7E, 0xEF7D, 0xEF7D, 0xEF7D,
  0xEF7D, 0xEF7D, 0xEF7D, 0xEF7D, 0xEF5D, 0xEF5D, 0xEF5D, 0xEF5D, 0xEF5D, 0xEF5D, 0xEF5D, 0xEF5D, 0xEF7D, 0xEF7D, 0xEF7D, 0xEF7D,
  0xEF7D, 0xEF5D, 0xEF5D, 0xEF5D, 0xEF5D, 0xEF5D, 0xEF5D, 0xEF5D, 0xEF5D, 0xEF5D, 0xE73C, 0xE73C, 0xE73C, 0xE73C, 0xE73C, 0xE73C,
  0xBDD7, 0xB618, 0xC69B, 0xBE7A, 0xAD75, 0xA534, 0xA514, 0x9CF3, 0x9CF3, 0x9CD3, 0x9CD3, 0x9CF3, 0x9CF3, 0xA514, 0xA514, 0xAD35,
  0xAD55, 0xAD76, 0xAD75, 0xAD34, 0xA534, 0xA514, 0x9CF3, 0x9CF3, 0xA514, 0xA514, 0xA534, 0xAD34, 0xA555, 0x9599, 0xB5B6, 0xB5F7,
  0xC637, 0xC639, 0xADF9, 0xC638, 0xC618, 0xAD97, 0x9D35, 0xA514, 0x7454, 0x7433, 0x9CB2, 0x94D2, 0x7C13, 0x7C54, 0xA534, 0xAD55,
  0x8474, 0x5352, 0x9474, 0x8CF6, 0x9D98, 0x9557, 0x5BF4, 0x3A6F, 0x320D, 0x2A0D, 0x324E, 0x3A4E, 0x324E, 0x322C, 0x21CB, 0x218A,
  0x21AD, 0x2A51, 0x3AF5, 0x4378, 0x4BDB, 0x543C, 0x547C, 0x5CBC, 0x5CDD, 0x5CDD, 0x5CBD, 0x5CBC, 0x5C7B, 0x545B, 0x4BF9, 0x4357,
  0x32B3, 0x3230, 0x320F, 0x29ED, 0x29CD, 0x29CD, 0x29CD, 0x29ED, 0x2A2F, 0x324F, 0x3290, 0x3A91, 0x3AB1, 0x3AB1, 0x3270, 0x2A0F,
  0x322E, 0x326E, 0x322D, 0x218A, 0x1107, 0x192A, 0x198C, 0x196A, 0x1129, 0x10E8, 0x18E6, 0x10C4, 0x08A3, 0x0863, 0x0862, 0x0862,
  0x0862, 0x0862, 0x0884, 0x1927, 0x21CC, 0x2A70, 0x2A92, 0x2AF3, 0x32D2, 0x222E, 0x114C, 0x112B, 0x196B, 0x1949, 0x10EA, 0x090B,
  0x114D, 0x19AE, 0x118F, 0x114D, 0x110B, 0x114C, 0x222F, 0x322D, 0x3A4B, 0x3AAD, 0x3AEF, 0x3AAE, 0x1928, 0x10C6, 0x10C5, 0x322C,
  0x2148, 0x10A4, 0x10C5, 0x10C4, 0x10A4, 0x10A4, 0x10A3, 0x10A3, 0x10A3, 0x10A4, 0x10A4, 0x10C5, 0x10A5, 0x10A6, 0x10A6, 0x10A6,
  0x10A6, 0x10A5, 0x10C6, 0x10C7, 0x18E8, 0x1109, 0x1929, 0x216A, 0x29EC, 0x3A4E, 0x42B0, 0x4B12, 0x4B32, 0x4B54, 0x53B6, 0x5418,
  0x5437, 0x5417, 0x5418, 0x5C39, 0x5438, 0x4BD7, 0x43B5, 0x4354, 0x3AF2, 0x3B11, 0x3AAF, 0x320C, 0x31EC, 0x39EC, 0x3A2C, 0x4AEF,
  0x42AD, 0x420A, 0x422A, 0x422A, 0x424A, 0x422A, 0x4A8D, 0x4AD0, 0x4A4C, 0x424B, 0x424B, 0x424B, 0x4A6C, 0x4A6C, 0x4A6C, 0x4A8D,
  0x426C, 0x4A8D, 0x5331, 0x426B, 0x4228, 0x422A, 0x422A, 0x424A, 0x4A8C, 0x4ACE, 0x4ACF, 0x4B10, 0x5B93, 0x63F5, 0x6435, 0x7496,
  0x74D8, 0x74DA, 0x6CD9, 0x6CD9, 0x74FA, 0x6CDA, 0x6458, 0x5BD6, 0x5B96, 0x4B13, 0x4B31, 0x6BF4, 0x7434, 0xAD96, 0xA557, 0x94F7,
  0xADFA, 0xA558, 0x7434, 0x5417, 0x5438, 0x5BB3, 0x5B92, 0x6BB0, 0x73AE, 0x738E, 0x63B0, 0x636F, 0x6B4C, 0x5B70, 0x4B73, 0x4BD7,
  0x6C36, 0x9CF2, 0xA577, 0x8D9A, 0xB5F8, 0xBE19, 0xAE3B, 0xBEBC, 0xDF3D, 0xE75E, 0xEF7E, 0xEF9E, 0xEF9E, 0xEF7D, 0xEF7E, 0xF79E,
  0xF79E, 0xF79E, 0xEF9D, 0xEF7D, 0xEF7D, 0xF77D, 0xEF7D, 0xE75D, 0xDF3D, 0xDF1C, 0xDF3D, 0xE75D, 0xE75D, 0xEF7D, 0xEF7D, 0xEF7D,
  0xEF7D, 0xEF7D, 0xEF7D, 0xEF7D, 0xEF7D, 0xEF5D, 0xEF5D, 0xEF5D, 0xEF5D, 0xEF5D, 0xEF5D, 0xEF5D, 0xEF7D, 0xEF5D, 0xEF7D, 0xEF7D,
  0xEF7D, 0xEF7D, 0xEF7D, 0xEF5D, 0xEF5D, 0xEF5D, 0xEF5D, 0xEF5D, 0xEF5D, 0xEF5D, 0xE73C, 0xE73C, 0xE73C, 0xE73C, 0xE73C, 0xE73C,
  0xBDB6, 0xB596, 0xADB6, 0xB618, 0xB5D7, 0xA534, 0xA514, 0x9CF3, 0x9CF3, 0x9CD3, 0x9CD3, 0x9CD3, 0x9CD3, 0x9CF3, 0x9CF3, 0xA514,
  0xA514, 0xA534, 0xA534, 0xA534, 0xA514, 0xA514, 0x9CF3, 0x9CF3, 0xA514, 0xA514, 0xA534, 0xAD55, 0xB575, 0x9DB9, 0xA5D9, 0xCE38,
  0xCE79, 0xD69A, 0xB639, 0xC639, 0xCE59, 0xAD97, 0xA556, 0xA515, 0xA513, 0x7435, 0x7C35, 0x9D12, 0x7C52, 0x7C34, 0xA534, 0xA534,
  0xA534, 0x8CB4, 0x63B2, 0x6BB2, 0xA576, 0xA577, 0x7C34, 0x6392, 0x21AC, 0x216A, 0x1949, 0x2129, 0x1929, 0x214A, 0x298C, 0x29AC,
  0x29AC, 0x21CC, 0x29CD, 0x29EE, 0x2A2F, 0x3271, 0x32B2, 0x3AD4, 0x3B15, 0x4356, 0x4378, 0x4398, 0x4397, 0x4377, 0x4336, 0x3AF4,
  0x3AB3, 0x3A92, 0x3A91, 0x3AB1, 0x3AD2, 0x42D2, 0x4313, 0x4313, 0x42F2, 0x42B1, 0x3A6F, 0x29EC, 0x298A, 0x298A, 0x320C, 0x3A6E,
  0x3A4D, 0x21AB, 0x1949, 0x218B, 0x21CC, 0x21AB, 0x1949, 0x18E8, 0x10A5, 0x10A3, 0x1083, 0x1082, 0x0883, 0x10A4, 0x10A4, 0x08C5,
  0x1128, 0x21ED, 0x2A70, 0x2A91, 0x2250, 0x2270, 0x2A6F, 0x21ED, 0x112B, 0x08EA, 0x090A, 0x1108, 0x08E9, 0x090C, 0x196E, 0x196E,
  0x114C, 0x090B, 0x110A, 0x192A, 0x2A0E, 0x3332, 0x2A8D, 0x21EA, 0x220B, 0x29EA, 0x31E9, 0x4248, 0x18E9, 0x10E9, 0x10C7, 0x10E7,
  0x324E, 0x1989, 0x1064, 0x10A4, 0x1084, 0x1064, 0x1083, 0x08A3, 0x10A3, 0x10A3, 0x10A3, 0x10A4, 0x10A5, 0x10A5, 0x10A6, 0x10A6,
  0x10C6, 0x10C6, 0x10C6, 0x10C6, 0x18E7, 0x1928, 0x1949, 0x1929, 0x1908, 0x1909, 0x212A, 0x216B, 0x29AD, 0x29EE, 0x3230, 0x32B2,
  0x3B14, 0x4355, 0x4355, 0x3B55, 0x4376, 0x4377, 0x4336, 0x3AF4, 0x42B2, 0x3A90, 0x3AB1, 0x42F0, 0x426D, 0x3A0C, 0x422B, 0x424C,
  0x5350, 0x5350, 0x4A6B, 0x4A4A, 0x4A4B, 0x4A4B, 0x4A6B, 0x52F0, 0x4ACF, 0x4A8D, 0x528C, 0x528C, 0x422B, 0x4A4C, 0x426C, 0x42AD,
  0x4AAD, 0x4A4C, 0x4A8D, 0x530F, 0x424B, 0x4209, 0x424A, 0x424A, 0x424A, 0x426C, 0x4AAE, 0x4ACF, 0x4AF0, 0x5B51, 0x6415, 0x6C76,
  0x7497, 0x7CF8, 0x751A, 0x6D19, 0x6CF9, 0x751B, 0x751B, 0x6CB9, 0x5C17, 0x5BD8, 0x5375, 0x53B4, 0x6C15, 0x63D5, 0xB5B8, 0xAD97,
  0x7CD6, 0xADF8, 0xAD56, 0x7C76, 0x5479, 0x4C17, 0x4AF0, 0x5331, 0x6BB1, 0x738E, 0x6B4C, 0x5B90, 0x634D, 0x630C, 0x4B30, 0x5394,
  0x4BD7, 0x6C76, 0x9D35, 0xAD97, 0x95BA, 0xB5D8, 0xBE19, 0xB63B, 0xBEBC, 0xD73D, 0xE75E, 0xF79E, 0xF79E, 0xEF7D, 0xE75D, 0xE75D,
  0xEF7E, 0xEF9E, 0xEF7D, 0xEF7D, 0xEF7E, 0xEF7E, 0xEF7D, 0xEF7D, 0xE75D, 0xDF1C, 0xD6FC, 0xCEDB, 0xD6DC, 0xDEFC, 0xDF3D, 0xE75D,
  0xEF7D, 0xEF7D, 0xEF7D, 0xEF7D, 0xEF7D, 0xEF7D, 0xEF7D, 0xEF7D, 0xEF7D, 0xEF7D, 0xEF7D, 0xEF7D, 0xEF7D, 0xEF7D, 0xEF7D, 0xEF7D,
  0xEF7D, 0xEF7D, 0xEF7D, 0xEF7D, 0xEF7D, 0xEF7D, 0xEF7D, 0xEF5D, 0xEF5D, 0xEF5D, 0xE73C, 0xE73C, 0xE73C, 0xE73C, 0xE73C, 0xE73C,
  0xBDD7, 0xB5B6, 0xAD75, 0xAD55, 0xAD75, 0xA534, 0xA514, 0x9CF3, 0x9CD3, 0x9CD3, 0x9CD3, 0x9CD3, 0x9CD3, 0x9CD3, 0x9CD3, 0x9CF3,
  0x9CF3, 0xA514, 0xA514, 0xA514, 0x9CF3, 0x9CF3, 0x9CF3, 0x9CF3, 0x9CF3, 0xA514, 0xA534, 0xAD75, 0xB5B6, 0xBDF8, 0x9E1A, 0xAE3B,
  0xDEBA, 0xDEDB, 0xD67A, 0xB619, 0xD699, 0xADB8, 0xAD76, 0xAD54, 0xA514, 0xA4F4, 0x7434, 0x7C35, 0x8C74, 0x7434, 0xA534, 0xAD54,
  0x9CF4, 0xA555, 0xAD94, 0x7C14, 0x6BB2, 0x7CB6, 0x6BF3, 0x5B73, 0x2A30, 0x29EE, 0x29CD, 0x21AB, 0x21AB, 0x298A, 0x29AB, 0x29CD,
  0x31EE, 0x3210, 0x3231, 0x3252, 0x3252, 0x3272, 0x3271, 0x3270, 0x3250, 0x3270, 0x3A91, 0x3AD2, 0x3AF2, 0x42F2, 0x4313, 0x4313,
  0x4B33, 0x4313, 0x4313, 0x42D2, 0x42B1, 0x3A4F, 0x322D, 0x31CB, 0x296A, 0x2148, 0x2169, 0x29CB, 0x3A6D, 0x428E, 0x3A2D, 0x29AC,
  0x21AC, 0x29ED, 0x2A0D, 0x21AC, 0x1949, 0x1928, 0x18E7, 0x18A4, 0x1083, 0x1083, 0x0883, 0x0863, 0x10A5, 0x1949, 0x220E, 0x2A91,
  0x2A92, 0x2230, 0x19CE, 0x220E, 0x2A4E, 0x21EE, 0x114C, 0x08CA, 0x08C9, 0x08C9, 0x08C9, 0x08E9, 0x10EA, 0x08E9, 0x08C8, 0x08EA,
  0x114B, 0x21CE, 0x2A6F, 0x2A8E, 0x2A2B, 0x1947, 0x1905, 0x1946, 0x1925, 0x2104, 0x3186, 0x4228, 0x2149, 0x10C9, 0x18E9, 0x10CA,
  0x10EA, 0x2A4F, 0x2A2F, 0x110A, 0x10E9, 0x1109, 0x10E7, 0x10C5, 0x1084, 0x1064, 0x0863, 0x1083, 0x10A4, 0x10A4, 0x10C4, 0x10C5,
  0x10C5, 0x18C6, 0x18C6, 0x18E6, 0x1906, 0x1927, 0x1928, 0x2148, 0x2148, 0x2148, 0x2148, 0x2149, 0x216B, 0x298C, 0x29CD, 0x320F,
  0x3251, 0x3A93, 0x3AD4, 0x4335, 0x4355, 0x4376, 0x4BB7, 0x4BB8, 0x4B76, 0x4314, 0x42D2, 0x42B1, 0x4AF0, 0x42EF, 0x422C, 0x422B,
  0x4A6C, 0x5350, 0x63D2, 0x5B4F, 0x52AD, 0x528B, 0x4A6B, 0x52CF, 0x5311, 0x52CE, 0x52CE, 0x8C72, 0x73B0, 0x426B, 0x424B, 0x4A6C,
  0x4ACF, 0x4AAE, 0x4A6C, 0x4A6D, 0x52CE, 0x424A, 0x4229, 0x424A, 0x4A4B, 0x4A4B, 0x4A6C, 0x4A8C, 0x4ACE, 0x52EF, 0x5310, 0x5BB3,
  0x6C56, 0x74B7, 0x8519, 0x855A, 0x751A, 0x6CFA, 0x753B, 0x753C, 0x6CFA, 0x6478, 0x5C19, 0x53D8, 0x6C56, 0x6C15, 0x7496, 0x9D16,
  0xAD76, 0x84D6, 0x94F5, 0xAD54, 0x7496, 0x549A, 0x4B95, 0x3A4F, 0x636F, 0x6BF1, 0x636E, 0x5B2C, 0x6391, 0x632B, 0x530E, 0x5352,
  0x5BD3, 0x5C16, 0x7C96, 0xA536, 0xB5B7, 0xA5D9, 0xC5F7, 0xC659, 0xBE7B, 0xC6BC, 0xCEFD, 0xE75E, 0xF79E, 0xEFBE, 0xDF5D, 0xD71D,
  0xD71D, 0xDF1D, 0xE75D, 0xEF7E, 0xEF7D, 0xF77D, 0xF77D, 0xF77E, 0xEF7D, 0xE75D, 0xDF1C, 0xCEDC, 0xC69B, 0xC69B, 0xC69B, 0xCEDB,
  0xDF1C, 0xE73D, 0xEF5D, 0xEF7D, 0xEF7D, 0xEF7D, 0xEF5D, 0xEF5D, 0xEF7D, 0xEF7D, 0xEF7D, 0xEF7D, 0xEF7D, 0xEF7D, 0xEF7D, 0xEF7D,
  0xEF7D, 0xEF7D, 0xEF7D, 0xEF7D, 0xEF7D, 0xEF7D, 0xEF7D, 0xEF7D, 0xEF5D, 0xEF5D, 0xEF5D, 0xEF5D, 0xEF5D, 0xE73C, 0xE73C, 0xE73C,
  0xBDF7, 0xB5B6, 0xAD96, 0xAD55, 0xA534, 0xA534, 0xA514, 0x9CF3, 0x9CD3, 0x9CD3, 0x9CD3, 0x9CD3, 0x94B2, 0x94B2, 0x94B2, 0x9CD3,
  0x9CD3, 0x9CD3, 0x9CD3, 0x9CF3, 0x9CF3, 0x9CF3, 0x9CF3, 0x9CF3, 0x9CF3, 0xA514, 0xA534, 0xB596, 0xBDF7, 0xCE38, 0xCE7A, 0xAE5B,
  0xA65C, 0xBE9C, 0xD6DB, 0xBE3A, 0xC65A, 0xB5F9, 0xB595, 0xB554, 0xAD34, 0xAD14, 0xA533, 0x8474, 0x6BF4, 0x7434, 0xAD54, 0xA515,
  0x8C95, 0x8495, 0x7C34, 0x6C14, 0x73F3, 0x6393, 0x4334, 0x7C76, 0x5B92, 0x2AB1, 0x2A0F, 0x29ED, 0x29CC, 0x29AB, 0x29AA, 0x29AB,
  0x29AB, 0x29AC, 0x29CD, 0x320E, 0x322F, 0x3A51, 0x3A92, 0x3AB3, 0x42D3, 0x42F3, 0x42F3, 0x42F2, 0x42D2, 0x3AD2, 0x3AB1, 0x4270,
  0x3A4F, 0x320D, 0x31EC, 0x31EB, 0x31CB, 0x2989, 0x2148, 0x2147, 0x31AA, 0x3A6D, 0x4ACF, 0x428F, 0x320C, 0x29CC, 0x2A0D, 0x324E,
  0x324E, 0x29CC, 0x2169, 0x1929, 0x2128, 0x18E7, 0x10E5, 0x10C5, 0x10A5, 0x08A6, 0x1108, 0x21AC, 0x2A4F, 0x2A90, 0x222F, 0x118C,
  0x118B, 0x222D, 0x3270, 0x220F, 0x114C, 0x08C9, 0x08C9, 0x08A8, 0x08A7, 0x08A7, 0x08A7, 0x08A7, 0x00A8, 0x090B, 0x19AF, 0x1A0F,
  0x2A8F, 0x2B11, 0x2A4D, 0x1905, 0x18C3, 0x1925, 0x1905, 0x10A3, 0x10A2, 0x18E3, 0x2104, 0x3165, 0x2104, 0x0843, 0x0883, 0x0884,
  0x0884, 0x0843, 0x1969, 0x2A2E, 0x196B, 0x10E8, 0x194B, 0x218D, 0x21CD, 0x19CD, 0x19AC, 0x194A, 0x18E7, 0x10A5, 0x1084, 0x10A4,
  0x10C4, 0x18E5, 0x18E6, 0x1906, 0x1926, 0x2127, 0x2148, 0x2149, 0x2169, 0x2148, 0x2147, 0x2947, 0x2968, 0x2989, 0x29AB, 0x31ED,
  0x320F, 0x3A50, 0x3A71, 0x42B3, 0x4314, 0x4B76, 0x4B96, 0x4B96, 0x53D7, 0x53B8, 0x4B76, 0x4313, 0x42B1, 0x4AD1, 0x4B30, 0x4AAE,
  0x4A2B, 0x424B, 0x4ACD, 0x63F2, 0x6BD1, 0x6BB0, 0x636F, 0x5B0F, 0x5B31, 0x530F, 0x52AE, 0x7391, 0xA535, 0x8C93, 0x52CE, 0x424B,
  0x4A6B, 0x5330, 0x4ACF, 0x4A6D, 0x4A6C, 0x4AAD, 0x424A, 0x4A29, 0x4A4B, 0x4A4B, 0x4A4C, 0x4A8D, 0x4AAE, 0x530F, 0x530F, 0x52CF,
  0x5331, 0x6C56, 0x7CF8, 0x8539, 0x8D9B, 0x7D3A, 0x6CFA, 0x753B, 0x755C, 0x751B, 0x6CB9, 0x5C3B, 0x643A, 0x74D9, 0x7C76, 0x8495,
  0x8474, 0x9CF5, 0x6C14, 0x8453, 0x94B3, 0x5499, 0x5479, 0x3AB1, 0x42AE, 0x73AE, 0x63D0, 0x634E, 0x638F, 0x636F, 0x5AEB, 0x5350,
  0x6BB2, 0x7435, 0x8496, 0x8CF7, 0xA556, 0xB5D7, 0xB619, 0xC638, 0xD69A, 0xD6DB, 0xCEDC, 0xC6DD, 0xDF3E, 0xEF9E, 0xEF7D, 0xD73D,
  0xC6DC, 0xBEDC, 0xC6DC, 0xCF1D, 0xDF3D, 0xE75D, 0xEF7D, 0xEF7D, 0xF77D, 0xEF7E, 0xEF5D, 0xDF1C, 0xCEDC, 0xBE9B, 0xBE7A, 0xBE5A,
  0xBE7B, 0xC69B, 0xD6DB, 0xE73C, 0xEF5D, 0xEF7D, 0xEF7D, 0xEF7D, 0xEF7D, 0xEF7D, 0xEF7D, 0xEF7D, 0xEF7D, 0xEF7D, 0xEF7D, 0xEF7D,
  0xEF7D, 0xEF7D, 0xEF7D, 0xEF7D, 0xEF7D, 0xEF7D, 0xEF7D, 0xEF7D, 0xEF5D, 0xEF5D, 0xEF5D, 0xEF5D, 0xEF5D, 0xEF5D, 0xE73C, 0xE73C,
  0xC638, 0xBDD7, 0xB596, 0xAD75, 0xAD55, 0xA534, 0xA514, 0xA514, 0x9CF3, 0x9CF3, 0x9CF3, 0x9CD3, 0x94B2, 0x94B2, 0x94B2, 0x94B2,
  0x94B2, 0x9CD3, 0x9CD3, 0x9CD3, 0x9CD3, 0x9CD3, 0x9CF3, 0x9CF3, 0x9CF3, 0xA514, 0xAD55, 0xB5B6, 0xC618, 0xCE59, 0xD69A, 0xDEDA,
  0xCEBB, 0xAE7B, 0xA63B, 0x9E3C, 0x8DBA, 0x9579, 0x9D78, 0x9537, 0x9517, 0x8CF6, 0x84D5, 0x84B5, 0x6416, 0x4375, 0x6415, 0x7C54,
  0x7414, 0x8474, 0x8C95, 0x8CB6, 0xA577, 0xB619, 0x8CD6, 0x5353, 0x6BF4, 0x5372, 0x32B1, 0x2A2E, 0x320D, 0x31CC, 0x29CB, 0x29CC,
  0x29CB, 0x31CD, 0x31EE, 0x31EE, 0x320E, 0x320E, 0x31EE, 0x31ED, 0x31EE, 0x320E, 0x322D, 0x322D, 0x31EC, 0x29AA, 0x2167, 0x2167,
  0x2968, 0x2967, 0x2946, 0x2146, 0x2927, 0x3168, 0x39EA, 0x428D, 0x42CF, 0x3A2D, 0x31ED, 0x320E, 0x328F, 0x3AAF, 0x324E, 0x29CB,
  0x216A, 0x2169, 0x2148, 0x2128, 0x1907, 0x18E6, 0x18E7, 0x1928, 0x21AB, 0x2A2E, 0x324F, 0x29ED, 0x118B, 0x1129, 0x198A, 0x324E,
  0x3AB1, 0x220F, 0x110A, 0x08C8, 0x08A7, 0x08A8, 0x0887, 0x0085, 0x0886, 0x08A7, 0x08E8, 0x112B, 0x19AE, 0x21EE, 0x19A9, 0x2A2C,
  0x2A8F, 0x2168, 0x18E4, 0x1966, 0x1946, 0x10A2, 0x0840, 0x0841, 0x10A3, 0x1904, 0x2187, 0x2A2A, 0x324C, 0x198A, 0x10E8, 0x10E8,
  0x10C8, 0x10E8, 0x10C6, 0x1108, 0x29EC, 0x21AB, 0x10C5, 0x0884, 0x10A6, 0x1928, 0x218B, 0x2A0E, 0x3250, 0x3270, 0x2A4F, 0x21CC,
  0x2149, 0x1907, 0x18E6, 0x1905, 0x2126, 0x2147, 0x2168, 0x2168, 0x2989, 0x298A, 0x2989, 0x2988, 0x2988, 0x2989, 0x29A9, 0x31CB,
  0x31EC, 0x3A0D, 0x3A2E, 0x3A2F, 0x4271, 0x42F3, 0x4B55, 0x53B6, 0x53D6, 0x53D7, 0x53D7, 0x53B7, 0x4B55, 0x4AF1, 0x4AB1, 0x5311,
  0x4B2F, 0x4A8C, 0x4A2A, 0x4A8C, 0x5B70, 0x6390, 0x7412, 0x8474, 0x7C55, 0x6BB2, 0x5B2F, 0x52EF, 0x73F3, 0x8C94, 0x8474, 0x6B70,
  0x528B, 0x4A6C, 0x5351, 0x4AEF, 0x4A8D, 0x428C, 0x426B, 0x422A, 0x422A, 0x4A4B, 0x4A8C, 0x428C, 0x4A6D, 0x4A8E, 0x5310, 0x5B72,
  0x5310, 0x4AEF, 0x63F4, 0x7D19, 0x8539, 0x959A, 0x8D9B, 0x74F9, 0x751B, 0x753C, 0x755C, 0x6D1C, 0x649C, 0x649C, 0x5C98, 0x6C15,
  0x7C34, 0x6C13, 0x8CB4, 0x6BD3, 0x73F1, 0x7C75, 0x4CBB, 0x4396, 0x2A10, 0x6B6F, 0x736D, 0x638F, 0x63B0, 0x63B0, 0x632C, 0x5B4F,
  0x6BF2, 0x7C74, 0x84F6, 0x9D35, 0xA557, 0xADB7, 0xBE18, 0xC639, 0xD699, 0xDEDB, 0xDEFC, 0xD6FC, 0xC6DD, 0xCF1D, 0xE75D, 0xE75D,
  0xCEFC, 0xB69C, 0xAE7B, 0xB69C, 0xBEBC, 0xCEFC, 0xD71D, 0xDF3D, 0xE77D, 0xEF7D, 0xEF7D, 0xE75D, 0xDF1C, 0xCEDC, 0xC6BB, 0xBE7A,
  0xB65A, 0xB63A, 0xB63A, 0xBE7A, 0xCEBB, 0xDF1C, 0xE75D, 0xEF7D, 0xF77D, 0xF77D, 0xEF7D, 0xEF7D, 0xEF7D, 0xEF7D, 0xEF7D, 0xEF7D,
  0xEF7D, 0xEF7D, 0xEF7D, 0xEF7D, 0xEF7D, 0xEF7D, 0xEF7D, 0xEF7D, 0xEF5D, 0xEF5D, 0xEF5D, 0xEF5D, 0xEF5D, 0xEF5D, 0xEF5D, 0xE73C,
  0xCE59, 0xBDF7, 0xBDD7, 0xB596, 0xAD75, 0xAD55, 0xA534, 0xA514, 0xA514, 0x9CF3, 0xA514, 0x9D14, 0x9CF3, 0x94B2, 0x94B2, 0x94B2,
  0x94B2, 0x94B2, 0x9CD3, 0x9CD3, 0x9CD3, 0x9CD3, 0x9CF3, 0xA514, 0xA514, 0xAD55, 0xB596, 0xBDD7, 0xC638, 0xCE59, 0xD69A, 0xD6BA,
  0xDEBA, 0xDEBA, 0xD6BA, 0xC67A, 0xB63A, 0x8538, 0x8538, 0x9537, 0x9516, 0x8CF6, 0x8CD6, 0x8CB5, 0x9CF4, 0x7455, 0x6C15, 0x8496,
  0x9D35, 0xAD95, 0x9535, 0x94D6, 0xB5B7, 0xC638, 0xBE18, 0x5B72, 0x7455, 0x4B32, 0x7434, 0x42CF, 0x326F, 0x326F, 0x320D, 0x31CB,
  0x29A9, 0x2989, 0x29A9, 0x29CA, 0x31ED, 0x320E, 0x3A0F, 0x320E, 0x320D, 0x31EC, 0x31CC, 0x31AB, 0x31AB, 0x318A, 0x2989, 0x2968,
  0x2947, 0x2967, 0x31A8, 0x3A0B, 0x42AE, 0x3AAE, 0x3A6E, 0x320E, 0x320E, 0x3A90, 0x42F2, 0x42F1, 0x326E, 0x29EC, 0x29AA, 0x298A,
  0x2189, 0x2169, 0x2149, 0x1949, 0x196A, 0x21AC, 0x2A0E, 0x2A2E, 0x29EC, 0x196A, 0x1108, 0x1149, 0x220D, 0x3AB0, 0x3290, 0x19AD,
  0x08E8, 0x08A6, 0x10C7, 0x10A8, 0x0887, 0x0086, 0x0086, 0x08A7, 0x08C8, 0x110B, 0x114B, 0x198B, 0x1906, 0x1904, 0x29EB, 0x21CA,
  0x1925, 0x2125, 0x2146, 0x18C3, 0x10A2, 0x10E5, 0x1947, 0x1989, 0x21EA, 0x222B, 0x326B, 0x428C, 0x4A6A, 0x1947, 0x10C9, 0x10C7,
  0x10A6, 0x10A6, 0x10C6, 0x10A5, 0x1085, 0x1948, 0x29EC, 0x21CB, 0x1948, 0x18A4, 0x10A4, 0x10A5, 0x18E6, 0x2148, 0x29CC, 0x326F,
  0x3AD2, 0x3AD1, 0x3A8F, 0x29EC, 0x2189, 0x2147, 0x2167, 0x2968, 0x2989, 0x31CA, 0x31EB, 0x31EB, 0x29CA, 0x31A9, 0x31A9, 0x31C9,
  0x39EA, 0x3A0C, 0x3A2D, 0x3A2D, 0x3A2E, 0x424F, 0x42B0, 0x4B13, 0x5396, 0x53D7, 0x53D6, 0x53D6, 0x53B7, 0x5396, 0x4B32, 0x4AB0,
  0x4AD0, 0x5331, 0x52EE, 0x4A4B, 0x4A6B, 0x5B2F, 0x5B0E, 0x636E, 0x8495, 0x9558, 0x94F5, 0x7412, 0x8C93, 0x94D4, 0x6BD3, 0x6BD4,
  0x73F2, 0x5ACD, 0x4AAD, 0x5B92, 0x4AEF, 0x4AAD, 0x428C, 0x424B, 0x4A4A, 0x422A, 0x424B, 0x52CE, 0x530F, 0x4AAE, 0x424D, 0x4AEF,
  0x63B3, 0x63B3, 0x52F0, 0x5B93, 0x7CF9, 0x8539, 0x8D7A, 0x95DC, 0x7D3B, 0x74FA, 0x753C, 0x7D7E, 0x755D, 0x6CFD, 0x64BE, 0x74B8,
  0x73F4, 0x6BD3, 0x5BF4, 0x8C92, 0x6392, 0x5B71, 0x5C98, 0x4C9A, 0x32B2, 0x4AAF, 0x73AE, 0x634C, 0x6B6E, 0x6433, 0x63B0, 0x736E,
  0x7413, 0x8CB4, 0x94F5, 0x9D77, 0xB5B7, 0xBDD7, 0xC617, 0xC638, 0xCE79, 0xD6BA, 0xDEFB, 0xE71C, 0xD6FC, 0xCEBC, 0xCEDC, 0xD73D,
  0xDF5E, 0xCEFD, 0xAE7C, 0xA63B, 0xA65B, 0xAE7C, 0xB69C, 0xBEBC, 0xCEFC, 0xD71D, 0xE73D, 0xE75D, 0xDF3C, 0xDEFC, 0xD6DC, 0xCEBB,
  0xC69B, 0xB65A, 0xB63A, 0xB619, 0xAE19, 0xB639, 0xC69A, 0xD6FC, 0xDF3D, 0xEF7D, 0xF77D, 0xF77D, 0xEF7D, 0xEF7D, 0xEF7D, 0xEF7D,
  0xEF7D, 0xEF7D, 0xEF7D, 0xEF7D, 0xEF7D, 0xEF7D, 0xEF7D, 0xEF7D, 0xEF7D, 0xEF5D, 0xEF5D, 0xEF5D, 0xEF5D, 0xEF5D, 0xEF5D, 0xEF5D,
  0xCE79, 0xC638, 0xBDF7, 0xBDD7, 0xB5B6, 0xAD75, 0xAD55, 0xA534, 0xA514, 0x9CF3, 0x9CF3, 0x9D14, 0xA534, 0x9D34, 0x94D3, 0x94B2,
  0x94B2, 0x94B2, 0x94D2, 0x9CD3, 0x9CD3, 0x9CF3, 0x9CF3, 0xA514, 0xAD55, 0xAD75, 0xB5B6, 0xBDF7, 0xC638, 0xCE59, 0xCE79, 0xD699,
  0xD69A, 0xCE9A, 0xD679, 0xCE79, 0xCE58, 0xAD97, 0x9515, 0x9D15, 0x9D35, 0xA555, 0xAD34, 0xA534, 0xAD34, 0x84D5, 0x8CD7, 0x7CB5,
  0x6416, 0x8476, 0xA556, 0xA597, 0xC637, 0xC639, 0xCE7A, 0x7434, 0xA556, 0x73D2, 0x5352, 0x6371, 0x2189, 0x320C, 0x326F, 0x3A8F,
  0x3A6F, 0x3A4E, 0x322E, 0x322E, 0x320E, 0x320E, 0x320E, 0x322F, 0x322F, 0x3A50, 0x3A50, 0x3A4F, 0x3A8F, 0x428F, 0x428E, 0x42CD,
  0x4AEE, 0x4AEF, 0x428F, 0x428F, 0x3A70, 0x3A70, 0x42D1, 0x4B33, 0x4B33, 0x3AD0, 0x3A6E, 0x322D, 0x2A0B, 0x29EB, 0x29CB, 0x29AB,
  0x29AB, 0x298B, 0x29AD, 0x29ED, 0x2A0E, 0x29EC, 0x218A, 0x1129, 0x1949, 0x21EC, 0x3AD0, 0x4313, 0x3290, 0x198C, 0x10E8, 0x10C6,
  0x1907, 0x10E8, 0x08A7, 0x0886, 0x0866, 0x0886, 0x0886, 0x08A7, 0x10E8, 0x1906, 0x1904, 0x18A2, 0x1106, 0x226E, 0x222B, 0x19A9,
  0x220C, 0x19CA, 0x19CC, 0x222E, 0x2291, 0x2291, 0x1A50, 0x19EE, 0x19AB, 0x196A, 0x218A, 0x21AA, 0x29AA, 0x1949, 0x110A, 0x110A,
  0x10E9, 0x10E8, 0x1108, 0x1108, 0x1928, 0x1907, 0x1907, 0x2189, 0x29EC, 0x220D, 0x29AB, 0x1949, 0x1927, 0x1907, 0x1907, 0x2107,
  0x2168, 0x29CB, 0x324F, 0x3AD1, 0x3AF2, 0x3AB1, 0x3A2E, 0x31EB, 0x29A9, 0x31AA, 0x31EB, 0x3A0C, 0x3A2C, 0x3A0C, 0x39EB, 0x39CA,
  0x39EA, 0x3A0A, 0x3A2C, 0x3A4D, 0x424E, 0x424E, 0x424E, 0x428E, 0x4AD1, 0x4B55, 0x53B7, 0x5BF7, 0x5BF7, 0x53B7, 0x5396, 0x5354,
  0x4AD0, 0x428E, 0x52F0, 0x5350, 0x4ACC, 0x4A6B, 0x532E, 0x5B0E, 0x5AAC, 0x73F3, 0x94D5, 0xA598, 0xA597, 0xC659, 0xA577, 0x6BF3,
  0x6BD3, 0x7C32, 0x632F, 0x52CF, 0x63B3, 0x5310, 0x52CF, 0x4A6C, 0x4A8C, 0x6B4E, 0x52CC, 0x422A, 0x424D, 0x5351, 0x5B51, 0x4A8D,
  0x426D, 0x5B72, 0x6415, 0x5B51, 0x5331, 0x7477, 0x7D39, 0x8539, 0x9DFC, 0x8D9B, 0x7D1B, 0x6D1C, 0x759F, 0x759E, 0x6D3D, 0x6D1E,
  0x7C96, 0x63B2, 0x6BB2, 0x63D3, 0x8431, 0x5B50, 0x5373, 0x54DC, 0x5C36, 0x326F, 0x5B0F, 0x738E, 0x6B6D, 0x6BB0, 0x7473, 0x7C10,
  0x7C32, 0x9CF5, 0xA556, 0xAD97, 0xB5B7, 0xBDF7, 0xC617, 0xC638, 0xCE79, 0xD6BA, 0xDEDB, 0xDEFB, 0xDEFB, 0xDEDB, 0xCEBC, 0xC6BC,
  0xCEFD, 0xD73D, 0xC6FD, 0xAE7C, 0x9E3B, 0x9E1B, 0x9E3B, 0xA65B, 0xAE7C, 0xBE9C, 0xC6DC, 0xD6FC, 0xDF1C, 0xDF1C, 0xDF1C, 0xD6FC,
  0xCEBB, 0xC6BB, 0xBE9B, 0xBE5A, 0xB63A, 0xADF9, 0xADF9, 0xB619, 0xBE5A, 0xC69B, 0xDF1C, 0xE75D, 0xEF7D, 0xEF7D, 0xEF7D, 0xEF7D,
  0xEF7D, 0xEF7D, 0xEF7D, 0xEF7D, 0xEF7D, 0xEF7D, 0xEF7D, 0xEF7D, 0xEF7D, 0xEF5D, 0xEF5D, 0xEF5D, 0xEF5D, 0xEF5D, 0xEF5D, 0xEF5D,
  0xE71C, 0xD6BA, 0xCE59, 0xC618, 0xBDF7, 0xB5B6, 0xB596, 0xAD55, 0xAD55, 0xA534, 0xA514, 0x9CF3, 0x9CF3, 0xA535, 0xA575, 0x9D14,
  0x94D2, 0x94D2, 0x9CD3, 0x9CD3, 0x9CF3, 0x9CF3, 0xA534, 0xAD55, 0xAD75, 0xB596, 0xB5B6, 0xBDF7, 0xC618, 0xC638, 0xCE59, 0xCE59,
  0xCE59, 0xCE59, 0xCE59, 0xC638, 0xC617, 0xA577, 0xA535, 0xA535, 0x9CF5, 0x9515, 0x94F6, 0x94F5, 0x9516, 0x8CF6, 0x7C96, 0x9D57,
  0x9D36, 0x8CD5, 0x7C76, 0x84D7, 0xC639, 0xD699, 0xDE9A, 0x8495, 0x7415, 0x8495, 0x6B50, 0x5B91, 0x322D, 0x2967, 0x2967, 0x29A9,
  0x31EA, 0x322C, 0x3A4E, 0x3A90, 0x3AD2, 0x42F3, 0x42F2, 0x4313, 0x4312, 0x42F1, 0x4AF0, 0x4B10, 0x4B10, 0x4B10, 0x4310, 0x42F1,
  0x42B1, 0x3A91, 0x3A92, 0x42F3, 0x4B55, 0x53B6, 0x4B74, 0x42D1, 0x3A6E, 0x324D, 0x322D, 0x322C, 0x320D, 0x31EC, 0x29EC, 0x29CC,
  0x29CC, 0x29CC, 0x29CC, 0x29AB, 0x218B, 0x21AB, 0x2A2D, 0x3AD1, 0x4373, 0x4334, 0x32B0, 0x19CC, 0x1949, 0x2128, 0x2127, 0x10E6,
  0x08A7, 0x0866, 0x0865, 0x08A7, 0x08C7, 0x1108, 0x194B, 0x21CC, 0x21EC, 0x220D, 0x2250, 0x22B1, 0x2B35, 0x2B55, 0x2B55, 0x33B7,
  0x3BB7, 0x43D7, 0x3BF9, 0x3BF9, 0x43F8, 0x3BB7, 0x3B96, 0x3B76, 0x3B76, 0x3355, 0x3314, 0x32F4, 0x2AD3, 0x2AD3, 0x2AB3, 0x2AB2,
  0x2A92, 0x2A51, 0x2250, 0x2A2F, 0x2A0D, 0x29CC, 0x29CB, 0x298A, 0x2148, 0x2169, 0x21CB, 0x2A0D, 0x2A0D, 0x2A0C, 0x29EB, 0x29CA,
  0x29AA, 0x29AA, 0x298A, 0x29AA, 0x29CB, 0x324E, 0x3AB1, 0x42F2, 0x42D1, 0x3A6E, 0x3A2C, 0x3A0C, 0x3A0D, 0x3A4E, 0x426D, 0x424C,
  0x3A0B, 0x3A0A, 0x3A0A, 0x422B, 0x422C, 0x424D, 0x426E, 0x426F, 0x426E, 0x42AF, 0x4AF3, 0x5375, 0x5BD7, 0x53F7, 0x53D5, 0x5394,
  0x4B74, 0x4AF2, 0x426D, 0x4A6C, 0x530E, 0x52EE, 0x4A4A, 0x52ED, 0x530D, 0x52CD, 0x5B51, 0x6BB1, 0x8CB5, 0xB5F9, 0xD6DB, 0xB5F9,
  0x8CD6, 0x8474, 0x94B3, 0x83F1, 0x6350, 0x63D3, 0x5B71, 0x5330, 0x4A8D, 0x6B6F, 0x73F3, 0x8473, 0x6B6F, 0x426D, 0x4AEF, 0x63B4,
  0x5B51, 0x424C, 0x4AAF, 0x63D4, 0x5B72, 0x4AF0, 0x63F5, 0x7D1A, 0x7CF8, 0x9DFB, 0xA61C, 0x855C, 0x6D1C, 0x759F, 0x75BF, 0x6D7F,
  0x755E, 0x7414, 0x5B51, 0x63D3, 0x5BB2, 0x7BD0, 0x4AF0, 0x4C39, 0x5CDC, 0x5331, 0x2A10, 0x636F, 0x83EF, 0x73AF, 0x7C52, 0x84D5,
  0x94D4, 0xA515, 0xB5B6, 0xBDD7, 0xBDD8, 0xBDF8, 0xC618, 0xC638, 0xCE59, 0xD69A, 0xDEDB, 0xDEDB, 0xD6BA, 0xD6BA, 0xD6BA, 0xCE9B,
  0xC69B, 0xBEBC, 0xCEFD, 0xC6FC, 0xAE7C, 0x9E1B, 0x9DFB, 0x9DFB, 0x9DFB, 0xA63B, 0xAE5B, 0xB69B, 0xBEBB, 0xCEDB, 0xD6FC, 0xD6FC,
  0xD6DC, 0xD6DC, 0xCEBB, 0xC69B, 0xBE7B, 0xB63A, 0xAE19, 0xADD9, 0xADD8, 0xADD8, 0xB619, 0xC67A, 0xD6DB, 0xDF3C, 0xEF7D, 0xEF7D,
  0xEF7D, 0xEF7D, 0xEF7D, 0xEF7D, 0xEF7D, 0xEF7D, 0xEF7D, 0xEF7D, 0xEF7D, 0xEF5D, 0xEF5D, 0xEF5D, 0xEF5D, 0xEF5D, 0xEF5D, 0xEF5D,
  0xEF7D, 0xEF5D, 0xE71C, 0xD6BA, 0xC638, 0xBDF7, 0xBDD7, 0xB596, 0xAD75, 0xAD55, 0xA534, 0xA514, 0x9CF3, 0x9CF3, 0x9D14, 0xA575,
  0xA575, 0x9D14, 0x9CD3, 0x9CF3, 0xA514, 0xA534, 0xAD55, 0xB596, 0xB596, 0xB5B6, 0xBDD7, 0xBDD7, 0xBDF7, 0xC618, 0xC638, 0xC638,
  0xC638, 0xC638, 0xC618, 0xBDF7, 0xBDD7, 0xA576, 0x9D35, 0xAD34, 0xAD54, 0xAD54, 0xA534, 0xA534, 0xA535, 0xAD75, 0x84D6, 0x9D37,
  0xA576, 0xB5B6, 0xAD96, 0x8517, 0x84B7, 0xA578, 0xCE7A, 0x9536, 0xAD78, 0x6BF4, 0x7434, 0x8454, 0x52CE, 0x29EA, 0x320B, 0x29A9,
  0x2988, 0x2988, 0x2988, 0x29A9, 0x31A9, 0x31EB, 0x320C, 0x3A2D, 0x3A6E, 0x3A6F, 0x3AB1, 0x3AD2, 0x42F2, 0x42F4, 0x4315, 0x4334,
  0x4314, 0x4314, 0x4B75, 0x53F6, 0x53F6, 0x4B74, 0x42F1, 0x3A8F, 0x326E, 0x324E, 0x322D, 0x320D, 0x31ED, 0x31ED, 0x29EC, 0x29EC,
  0x29EC, 0x2A0D, 0x2A0D, 0x326F, 0x3AF2, 0x4374, 0x4BB5, 0x4333, 0x326F, 0x21EE, 0x21AB, 0x21A9, 0x2168, 0x1968, 0x114A, 0x196B,
  0x21AC, 0x21ED, 0x2A2F, 0x2A70, 0x2A91, 0x2A92, 0x22B3, 0x2AF4, 0x3B56, 0x3BB7, 0x4418, 0x4C59, 0x5459, 0x5479, 0x549A, 0x5CBA,
  0x5CBA, 0x5CDA, 0x5CDA, 0x5CBA, 0x5C9A, 0x5C9A, 0x5479, 0x5439, 0x4C39, 0x43F8, 0x43B7, 0x3376, 0x3314, 0x2AF4, 0x2AF4, 0x2AD3,
  0x2AD3, 0x2AB2, 0x32B2, 0x32D2, 0x3AD2, 0x5394, 0x5373, 0x3A90, 0x326F, 0x2A0D, 0x29AA, 0x2169, 0x218A, 0x29CB, 0x322D, 0x324E,
  0x3A8E, 0x3A8F, 0x3A8F, 0x3A90, 0x3A6F, 0x3A6E, 0x3A4E, 0x3A6E, 0x3A8F, 0x42D1, 0x42D1, 0x42B0, 0x3A6E, 0x3A2C, 0x3A0C, 0x3A2D,
  0x426D, 0x3A4D, 0x420B, 0x39EA, 0x39E9, 0x3A0A, 0x422C, 0x422C, 0x424D, 0x424E, 0x426D, 0x428F, 0x4B33, 0x53B5, 0x53D5, 0x53D5,
  0x5B94, 0x5374, 0x5374, 0x4AF0, 0x4A8C, 0x4AEE, 0x5370, 0x52CD, 0x532F, 0x5B70, 0x5B52, 0x5B50, 0x5BB2, 0x7434, 0xB5D8, 0xBE5A,
  0xB65A, 0xB5FA, 0x9D57, 0x9D35, 0x8C93, 0x6BD2, 0x63B3, 0x5B92, 0x5B30, 0x4A8E, 0x5B52, 0x7414, 0x7414, 0x5B73, 0x42B0, 0x3A6E,
  0x5332, 0x63D5, 0x4B10, 0x424C, 0x4AF0, 0x4B12, 0x4AD0, 0x5372, 0x74F9, 0x74B8, 0x957A, 0xAE5D, 0x9DDC, 0x7D5C, 0x75BF, 0x75BF,
  0x759F, 0x755D, 0x6BF2, 0x5B72, 0x5BD4, 0x5351, 0x6B4D, 0x4353, 0x551D, 0x5456, 0x3A90, 0x4AF1, 0x73D1, 0x8C30, 0x8431, 0x8CB4,
  0x9D56, 0xA597, 0xBDB7, 0xBDF8, 0xBDF8, 0xC618, 0xC618, 0xCE38, 0xCE79, 0xCE9A, 0xCE9A, 0xD69A, 0xD69A, 0xCE79, 0xCE79, 0xCE79,
  0xCE7A, 0xC67A, 0xBE7B, 0xC6BC, 0xC6DD, 0xAE7C, 0x9E1A, 0x95BA, 0x959A, 0x959A, 0x95DA, 0x9DFB, 0xA63A, 0xAE5B, 0xB69B, 0xC6BB,
  0xC6BC, 0xCEDB, 0xCEDB, 0xCEBB, 0xC69B, 0xBE7B, 0xB65A, 0xB619, 0xADD9, 0xADB8, 0xAD98, 0xADB8, 0xB5D8, 0xBE3A, 0xCE9B, 0xDEFC,
  0xE73C, 0xEF7D, 0xEF7D, 0xEF7D, 0xEF7D, 0xEF7D, 0xEF7D, 0xEF7D, 0xEF7D, 0xEF7D, 0xEF5D, 0xEF5D, 0xEF5D, 0xEF5D, 0xEF5D, 0xEF5D,
  0xEF5D, 0xEF7D, 0xEF5D, 0xEF5D, 0xE71C, 0xD6BA, 0xC638, 0xBDD7, 0xB5B6, 0xB596, 0xAD55, 0xA534, 0xA514, 0xA514, 0x9CF3, 0x9CF3,
  0xA555, 0xADB6, 0xAD76, 0xA534, 0xA554, 0xAD75, 0xB596, 0xB5B6, 0xB5B6, 0xBDD7, 0xBDD7, 0xBDD7, 0xBDD7, 0xBDF7, 0xBDF7, 0xBDF7,
  0xBDF7, 0xBDF7, 0xBDD7, 0xB5B6, 0xB5B6, 0xA556, 0x9D15, 0xAD54, 0xAD55, 0xAD55, 0xAD55, 0xA534, 0xA535, 0xB575, 0x9517, 0x7CD8,
  0xB596, 0xB596, 0xBDB7, 0xC618, 0xADBA, 0xADB8, 0x9517, 0x7435, 0xA578, 0xAD98, 0x7434, 0xADB7, 0x8411, 0x2127, 0x31EA, 0x324C,
  0x3A4D, 0x320B, 0x31CA, 0x31CA, 0x31EC, 0x3A2D, 0x324E, 0x3290, 0x42B2, 0x4334, 0x4B97, 0x53F8, 0x5419, 0x53F9, 0x53D7, 0x53D6,
  0x53F7, 0x5C37, 0x5C57, 0x53D6, 0x4B53, 0x42F1, 0x3AD0, 0x3AB0, 0x3A8F, 0x3A4E, 0x3A0C, 0x31EC, 0x320C, 0x320C, 0x320D, 0x322E,
  0x326F, 0x3AD1, 0x4374, 0x4BB5, 0x4BB5, 0x4332, 0x3290, 0x2A4F, 0x2A50, 0x2A70, 0x2A6F, 0x2A70, 0x2A91, 0x2A92, 0x2A91, 0x2A91,
  0x2251, 0x2230, 0x1A10, 0x1A30, 0x2251, 0x2AD2, 0x3354, 0x43B6, 0x4C18, 0x4C39, 0x4C39, 0x4439, 0x4439, 0x443A, 0x445A, 0x447B,
  0x449C, 0x449B, 0x449B, 0x447B, 0x445A, 0x4419, 0x3BD8, 0x3355, 0x2AD2, 0x2A50, 0x21EE, 0x198C, 0x216A, 0x218A, 0x21A9, 0x218C,
  0x19AD, 0x21CC, 0x2A0D, 0x3A4E, 0x428F, 0x8CB6, 0x8D18, 0x5310, 0x424E, 0x3A2D, 0x320D, 0x29CB, 0x2989, 0x2968, 0x2968, 0x2989,
  0x29CA, 0x31EB, 0x3A2C, 0x426E, 0x42D0, 0x4AF1, 0x5333, 0x5B94, 0x5B94, 0x5B93, 0x5B94, 0x5B94, 0x5BB4, 0x5BB3, 0x5B72, 0x5B50,
  0x532F, 0x5B50, 0x5B92, 0x6371, 0x5B50, 0x532F, 0x5B2E, 0x6371, 0x6391, 0x63B2, 0x6BB2, 0x63B2, 0x6BD3, 0x7435, 0x7CB7, 0x74D9,
  0x6C97, 0x6C56, 0x6455, 0x6415, 0x63D5, 0x5B52, 0x532F, 0x5390, 0x53B1, 0x5370, 0x63D4, 0x5B93, 0x63B3, 0x6415, 0x7C75, 0x9D56,
  0x9D97, 0xAE19, 0xC69A, 0xB65A, 0xB61A, 0x9D78, 0x84D6, 0x7475, 0x6C34, 0x6351, 0x5B10, 0x8CB5, 0x8CD5, 0x8474, 0x7434, 0x63D4,
  0x4AF1, 0x5310, 0x5BB3, 0x5372, 0x428E, 0x426E, 0x4AF1, 0x42B0, 0x4ACF, 0x6C97, 0x6C77, 0x7CF8, 0xAE5C, 0xAE5D, 0x8DBD, 0x85BF,
  0x759F, 0x75DF, 0x75BD, 0x6BF3, 0x5BD3, 0x6391, 0x5B30, 0x634C, 0x649A, 0x5D1C, 0x5332, 0x5B72, 0x6BD2, 0x8432, 0x9491, 0x9CD3,
  0xA555, 0xADD9, 0xBDF8, 0xBDF7, 0xBDF8, 0xBDF8, 0xB5D8, 0xB5D9, 0xADD9, 0xB5F9, 0xBE3A, 0xC67A, 0xCE79, 0xCE39, 0xC638, 0xC638,
  0xCE38, 0xCE7A, 0xC67A, 0xB65B, 0xB67C, 0xBEDC, 0xAE9B, 0x9DFB, 0x8D7A, 0x8D3A, 0x8D5A, 0x8D7A, 0x95BA, 0x9DDA, 0xA61A, 0xAE3A,
  0xAE5A, 0xBE7B, 0xC69B, 0xC6BC, 0xCEBB, 0xC69B, 0xBE7A, 0xBE5A, 0xB639, 0xB5F9, 0xADB8, 0xAD78, 0xAD77, 0xAD77, 0xAD98, 0xB5D9,
  0xC65A, 0xD6BB, 0xDF1C, 0xEF5D, 0xEF7D, 0xEF7D, 0xEF7D, 0xEF5D, 0xEF7D, 0xEF7D, 0xEF5D, 0xEF5D, 0xEF5D, 0xE73C, 0xEF5D, 0xEF5D,
  0xEF5D, 0xEF5D, 0xEF5D, 0xEF5D, 0xEF5D, 0xEF5D, 0xE71C, 0xD69A, 0xC618, 0xB5B6, 0xB596, 0xAD75, 0xAD55, 0xA534, 0xA514, 0x9CF3,
  0x9CF3, 0xA534, 0xADD7, 0xB5F8, 0xB5D7, 0xB5B6, 0xB5B6, 0xBDB7, 0xBDD7, 0xBDD7, 0xBDD7, 0xBDD7, 0xBDD7, 0xB5B6, 0xBDD7, 0xB5B6,
  0xB5B6, 0xB5B6, 0xB596, 0xB596, 0xB595, 0xAD55, 0x9D36, 0xAD55, 0xAD55, 0xAD75, 0xAD75, 0xAD55, 0xAD55, 0xAD76, 0xB596, 0x74B7,
  0xAD77, 0xB5B6, 0xB5D7, 0xC618, 0xBE18, 0xCE5A, 0xDEFB, 0x9517, 0x7C76, 0x8CB6, 0x63D4, 0xA577, 0x8451, 0x2168, 0x31A9, 0x31A9,
  0x31EA, 0x3A6E, 0x328F, 0x3A6F, 0x3A6E, 0x3A90, 0x42F2, 0x4334, 0x4B55, 0x4BB6, 0x4BF6, 0x4BF7, 0x5418, 0x5C58, 0x5C58, 0x5C38,
  0x53D6, 0x4B74, 0x4313, 0x4332, 0x4B73, 0x5393, 0x4B52, 0x42F0, 0x3A6E, 0x322D, 0x322D, 0x322D, 0x322E, 0x324E, 0x3A90, 0x4312,
  0x4B94, 0x4BD5, 0x4BB5, 0x3B53, 0x3AF2, 0x32D1, 0x32D2, 0x32D2, 0x32F2, 0x32D3, 0x32D3, 0x32B2, 0x2A91, 0x2250, 0x2250, 0x2250,
  0x2A92, 0x3313, 0x3B75, 0x43B6, 0x4417, 0x4C58, 0x4C59, 0x4C7A, 0x449B, 0x4CBC, 0x4CBB, 0x4CDB, 0x4CBB, 0x4C9A, 0x4C79, 0x4C38,
  0x4417, 0x43B6, 0x3B54, 0x3313, 0x32B1, 0x2A6F, 0x222D, 0x220D, 0x220C, 0x220C, 0x2A0B, 0x29EB, 0x2A0B, 0x2A4D, 0x328E, 0x2A2E,
  0x21AD, 0x320D, 0x3A8E, 0x42D0, 0x6392, 0x9D78, 0x9599, 0x6BF3, 0x428D, 0x424C, 0x31CA, 0x31A9, 0x31AA, 0x31CA, 0x31CA, 0x31CA,
  0x31CA, 0x31CA, 0x31CA, 0x31CA, 0x31CA, 0x39EA, 0x3A2C, 0x3A6E, 0x42D1, 0x4B13, 0x4B33, 0x4B32, 0x4B11, 0x4B11, 0x4B10, 0x5331,
  0x5330, 0x4AEF, 0x4AAD, 0x4AAD, 0x52EF, 0x52F0, 0x4AAD, 0x4A6D, 0x4A8D, 0x4A8D, 0x4A8D, 0x4A6D, 0x4A8E, 0x4A6D, 0x4A8F, 0x5332,
  0x5B95, 0x5375, 0x4B32, 0x4AF1, 0x4AF1, 0x4AF1, 0x4AB1, 0x424C, 0x4A8B, 0x4ACE, 0x4B30, 0x5352, 0x4AAD, 0x5B72, 0x63B3, 0x7C12,
  0x8453, 0x8474, 0x9D15, 0xB5F7, 0xB63A, 0xB63A, 0xAE19, 0x9D99, 0x8D38, 0x84D6, 0x7453, 0x7C54, 0x8CD6, 0x8494, 0x7C53, 0x8474,
  0x7435, 0x63D4, 0x73D1, 0x6371, 0x5352, 0x42AF, 0x3A4E, 0x42B0, 0x426E, 0x424D, 0x6415, 0x6C57, 0x6C56, 0x9E1B, 0xBE9D, 0xA65E,
  0x8E1F, 0x75BF, 0x75DF, 0x7DBD, 0x6457, 0x5BD4, 0x5332, 0x5330, 0x5BF4, 0x657E, 0x5C37, 0x5373, 0x7C33, 0x6C15, 0x8494, 0x8CD5,
  0x9D36, 0xA557, 0xA5DA, 0xADB9, 0xADB8, 0xADD8, 0xB5D8, 0xBDF8, 0xC639, 0xCE7A, 0xD699, 0xCE79, 0xC639, 0xC618, 0xBDF7, 0xBDF7,
  0xC618, 0xC638, 0xCE59, 0xCE7A, 0xB65A, 0xAE5B, 0xB69C, 0xAE7C, 0x95FB, 0x855A, 0x84F9, 0x84F9, 0x8519, 0x8D59, 0x959A, 0x9DB9,
  0x9DD9, 0xA5FA, 0xAE3A, 0xB65B, 0xBE7B, 0xBE9B, 0xBE9B, 0xBE7B, 0xBE5A, 0xB63A, 0xB619, 0xADD8, 0xAD98, 0xAD77, 0xA556, 0xA557,
  0xA597, 0xADD8, 0xB619, 0xC67A, 0xDEDB, 0xE73D, 0xEF5D, 0xEF7D, 0xEF7D, 0xEF7D, 0xEF5D, 0xEF5D, 0xEF5D, 0xEF5D, 0xE73D, 0xE73C,
  0xEF5D, 0xEF5D, 0xEF5D, 0xEF5D, 0xEF5D, 0xEF5D, 0xEF5D, 0xEF5D, 0xE71C, 0xD69A, 0xC618, 0xB5B6, 0xAD75, 0xAD55, 0xAD55, 0xA534,
  0xA534, 0xA534, 0xAD55, 0xB5D7, 0xBE39, 0xBE59, 0xBE17, 0xBDD7, 0xBDD7, 0xBDD7, 0xB5D7, 0xB5B6, 0xB596, 0xB596, 0xB596, 0xAD75,
  0xAD75, 0xAD75, 0xAD75, 0xAD75, 0xAD75, 0xAD75, 0x9D56, 0xAD76, 0xB575, 0xAD75, 0xB596, 0xAD75, 0xAD76, 0xB596, 0xBDB6, 0x9537,
  0x8D38, 0xBDD6, 0xBDD6, 0xC618, 0xCE79, 0xB5F9, 0xC679, 0xB5D9, 0x9D57, 0xCE58, 0x8CF5, 0x6C16, 0x6B90, 0x2968, 0x31A9, 0x3A2B,
  0x31EA, 0x3189, 0x31EA, 0x3A6D, 0x3AAF, 0x3AF1, 0x3B12, 0x3B12, 0x42F2, 0x42F2, 0x4313, 0x4B34, 0x4B53, 0x4313, 0x4313, 0x4333,
  0x4B94, 0x5BD5, 0x5BF5, 0x5BD5, 0x5374, 0x4312, 0x42B0, 0x3A6F, 0x3A4E, 0x3A4E, 0x3A2D, 0x3A6E, 0x3AD1, 0x4B73, 0x4BD4, 0x4BD5,
  0x4374, 0x3B33, 0x3B13, 0x3B13, 0x3B33, 0x3B53, 0x3B34, 0x3B14, 0x3313, 0x32D3, 0x2AB2, 0x2AB2, 0x32F3, 0x3B55, 0x4BD6, 0x5438,
  0x5C79, 0x54BA, 0x54BA, 0x549B, 0x4C9A, 0x4C58, 0x4416, 0x43F6, 0x3B52, 0x32AE, 0x2A2B, 0x2A09, 0x1946, 0x10E4, 0x18E4, 0x18A3,
  0x18C3, 0x18E4, 0x1905, 0x1925, 0x1926, 0x2146, 0x2146, 0x1946, 0x1926, 0x1925, 0x1925, 0x1925, 0x2146, 0x2987, 0x29E9, 0x31E9,
  0x2169, 0x29AB, 0x3A4E, 0x4AD0, 0x7C55, 0xA5DA, 0x8D79, 0x6C14, 0x52CF, 0x426D, 0x320B, 0x31EA, 0x31EA, 0x31EA, 0x39EB, 0x3A0B,
  0x3A0C, 0x3A2C, 0x3A2C, 0x3A2B, 0x3A2B, 0x3A2B, 0x3A2B, 0x422C, 0x424C, 0x426E, 0x42B0, 0x4AD1, 0x42F2, 0x4AF2, 0x4AD1, 0x4AB0,
  0x42AF, 0x42AF, 0x428E, 0x426D, 0x422B, 0x422B, 0x4A6D, 0x4A6D, 0x424C, 0x422B, 0x424B, 0x424B, 0x424C, 0x426D, 0x426C, 0x426C,
  0x4AAE, 0x5354, 0x5BB6, 0x5353, 0x4B11, 0x4AF0, 0x4AF1, 0x4AF1, 0x4A8F, 0x4A6C, 0x4AED, 0x53D4, 0x5371, 0x52CF, 0x63D4, 0x63B1,
  0x7BD2, 0x6BF3, 0x73F3, 0x8C72, 0x9CF4, 0xA596, 0xADDA, 0xA5FA, 0xA5D9, 0x9558, 0x8CD6, 0x7C75, 0xA597, 0xB618, 0xA596, 0x94F5,
  0x8CB4, 0x7C54, 0x6C14, 0x63D4, 0x5B72, 0x42D0, 0x320C, 0x320C, 0x3A4E, 0x3A4E, 0x31EB, 0x5B92, 0x6C37, 0x63D5, 0x8DBB, 0xB6BD,
  0xBEBE, 0xA67F, 0x7DBF, 0x75DF, 0x757C, 0x6456, 0x5BB5, 0x5353, 0x5372, 0x7D3B, 0x6D5C, 0x63D5, 0x7C55, 0x94D5, 0x7C96, 0x9D16,
  0xAD96, 0xB5D8, 0xBE18, 0xBE39, 0xC638, 0xC618, 0xC618, 0xC638, 0xCE38, 0xCE79, 0xCE99, 0xCE59, 0xC618, 0xBDF7, 0xBDD7, 0xBDD7,
  0xBDD7, 0xC5F7, 0xC618, 0xCE59, 0xCE79, 0xBE5A, 0xAE1B, 0x9E3B, 0xA67C, 0x95FB, 0x853A, 0x7CD9, 0x84B9, 0x84D9, 0x8519, 0x8D39,
  0x9559, 0x9579, 0x9DB9, 0xA5FA, 0xAE1A, 0xAE1A, 0xB65A, 0xB67B, 0xBE7A, 0xBE7A, 0xBE5A, 0xB639, 0xB5F8, 0xADB8, 0xAD97, 0xA556,
  0xA536, 0xA536, 0xA556, 0xAD77, 0xB5D8, 0xBE39, 0xCE9A, 0xD6FB, 0xE71C, 0xE73D, 0xEF5D, 0xEF5D, 0xEF5D, 0xEF5C, 0xEF3C, 0xE73C,
  0xDF1C, 0xDF3D, 0xE75D, 0xEF5D, 0xEF5D, 0xEF5D, 0xEF5D, 0xE75D, 0xEF5D, 0xE73C, 0xE71C, 0xD69A, 0xC618, 0xB5B6, 0xAD75, 0xAD55,
  0xAD55, 0xAD55, 0xAD75, 0xB5B6, 0xBE18, 0xBE39, 0xC659, 0xBE39, 0xBDF8, 0xBDB7, 0xB5B6, 0xB596, 0xAD75, 0xAD55, 0xAD55, 0xAD55,
  0xAD55, 0xAD75, 0xAD75, 0xAD75, 0xB596, 0xB596, 0xA577, 0xAD76, 0xB596, 0xB596, 0xB596, 0xB596, 0xB596, 0xB5B6, 0xB5B6, 0xADB8,
  0x74B8, 0xB5B7, 0xC5F7, 0xC638, 0xCE79, 0xCE9A, 0xBE19, 0xA5B9, 0x84D7, 0xC638, 0xC5F7, 0x9517, 0x636F, 0x3169, 0x31CA, 0x2988,
  0x3A0C, 0x3A4D, 0x320C, 0x31AB, 0x31CB, 0x320D, 0x326E, 0x3AB0, 0x42F2, 0x4354, 0x4B74, 0x4B53, 0x53B4, 0x5BF6, 0x5C16, 0x5BD5,
  0x5393, 0x4B12, 0x42D1, 0x3AB0, 0x3AB1, 0x42D1, 0x42D0, 0x3AB0, 0x3AAF, 0x42F1, 0x4B52, 0x4BB4, 0x4BD5, 0x4BB4, 0x4353, 0x3B13,
  0x4334, 0x4374, 0x4395, 0x4395, 0x4395, 0x3B95, 0x3B55, 0x3B34, 0x32F3, 0x32F3, 0x3B33, 0x4395, 0x4BF6, 0x5437, 0x5458, 0x4C38,
  0x43F6, 0x3B74, 0x3B13, 0x2A8F, 0x29A8, 0x2167, 0x2188, 0x2167, 0x18E4, 0x2124, 0x2165, 0x31E8, 0x2988, 0x29A8, 0x322B, 0x324C,
  0x328D, 0x328E, 0x328D, 0x2A6D, 0x2A6D, 0x2A4D, 0x2A4C, 0x2A2C, 0x224E, 0x2A6F, 0x2A8F, 0x2A6F, 0x2A6E, 0x2A4D, 0x322C, 0x3A6C,
  0x3A8F, 0x324F, 0x4ACF, 0x5B72, 0x9538, 0x9DDA, 0x8D79, 0x7435, 0x5B12, 0x4AB0, 0x426E, 0x3A4E, 0x3A4E, 0x3A4D, 0x3A4D, 0x3A4D,
  0x3A4C, 0x3A4C, 0x3A4C, 0x422C, 0x424C, 0x424D, 0x424D, 0x424D, 0x424C, 0x426D, 0x426D, 0x428E, 0x42AF, 0x4AD0, 0x4AF2, 0x4B13,
  0x4B12, 0x4AF1, 0x4AF1, 0x4AF0, 0x4AAF, 0x4A6D, 0x426C, 0x426C, 0x4A6C, 0x424B, 0x4A4B, 0x424B, 0x424B, 0x424B, 0x426B, 0x4A6C,
  0x4A6C, 0x426C, 0x4ACF, 0x5374, 0x5375, 0x4B11, 0x4AF0, 0x4AF0, 0x4B10, 0x4AD0, 0x426D, 0x4AAF, 0x5BD4, 0x4B71, 0x5352, 0x63B1,
  0x73CF, 0x73F3, 0x6BD3, 0x73F2, 0x7412, 0x7C53, 0x84B5, 0x9537, 0x9D99, 0xA61A, 0xA5FA, 0x9D78, 0x94F5, 0xBDB8, 0xBE18, 0xB617,
  0xB5D7, 0xAD75, 0xA4F4, 0x7C54, 0x7454, 0x94B3, 0x5B10, 0x29CC, 0x31EC, 0x31EC, 0x320C, 0x29CA, 0x5331, 0x6C37, 0x5374, 0x8539,
  0xAE7D, 0xBEFF, 0xB6DF, 0x8E1F, 0x7DDF, 0x7D5A, 0x6C12, 0x6C34, 0x6BD2, 0x7C97, 0x861F, 0x7CF8, 0x8CD5, 0xAD55, 0xA535, 0x9D57,
  0xBDF6, 0xC617, 0xC638, 0xC639, 0xBE59, 0xC638, 0xC618, 0xCE18, 0xC638, 0xBE39, 0xBE1A, 0xBE38, 0xC618, 0xBDD7, 0xB5B6, 0xBDD7,
  0xBDD7, 0xBDF7, 0xC618, 0xC638, 0xCE59, 0xCE79, 0xC67A, 0xAE1A, 0x95FA, 0x963C, 0x963B, 0x857A, 0x7CD9, 0x7CB9, 0x7CB9, 0x84D9,
  0x84F9, 0x8D18, 0x8D19, 0x9559, 0x9D79, 0x9DB9, 0xA5F9, 0xAE19, 0xB63A, 0xB65A, 0xBE5A, 0xBE3A, 0xB619, 0xB5F9, 0xB5D8, 0xAD97,
  0xAD77, 0xA536, 0xA536, 0x9D16, 0xA536, 0xA556, 0xAD97, 0xB5D8, 0xB619, 0xC67A, 0xD6BB, 0xDEDC, 0xDF1C, 0xE73C, 0xE73C, 0xE75C,
  0xC6BB, 0xCEDC, 0xCEFC, 0xD71C, 0xDF3C, 0xE75D, 0xE75D, 0xEF5D, 0xEF5D, 0xE73C, 0xE73C, 0xE73C, 0xE71C, 0xD69A, 0xC618, 0xB596,
  0xAD75, 0xAD75, 0xB5B6, 0xBDD7, 0xBE17, 0xC617, 0xBE18, 0xBE39, 0xBE39, 0xB5F8, 0xB596, 0xAD75, 0xAD55, 0xA534, 0xA534, 0xA534,
  0xAD55, 0xAD75, 0xAD75, 0xAD75, 0xB596, 0xB596, 0xAD97, 0xA577, 0xB5B6, 0xB5B6, 0xB5B6, 0xB5B6, 0xB5B6, 0xB5B7, 0xB5D7, 0xBDD7,
  0x8D39, 0x8CF7, 0xCE38, 0xC638, 0xCE79, 0xD679, 0xCE7A, 0xC659, 0x84D7, 0x9D58, 0xADB7, 0xAD98, 0x5350, 0x3189, 0x3A2E, 0x39ED,
  0x3187, 0x31EA, 0x3A6E, 0x3AD1, 0x42B2, 0x3A92, 0x4292, 0x4AB3, 0x4B14, 0x4B75, 0x53B6, 0x4B74, 0x4B93, 0x43B3, 0x4372, 0x4352,
  0x4352, 0x4373, 0x4B73, 0x4B94, 0x4394, 0x4B94, 0x4BB4, 0x4C14, 0x5455, 0x5436, 0x4BF6, 0x4BB5, 0x4BB5, 0x53B5, 0x53D6, 0x53F7,
  0x5417, 0x5417, 0x5417, 0x53F7, 0x4BF7, 0x4BD7, 0x4BB6, 0x4BB5, 0x53D5, 0x53F6, 0x53D6, 0x4B95, 0x4B74, 0x4332, 0x3ACF, 0x3A8D,
  0x3A4C, 0x322C, 0x29CB, 0x29C9, 0x322B, 0x3A6E, 0x324E, 0x322D, 0x324D, 0x324D, 0x2A2C, 0x322B, 0x2A0C, 0x21AB, 0x29EB, 0x2A0B,
  0x2A2C, 0x2A4D, 0x2A4E, 0x2A4D, 0x2A2C, 0x29EA, 0x29EA, 0x21CA, 0x21EA, 0x29CA, 0x21A9, 0x21A9, 0x29A8, 0x31EB, 0x3A8F, 0x4333,
  0x4B32, 0x4AAD, 0x5B2D, 0x6BB1, 0x9557, 0x9599, 0x84F7, 0x6B92, 0x5AEF, 0x4A8E, 0x426E, 0x426E, 0x426E, 0x426F, 0x42B0, 0x42B0,
  0x42B0, 0x4AB0, 0x4ACF, 0x42D0, 0x428E, 0x426D, 0x426D, 0x426D, 0x428E, 0x428E, 0x428E, 0x4A6E, 0x4A6E, 0x4A8E, 0x4AAF, 0x4AD1,
  0x4B12, 0x4B33, 0x4B33, 0x4B32, 0x4B32, 0x4B11, 0x4AD0, 0x4AAE, 0x4A6D, 0x424C, 0x424B, 0x424B, 0x424B, 0x424A, 0x422A, 0x424B,
  0x4A6C, 0x4A6C, 0x426C, 0x4A6C, 0x4AF0, 0x5354, 0x5333, 0x4B11, 0x4B11, 0x4B12, 0x4B10, 0x428E, 0x428F, 0x4B72, 0x53D4, 0x5B72,
  0x634E, 0x73D0, 0x6BD3, 0x73D0, 0x7C10, 0x7C31, 0x7432, 0x7C14, 0x7432, 0x84F7, 0x9DBA, 0xAE1A, 0xADDA, 0xA5B8, 0xB5F9, 0xB5D7,
  0xB5D7, 0xB5F7, 0xADB7, 0xAD75, 0x8C94, 0x7434, 0x9CF4, 0x5B30, 0x21CD, 0x29EC, 0x29CB, 0x29CB, 0x2989, 0x42CE, 0x6416, 0x4B13,
  0x74B8, 0x9E3D, 0xBEDE, 0xC6FF, 0xA65F, 0x861F, 0x74D8, 0x6BF5, 0x7497, 0x7497, 0x8DFE, 0x95DC, 0x9516, 0x9D57, 0xB596, 0xA577,
  0xADD9, 0xC638, 0xC639, 0xCE39, 0xBE39, 0xBE3A, 0xB619, 0xADF9, 0xB5F9, 0xB619, 0xBE39, 0xBE39, 0xC618, 0xBDF7, 0xBDD7, 0xB5B6,
  0xBDD7, 0xBDF7, 0xC618, 0xC638, 0xCE59, 0xCE79, 0xD69A, 0xD6BA, 0xB63A, 0x95BA, 0x8DDB, 0x963C, 0x8DFB, 0x7D5A, 0x7CD9, 0x7C99,
  0x84D9, 0x84D8, 0x84D8, 0x8CD8, 0x94F8, 0x9538, 0x9D78, 0xA598, 0xADD9, 0xB5F9, 0xB619, 0xB639, 0xB63A, 0xB639, 0xB619, 0xB5F9,
  0xB5D8, 0xADB8, 0xA577, 0xA536, 0x9D15, 0x9CF5, 0x9CF5, 0x9CF5, 0x9D16, 0xA556, 0xAD97, 0xB5F8, 0xBE59, 0xC69B, 0xD6DB, 0xDF1C,
  0xBE7B, 0xBE7B, 0xBE9C, 0xBEBC, 0xC6DC, 0xCEFC, 0xD71C, 0xE73D, 0xE75C, 0xE75C, 0xE73C, 0xE73C, 0xE73C, 0xE73C, 0xE71C, 0xD69A,
  0xC618, 0xBDD7, 0xB5B6, 0xBDF7, 0xC617, 0xC618, 0xBDF7, 0xBDF7, 0xB5F7, 0xADF8, 0xADD8, 0xAD76, 0xAD55, 0xA534, 0xA534, 0xAD55,
  0xAD55, 0xAD75, 0xAD75, 0xB596, 0xB5B6, 0xB5B6, 0xBDB7, 0xA598, 0xB5B6, 0xB5D7, 0xB5D6, 0xBDD6, 0xBDD7, 0xBDD7, 0xBDD7, 0xBDD7,
  0xB5D8, 0x8D38, 0xA578, 0xD679, 0xC678, 0xCE59, 0xC659, 0xD679, 0xA597, 0x94F6, 0xBDF8, 0xBDF8, 0x8CB4, 0x29EC, 0x31EA, 0x3A70,
  0x3A72, 0x3A0E, 0x31EB, 0x39EB, 0x3A4D, 0x328F, 0x3A8E, 0x3A6E, 0x3A4D, 0x322C, 0x320C, 0x31EC, 0x320E, 0x3A4F, 0x3AB0, 0x42F2,
  0x4353, 0x4BB4, 0x4BF5, 0x4C56, 0x5497, 0x5498, 0x5498, 0x64F9, 0x6D1A, 0x6D3A, 0x64F9, 0x64D9, 0x6D1A, 0x64F9, 0x6CF9, 0x6CD9,
  0x6CF9, 0x6CB9, 0x6458, 0x5C58, 0x6498, 0x6C98, 0x5BF5, 0x4B52, 0x42F2, 0x3A90, 0x322D, 0x29CA, 0x29AA, 0x298A, 0x218B, 0x218B,
  0x2149, 0x1947, 0x2189, 0x218A, 0x2168, 0x1926, 0x1904, 0x18E4, 0x18E3, 0x18E4, 0x18E4, 0x2125, 0x2146, 0x1946, 0x2167, 0x2987,
  0x2146, 0x2145, 0x2103, 0x20E3, 0x20E3, 0x20E3, 0x20E3, 0x20E2, 0x18E2, 0x18E2, 0x2104, 0x2987, 0x320A, 0x326B, 0x428C, 0x4A6A,
  0x4228, 0x630B, 0x738E, 0x8472, 0x9598, 0x8D17, 0x73F2, 0x630E, 0x52AC, 0x4A6B, 0x424A, 0x424A, 0x424B, 0x424B, 0x4A6C, 0x4A6D,
  0x4A8D, 0x4A8E, 0x4A8F, 0x4AD0, 0x4B11, 0x4B12, 0x4B12, 0x4AF1, 0x4AB0, 0x42AE, 0x42AE, 0x4AAE, 0x4AAE, 0x42AF, 0x42AE, 0x4AAF,
  0x4AD0, 0x4AF0, 0x4B11, 0x5333, 0x4B54, 0x5374, 0x5354, 0x5332, 0x4AD1, 0x4AAF, 0x4A8D, 0x4A6C, 0x424B, 0x424C, 0x4A4C, 0x422A,
  0x422B, 0x424C, 0x424C, 0x424C, 0x4A6C, 0x428C, 0x4AF2, 0x5354, 0x5333, 0x4B32, 0x5352, 0x4B32, 0x42D0, 0x426E, 0x4AF0, 0x5C15,
  0x5B50, 0x738E, 0x63B2, 0x5B91, 0x7BAE, 0x7BCF, 0x83F0, 0x73F1, 0x6B8F, 0x5B72, 0x7456, 0x955A, 0xA5BA, 0xADFA, 0xADF9, 0xB619,
  0xBE19, 0xB5F8, 0xBDF8, 0xB619, 0xB5F7, 0x9CF5, 0x73F4, 0x8C93, 0x4ACF, 0x21CD, 0x21CB, 0x218A, 0x2989, 0x2147, 0x3A6D, 0x63D5,
  0x42D1, 0x6437, 0x95DC, 0xB6BE, 0xC6FF, 0xBEDF, 0x9E5F, 0x8CF7, 0x7C77, 0x9516, 0x95BC, 0xA65E, 0x9D79, 0x9D79, 0xA598, 0xA599,
  0x9D7A, 0xA5B9, 0xADFA, 0xADFA, 0xA5DA, 0xAE1B, 0xAE1B, 0xB5F9, 0xBE19, 0xC639, 0xC639, 0xCE39, 0xC618, 0xBDF7, 0xBDF7, 0xBDD7,
  0xBDF7, 0xC618, 0xC638, 0xCE59, 0xCE59, 0xCE79, 0xD69A, 0xD69A, 0xD6BA, 0xC65A, 0x959A, 0x8579, 0x961B, 0x9E5B, 0x85BA, 0x7CF9,
  0x7CB8, 0x7CB8, 0x8498, 0x84B8, 0x8CB8, 0x8CD8, 0x94F8, 0x9D38, 0x9D78, 0xA598, 0xADB8, 0xADD9, 0xB5F9, 0xB619, 0xB619, 0xB619,
  0xB5F9, 0xB5D8, 0xADB8, 0xAD97, 0xA556, 0xA536, 0x9CF5, 0x94B4, 0x9494, 0x9494, 0x94B4, 0x94D5, 0x9D15, 0xA597, 0xB5F8, 0xCE9A,
  0xB65A, 0xAE5B, 0xAE5B, 0xAE7B, 0xB67B, 0xB69C, 0xC6BC, 0xCEDC, 0xDF1C, 0xE73C, 0xE73C, 0xE73C, 0xE73C, 0xE73C, 0xE73C, 0xE73C,
  0xE71C, 0xD6BA, 0xC638, 0xBDF7, 0xBDF7, 0xBDF7, 0xBDD7, 0xBDD7, 0xB595, 0xAD95, 0xAD96, 0xAD97, 0xAD96, 0xAD75, 0xAD75, 0xAD75,
  0xAD75, 0xAD75, 0xB596, 0xB596, 0xB5B6, 0xB5B6, 0xBDB6, 0xADB7, 0xA598, 0xBDD7, 0xBDD7, 0xBDD7, 0xBDF7, 0xBDF7, 0xBDF7, 0xC5F7,
  0xADF8, 0xBE19, 0x8CF8, 0xB5D9, 0xD679, 0xC659, 0xCE38, 0xC639, 0xC638, 0x7CD7, 0xBDD7, 0xCE38, 0x8CD6, 0x3290, 0x3A6E, 0x320B,
  0x322D, 0x3A50, 0x3A50, 0x3A2F, 0x3A0D, 0x3A0D, 0x3A4E, 0x3A6F, 0x3AB0, 0x3AD1, 0x4312, 0x4352, 0x4373, 0x4393, 0x4393, 0x4392,
  0x4BB4, 0x4BB5, 0x4BF6, 0x5417, 0x5C59, 0x649A, 0x64BB, 0x6CBB, 0x6C9A, 0x645A, 0x5C5A, 0x5C79, 0x6499, 0x6499, 0x5C58, 0x5417,
  0x53D7, 0x53F7, 0x5C17, 0x53D5, 0x4332, 0x326F, 0x220F, 0x21CE, 0x218B, 0x2168, 0x2146, 0x2168, 0x218A, 0x2169, 0x1927, 0x1905,
  0x1925, 0x2147, 0x2126, 0x18E4, 0x18E4, 0x2104, 0x2145, 0x2167, 0x2167, 0x2187, 0x2187, 0x2166, 0x2146, 0x2125, 0x2104, 0x2945,
  0x2944, 0x2104, 0x2104, 0x2104, 0x2103, 0x2103, 0x2104, 0x2145, 0x2988, 0x320A, 0x322C, 0x320A, 0x31C8, 0x39C7, 0x41E7, 0x41E7,
  0x5ACB, 0x632C, 0x6B6E, 0x8CF4, 0x9D97, 0x8453, 0x6B6F, 0x5AEE, 0x52AD, 0x4A8C, 0x4A8C, 0x4A6B, 0x4A6B, 0x4A6B, 0x4A6B, 0x4A6B,
  0x4A6B, 0x4A6B, 0x4A6B, 0x426B, 0x426B, 0x4A8C, 0x4ACF, 0x5332, 0x5374, 0x5374, 0x5333, 0x4AD0, 0x4AAF, 0x4A8E, 0x4AAE, 0x4ACF,
  0x4AD0, 0x4AD0, 0x4AF1, 0x4B11, 0x4B11, 0x4B52, 0x5374, 0x5395, 0x5395, 0x5333, 0x4AD0, 0x4AAE, 0x428E, 0x4A6D, 0x4A6D, 0x4AAE,
  0x424B, 0x422A, 0x5AEE, 0x4AAE, 0x424D, 0x424C, 0x424C, 0x4AAE, 0x5333, 0x4B54, 0x4B73, 0x4B73, 0x4B33, 0x4AF1, 0x426E, 0x42EF,
  0x5C34, 0x6BD1, 0x6BB0, 0x5352, 0x736E, 0x738E, 0x73AE, 0x6B90, 0x638F, 0x530F, 0x5373, 0x6436, 0x74B8, 0x8D38, 0xA5B9, 0xADFA,
  0xAE1A, 0xAE1A, 0xB5F9, 0xB5F9, 0xBE19, 0xBE38, 0xAD76, 0x73F4, 0x73F1, 0x42D0, 0x21CE, 0x218B, 0x2148, 0x2148, 0x2127, 0x3A0C,
  0x5B73, 0x428F, 0x5BF6, 0x859B, 0xAE9E, 0xC6FF, 0xCF1F, 0xBEBF, 0xA599, 0x9D57, 0xA599, 0xA65E, 0xAE5D, 0x9D79, 0xADB9, 0xB5D8,
  0xB5F9, 0xADDA, 0xC659, 0xC659, 0xC639, 0xC639, 0xBE3A, 0xBE3A, 0xBE19, 0xBE39, 0xC639, 0xCE59, 0xC638, 0xC618, 0xC618, 0xC618,
  0xC618, 0xC638, 0xCE59, 0xCE59, 0xCE79, 0xCE79, 0xD69A, 0xD69A, 0xD69A, 0xD699, 0xCE5A, 0xADD9, 0x8559, 0x8DDB, 0xA65B, 0x95FB,
  0x7D39, 0x7CD9, 0x7C78, 0x7C98, 0x8498, 0x84B8, 0x8CD8, 0x94F7, 0x9517, 0x9D37, 0xA557, 0xA578, 0xAD98, 0xADB8, 0xADD8, 0xB5D8,
  0xB5D8, 0xB5D8, 0xB5D8, 0xB5B8, 0xAD97, 0xAD77, 0xA536, 0x9CF5, 0x94D4, 0x8C94, 0x8C53, 0x8453, 0x8C73, 0x94B4, 0x9D15, 0xBE18,
  0xAE5A, 0xA63B, 0xA63B, 0xA63B, 0xA63B, 0xA65B, 0xAE7B, 0xB69B, 0xC6BC, 0xD6FC, 0xE73C, 0xE73C, 0xE73C, 0xE73C, 0xE73C, 0xE73C,
  0xE73C, 0xE73C, 0xE71C, 0xDEDB, 0xCE59, 0xBDF7, 0xB5B7, 0xB5B6, 0xB596, 0xAD75, 0xB575, 0xB596, 0xB5B7, 0xB5B7, 0xB5B6, 0xB596,
  0xB596, 0xB596, 0xB596, 0xB5B6, 0xB5B6, 0xB5B6, 0xB5B7, 0xBDB7, 0xA598, 0xADB7, 0xBDD6, 0xBDD7, 0xBDF7, 0xBDF7, 0xBDF7, 0xC617,
  0xBE18, 0xB5F9, 0xC659, 0x84F8, 0xBDF8, 0xCE59, 0xC639, 0xC638, 0xCE59, 0xAD98, 0x84B7, 0xCE78, 0x8496, 0x4332, 0x3AD1, 0x42B0,
  0x3A6F, 0x3A2D, 0x3A2D, 0x3A2C, 0x3A2D, 0x324D, 0x3A4D, 0x3A4E, 0x3A4E, 0x3A4E, 0x3A6F, 0x3AAF, 0x3AD0, 0x42F2, 0x4B35, 0x4B97,
  0x5BD9, 0x5C1A, 0x5C3A, 0x5C5A, 0x5C7A, 0x5C7A, 0x649A, 0x64DB, 0x6CFB, 0x753C, 0x7D5C, 0x751B, 0x647A, 0x5C18, 0x5C18, 0x6438,
  0x6436, 0x5393, 0x42B0, 0x320E, 0x29CD, 0x29CD, 0x29CD, 0x29EC, 0x29C9, 0x29A8, 0x2188, 0x2169, 0x2126, 0x1925, 0x2125, 0x2147,
  0x2147, 0x2146, 0x2145, 0x2146, 0x2146, 0x1946, 0x1925, 0x1924, 0x18E3, 0x20E3, 0x20E3, 0x2104, 0x2945, 0x2145, 0x2966, 0x2987,
  0x29A7, 0x29A7, 0x2987, 0x29A7, 0x29EA, 0x2A0A, 0x326D, 0x3AF1, 0x3AF0, 0x3A8E, 0x3A4C, 0x3A4B, 0x3A8C, 0x4ACD, 0x4AED, 0x530E,
  0x5B4E, 0x5B0D, 0x6B8E, 0x8D15, 0x8493, 0x8430, 0x8410, 0x73AF, 0x632E, 0x52CD, 0x52AC, 0x4A8C, 0x528D, 0x52AC, 0x52AC, 0x528C,
  0x528C, 0x4A8C, 0x4A8B, 0x4A8C, 0x4A6C, 0x4A6C, 0x424B, 0x4A4B, 0x4A6C, 0x4ACF, 0x5352, 0x5BB5, 0x5BB6, 0x5373, 0x4AF0, 0x4AAE,
  0x4A8E, 0x4AAE, 0x4AAF, 0x4AD0, 0x5311, 0x5332, 0x5332, 0x4B53, 0x5395, 0x5B95, 0x5374, 0x4B12, 0x4AB0, 0x4AAF, 0x428E, 0x4A8E,
  0x5310, 0x4A8D, 0x4A8C, 0x7BF1, 0x5B30, 0x4ACE, 0x4A6C, 0x422C, 0x426D, 0x4AD1, 0x4B35, 0x4B74, 0x4B73, 0x4B33, 0x4311, 0x428F,
  0x42F1, 0x6413, 0x6C31, 0x4B71, 0x632E, 0x736D, 0x6B8D, 0x632D, 0x5B2F, 0x5B0E, 0x42D0, 0x4B73, 0x5BD6, 0x6416, 0x6C36, 0x8CD7,
  0x9D99, 0xA5DA, 0xA5BA, 0xA599, 0xAD78, 0xADB8, 0xBE19, 0xADD7, 0x7434, 0x5B51, 0x5311, 0x2A0E, 0x196B, 0x1927, 0x2127, 0x1906,
  0x31EA, 0x5331, 0x428F, 0x5BF6, 0x857B, 0xA67E, 0xBEDF, 0xD75F, 0xD73E, 0xBE3B, 0xADD9, 0xB63C, 0xB69E, 0xADFA, 0xBE19, 0xC638,
  0xCE79, 0xCE9B, 0xCEBB, 0xDEFB, 0xDEFB, 0xDEDA, 0xD6DA, 0xD6DB, 0xD6BA, 0xDEDB, 0xDEDB, 0xDEDA, 0xD6BA, 0xD69A, 0xCE79, 0xCE79,
  0xD69A, 0xD69A, 0xD69A, 0xD6BA, 0xD6BA, 0xD6BA, 0xD6BA, 0xD6BA, 0xD69A, 0xCE99, 0xD679, 0xCE79, 0xB619, 0x8D79, 0x9E1B, 0xBEDC,
  0x9E1B, 0x7D59, 0x7CB8, 0x7C98, 0x7C98, 0x84B8, 0x8CD8, 0x94F7, 0x94F7, 0x9CF7, 0x9D17, 0x9D37, 0xA537, 0xA557, 0xA557, 0xA577,
  0xAD97, 0xAD97, 0xB5B8, 0xADB8, 0xADB8, 0xADB8, 0xAD97, 0xA556, 0x9D16, 0x94D4, 0x8C93, 0x8453, 0x8452, 0x8453, 0x8C74, 0xB597,
  0xA61A, 0x9DFA, 0x9DFA, 0x9DFA, 0x9DFA, 0x9DFB, 0x9E1B, 0xA63B, 0xAE7B, 0xBEBB, 0xD6FC, 0xE73D, 0xEF5D, 0xEF3C, 0xEF3C, 0xEF3C,
  0xE73C, 0xE73C, 0xE75C, 0xEF5C, 0xE73C, 0xDEDB, 0xCE59, 0xB5B7, 0xB596, 0xAD96, 0xB596, 0xBDD7, 0xBDF7, 0xBDF7, 0xBDF7, 0xBDD7,
  0xB5B6, 0xB5B6, 0xB5B6, 0xB5B6, 0xB5B6, 0xB5B6, 0xB5B6, 0xB5B6, 0xBDD7, 0xA597, 0xADB7, 0xBDF7, 0xBDF7, 0xBDF7, 0xC617, 0xBE18,
  0xCE37, 0xADF9, 0xC61A, 0xC638, 0x84F9, 0xB5D9, 0xCE78, 0xC659, 0xC638, 0xCE78, 0x9517, 0xA578, 0x9D38, 0xA558, 0x4B33, 0x3A71,
  0x3A70, 0x3A70, 0x4270, 0x3A70, 0x3A70, 0x3A90, 0x3A90, 0x3A90, 0x42B0, 0x42D2, 0x42F3, 0x4335, 0x4B77, 0x4B97, 0x4B97, 0x4B75,
  0x4B55, 0x4B75, 0x53B7, 0x5C39, 0x64BB, 0x6D1C, 0x7D5D, 0x7D9D, 0x7D7D, 0x6CFC, 0x5C5B, 0x5C19, 0x6437, 0x6436, 0x5BD3, 0x42F0,
  0x322E, 0x29CD, 0x29CD, 0x29CC, 0x29AB, 0x31AA, 0x2988, 0x2165, 0x2146, 0x2148, 0x2127, 0x1926, 0x2146, 0x2168, 0x2188, 0x1947,
  0x1946, 0x1926, 0x1926, 0x1926, 0x1927, 0x1948, 0x2148, 0x2168, 0x218A, 0x21AB, 0x29CB, 0x29EC, 0x2A2C, 0x324D, 0x324D, 0x3A2C,
  0x3A4D, 0x3A6D, 0x3AAF, 0x3B12, 0x3AD0, 0x324C, 0x320B, 0x31E9, 0x31E8, 0x31E9, 0x3A2A, 0x424A, 0x4229, 0x424A, 0x4AAB, 0x52AB,
  0x52CB, 0x5ACB, 0x6BAF, 0x7C31, 0x7BCF, 0x7C10, 0x8410, 0x840F, 0x7BEF, 0x7BCF, 0x738E, 0x634D, 0x5AED, 0x52CC, 0x52AC, 0x52AC,
  0x52AC, 0x52AC, 0x52AD, 0x4A8C, 0x4A8C, 0x4A8B, 0x4A6B, 0x4A8B, 0x4A6B, 0x4A4B, 0x4A2A, 0x4A4B, 0x4ACE, 0x5352, 0x5BB5, 0x5BB6,
  0x5374, 0x4AF0, 0x428D, 0x4A6C, 0x4A8D, 0x52F1, 0x5B54, 0x5374, 0x4B53, 0x5353, 0x5394, 0x5395, 0x5353, 0x42F1, 0x4AAF, 0x4A8E,
  0x42AF, 0x5332, 0x4B10, 0x428D, 0x6BB1, 0x6BB2, 0x6B70, 0x4ACD, 0x3A0B, 0x3A4C, 0x428E, 0x4B32, 0x5396, 0x4B74, 0x4312, 0x4311,
  0x3AB1, 0x4332, 0x63F2, 0x53B3, 0x5372, 0x632D, 0x6B4D, 0x630B, 0x52CD, 0x532F, 0x428E, 0x3A90, 0x4312, 0x4B75, 0x5395, 0x5394,
  0x6415, 0x7C96, 0x9538, 0x9D78, 0x9538, 0x9538, 0x9516, 0x9D35, 0x9D77, 0x7477, 0x4B33, 0x4B12, 0x21EF, 0x192A, 0x1907, 0x1927,
  0x1925, 0x320B, 0x4AAF, 0x4AF1, 0x6437, 0x8D7C, 0xA67E, 0xBEDE, 0xD75F, 0xE75E, 0xD6FC, 0xCE9B, 0xBE9E, 0xB63B, 0xB63A, 0xC659,
  0xCE79, 0xD6FB, 0xD71D, 0xE77D, 0xEF7D, 0xEF7D, 0xEF5D, 0xEF5D, 0xEF5D, 0xEF7D, 0xEF7D, 0xEF7D, 0xEF5D, 0xEF5D, 0xEF5D, 0xEF5D,
  0xEF5D, 0xEF5D, 0xEF5D, 0xEF5D, 0xEF5D, 0xEF5D, 0xEF5D, 0xE73C, 0xE73C, 0xE73C, 0xE71C, 0xDEFB, 0xCEDB, 0xB65B, 0xB67B, 0xDF1D,
  0xBEBC, 0x8DDB, 0x7D19, 0x7CB8, 0x7C98, 0x84B8, 0x8CD8, 0x9518, 0x9518, 0x9D17, 0x9D16, 0x9D16, 0x9CF5, 0x9CF6, 0x9D16, 0x9D16,
  0xA536, 0xA537, 0xA557, 0xA577, 0xAD97, 0xAD97, 0xA597, 0xA577, 0xA536, 0x9D16, 0x94D5, 0x9494, 0x8C73, 0x8C73, 0x8C73, 0xAD76,
  0x9DF9, 0x95BA, 0x95BA, 0x95BA, 0x95BA, 0x95BA, 0x9DDA, 0x9E1B, 0xAE5B, 0xBEBC, 0xD6FC, 0xE73D, 0xEF5D, 0xEF5D, 0xEF5D, 0xEF5D,
  0xEF3D, 0xEF3D, 0xEF5D, 0xE75D, 0xEF5D, 0xEF5D, 0xE73D, 0xD6DB, 0xC639, 0xB5B6, 0xB5B6, 0xBDF7, 0xC618, 0xC618, 0xC618, 0xBDF7,
  0xBDF7, 0xBDF7, 0xBDD7, 0xBDD7, 0xBDD7, 0xB5B6, 0xB5B6, 0xB5B6, 0xBDB6, 0xBDD6, 0xA5B9, 0xADB8, 0xBDF7, 0xC5F8, 0xC617, 0xC618,
  0xC618, 0xC638, 0xADD9, 0xCE59, 0xCE39, 0x8D18, 0xADB9, 0xD699, 0xCE59, 0xC638, 0xBE19, 0x8498, 0x6C36, 0xCE7A, 0xA579, 0x5354,
  0x4291, 0x3A0F, 0x31ED, 0x3A2E, 0x3A2D, 0x3A4E, 0x3A6F, 0x3A90, 0x3AB1, 0x3AD1, 0x3AD2, 0x42D1, 0x3AB0, 0x3A70, 0x3AB0, 0x4313,
  0x5397, 0x5419, 0x649C, 0x6CDE, 0x753E, 0x755E, 0x755D, 0x6CFC, 0x5C7A, 0x5C58, 0x6C57, 0x6BF5, 0x5331, 0x3A6F, 0x29EC, 0x29CC,
  0x29AB, 0x298A, 0x2949, 0x2148, 0x2126, 0x2925, 0x2167, 0x29EC, 0x322E, 0x326F, 0x3AD0, 0x3B11, 0x3B11, 0x3B11, 0x3B11, 0x3B32,
  0x4354, 0x4374, 0x4395, 0x43B6, 0x43D7, 0x43D7, 0x43D7, 0x43D7, 0x3BB6, 0x3B95, 0x4374, 0x3B33, 0x3B32, 0x3B53, 0x4373, 0x4353,
  0x4331, 0x3B31, 0x4352, 0x4332, 0x42D0, 0x42EF, 0x42EF, 0x4B0F, 0x42EF, 0x42EE, 0x4ACE, 0x4AEE, 0x4ACD, 0x4AED, 0x52CC, 0x52AB,
  0x5AAB, 0x5AEC, 0x6B6E, 0x73AF, 0x7410, 0x7C31, 0x7C10, 0x7BEF, 0x7BEF, 0x7BEF, 0x7BEF, 0x7BEF, 0x7BCF, 0x738E, 0x6B4D, 0x630D,
  0x5ACC, 0x52AC, 0x52AC, 0x4A8C, 0x4A8D, 0x4A8D, 0x4A8D, 0x4A6C, 0x4A6B, 0x4A6B, 0x4A6B, 0x4A4B, 0x4A2A, 0x422A, 0x426A, 0x4ACD,
  0x5352, 0x5BB5, 0x5394, 0x4B12, 0x4AAE, 0x426C, 0x428E, 0x5311, 0x5B74, 0x5354, 0x4B12, 0x4B32, 0x4B74, 0x4B74, 0x4B12, 0x4AB0,
  0x4AD0, 0x42D0, 0x5353, 0x5373, 0x4ACF, 0x6330, 0x5351, 0x5B50, 0x4A6C, 0x3A0A, 0x3A2B, 0x3A4D, 0x42D0, 0x53B5, 0x4BB5, 0x3AF2,
  0x42D1, 0x3AD2, 0x4B93, 0x4B73, 0x4B52, 0x5BD1, 0x634C, 0x5ACB, 0x52AA, 0x4AEE, 0x5310, 0x322E, 0x326F, 0x3AD1, 0x4313, 0x4333,
  0x4B53, 0x5373, 0x63D3, 0x8CF6, 0x9D57, 0x9517, 0x9517, 0x8CD6, 0x7414, 0x7C73, 0x6C97, 0x63F5, 0x73D3, 0x29EE, 0x1929, 0x2107,
  0x2127, 0x2947, 0x39EA, 0x426D, 0x5B73, 0x7498, 0x95DD, 0xA65E, 0xB6DE, 0xD75F, 0xE77E, 0xE73D, 0xCF1E, 0xCE9B, 0xBE19, 0xC69A,
  0xCE9A, 0xD6BA, 0xCEDC, 0xD73D, 0xEF5D, 0xEF5D, 0xEF5D, 0xEF5D, 0xE75D, 0xEF7D, 0xEF7D, 0xEF7D, 0xEF7D, 0xEF7D, 0xEF5D, 0xEF7D,
  0xEF7D, 0xEF7D, 0xEF7D, 0xEF7D, 0xEF7D, 0xEF7D, 0xEF7D, 0xEF7D, 0xEF7D, 0xEF7D, 0xEF7D, 0xEF7D, 0xE75D, 0xDF3D, 0xE73D, 0xE73D,
  0xC6DC, 0x963B, 0x857A, 0x7CF9, 0x7CB8, 0x84B8, 0x8CD8, 0x9518, 0x9D58, 0x9D57, 0x9D57, 0x9D16, 0x9CF6, 0x9CF5, 0x9CF6, 0x9CF5,
  0x9CF5, 0x9CF6, 0x9D16, 0xA536, 0xA536, 0xA556, 0xA557, 0xA557, 0xA536, 0xA536, 0x9D16, 0x9CF5, 0x94D5, 0x94D4, 0x94B4, 0xAD97,
  0x9E1A, 0x95FA, 0x95DA, 0x95FA, 0x95FB, 0x9E1B, 0xA63B, 0xAE7B, 0xBEBC, 0xCEFC, 0xDF1C, 0xE75D, 0xE73D, 0xE73D, 0xE73D, 0xDF1C,
  0xDF1C, 0xDF1C, 0xD71C, 0xD71D, 0xCEFC, 0xCEFD, 0xCEFD, 0xCEDD, 0xC6BC, 0xBE5B, 0xBE19, 0xC618, 0xC638, 0xC638, 0xC618, 0xC618,
  0xC618, 0xC618, 0xBDF7, 0xBDD7, 0xBDD7, 0xB5B6, 0xB5B6, 0xB5B6, 0xB5D7, 0xBDD7, 0xBDF6, 0xB5D8, 0xADB9, 0xADD8, 0xB5F8, 0xC618,
  0xC638, 0xC638, 0xC619, 0xADD9, 0xCE59, 0xC659, 0x84F8, 0x9538, 0xB5F9, 0xB5F9, 0xBE18, 0xCE9B, 0x7457, 0x9558, 0xDEDB, 0x6C58,
  0x53D3, 0x6B8F, 0x630D, 0x3167, 0x31C9, 0x31EA, 0x3A0B, 0x3A0C, 0x3A0C, 0x3A2D, 0x3A4E, 0x3A70, 0x3AB1, 0x42D2, 0x4315, 0x4B35,
  0x4B35, 0x4B56, 0x4BB7, 0x5BF8, 0x5C59, 0x6499, 0x6499, 0x6C98, 0x6457, 0x5BB5, 0x42B1, 0x31EE, 0x29CC, 0x31CC, 0x31EC, 0x3A0D,
  0x3A2D, 0x3A6E, 0x3A8F, 0x42B0, 0x42D0, 0x42F1, 0x4332, 0x4334, 0x4354, 0x4395, 0x4BB6, 0x4BD6, 0x4BF7, 0x4C17, 0x4C18, 0x4C18,
  0x4C18, 0x4BF6, 0x4395, 0x3B54, 0x3B11, 0x32D0, 0x328E, 0x2A2B, 0x29EA, 0x29EA, 0x2A0B, 0x322C, 0x328E, 0x3AD0, 0x3AAE, 0x3A2B,
  0x3A0A, 0x3A4A, 0x322A, 0x3A09, 0x3A29, 0x424A, 0x426B, 0x428B, 0x42AC, 0x4AAC, 0x4AAC, 0x52CC, 0x52CC, 0x52CB, 0x52CC, 0x5B0D,
  0x5B2E, 0x634E, 0x6B6E, 0x738F, 0x7BD0, 0x7BEF, 0x8410, 0x83F0, 0x7BEF, 0x7BEF, 0x7BEF, 0x7BCF, 0x7BCF, 0x7BCE, 0x73AE, 0x738E,
  0x6B6D, 0x6B4D, 0x630C, 0x5AEB, 0x5ACC, 0x52AB, 0x4A8B, 0x4A6C, 0x4A6C, 0x4A6C, 0x4A4C, 0x424B, 0x424B, 0x424B, 0x4A2B, 0x422A,
  0x422A, 0x426B, 0x4ACE, 0x5331, 0x5332, 0x4AF1, 0x4ACF, 0x42AE, 0x4AAF, 0x4B32, 0x5353, 0x4B33, 0x4B12, 0x5353, 0x53B5, 0x5395,
  0x4B13, 0x4AF2, 0x4AF2, 0x4B54, 0x5395, 0x42D1, 0x52CF, 0x5310, 0x5B0E, 0x422A, 0x31EA, 0x39EA, 0x31EB, 0x3A4D, 0x4B74, 0x53F7,
  0x3B13, 0x3AD1, 0x3AD2, 0x4B95, 0x4332, 0x4B10, 0x5BD1, 0x5B2D, 0x5A8A, 0x52CC, 0x5B51, 0x42CF, 0x2A2E, 0x326E, 0x3A90, 0x3AD0,
  0x4312, 0x4332, 0x4312, 0x4B32, 0x7C54, 0x9D36, 0x9D17, 0x94F7, 0x9518, 0x7414, 0x5B10, 0x63D3, 0x9D56, 0x7C75, 0x29EE, 0x1149,
  0x2148, 0x2968, 0x31A9, 0x422B, 0x52EF, 0x7415, 0x851A, 0x9E1D, 0xA65E, 0xB6BE, 0xCF3F, 0xE75E, 0xE77E, 0xE73E, 0xC69B, 0xC67A,
  0xD6BA, 0xD6BB, 0xCEBB, 0xC6DC, 0xDF1C, 0xEF3D, 0xEF3C, 0xE73D, 0xE75D, 0xEF5D, 0xEF7D, 0xEF7D, 0xEF7D, 0xEF7D, 0xEF5D, 0xEF5D,
  0xEF7D, 0xEF7D, 0xEF7D, 0xEF7D, 0xEF7D, 0xEF7D, 0xEF7D, 0xEF7D, 0xEF7D, 0xEF5D, 0xE75D, 0xE73D, 0xDF3D, 0xDF3D, 0xD71C, 0xC6DC,
  0xAE7B, 0x8E1B, 0x85BA, 0x8539, 0x84D8, 0x84D8, 0x8CF8, 0x9D59, 0xA5B9, 0xADD9, 0xADB8, 0xA577, 0xA536, 0x9D16, 0x9CF5, 0x94D5,
  0x94D5, 0x94D5, 0x94D5, 0x9CD5, 0x9CF5, 0x9CF5, 0x9CF6, 0x9D16, 0x9D16, 0x9D16, 0x9D16, 0x9CF5, 0x9CF5, 0x9CF5, 0x9CF5, 0xB5B7,
  0xB67B, 0xAE7B, 0xA65B, 0xA65B, 0xA65B, 0xA65B, 0xAE7B, 0xB69C, 0xB6BC, 0xC6DC, 0xC6DC, 0xC6DC, 0xC6BC, 0xC6BC, 0xC6BC, 0xBE9B,
  0xBE9B, 0xBE7B, 0xB67B, 0xB65B, 0xB65A, 0xB65A, 0xB63A, 0xB619, 0xB619, 0xB619, 0xBE39, 0xBE39, 0xC638, 0xC638, 0xC618, 0xC618,
  0xC618, 0xC618, 0xC618, 0xBDF7, 0xBDD7, 0xB5B6, 0xB5B6, 0xB5B6, 0xB5B6, 0xBDD7, 0xBDD7, 0xBDD7, 0xBDF8, 0xB5D8, 0xB5D8, 0xADF9,
  0xADD9, 0xB5D9, 0xB5F9, 0xA5B9, 0x9578, 0xB5F9, 0xC659, 0x9D99, 0x84F8, 0xBE18, 0xE6FB, 0xDEFB, 0xD6DB, 0x7C77, 0x84D8, 0x6C37,
  0x9539, 0x7BF2, 0x94F8, 0x422A, 0x31A7, 0x31EA, 0x3A4C, 0x3A8D, 0x3A8E, 0x3AAF, 0x3AB0, 0x4290, 0x3AB0, 0x3AAF, 0x3A8F, 0x42B0,
  0x42F1, 0x4B33, 0x5396, 0x6418, 0x6479, 0x6CB9, 0x6C99, 0x6438, 0x53D7, 0x5395, 0x5BB5, 0x5C15, 0x6416, 0x63F6, 0x63F5, 0x5BB5,
  0x5373, 0x4B32, 0x42F1, 0x3AB0, 0x3A8F, 0x3A90, 0x3AB2, 0x3B13, 0x4375, 0x4B95, 0x4BB6, 0x4BD6, 0x4BB6, 0x4394, 0x4353, 0x3AF1,
  0x328F, 0x324C, 0x29C9, 0x29C9, 0x29A8, 0x29A7, 0x29E9, 0x2A0B, 0x320C, 0x322C, 0x322B, 0x320A, 0x31E9, 0x3A09, 0x3A08, 0x3A09,
  0x3A29, 0x4229, 0x4228, 0x4249, 0x4249, 0x4249, 0x4249, 0x4AAB, 0x52EB, 0x5B2D, 0x5B2E, 0x5B2E, 0x534F, 0x534F, 0x5B2E, 0x5B2D,
  0x634E, 0x638F, 0x6BD0, 0x7431, 0x7C52, 0x8452, 0x8431, 0x840F, 0x83EF, 0x7BEF, 0x7BCF, 0x7BCE, 0x7BCE, 0x73AE, 0x6BAE, 0x6B8E,
  0x6B6D, 0x6B4D, 0x6B4D, 0x632C, 0x630C, 0x630B, 0x5AEB, 0x5ACC, 0x52CB, 0x52AC, 0x528C, 0x4A8C, 0x4A6C, 0x4A4C, 0x424B, 0x424B,
  0x424A, 0x424A, 0x422A, 0x424A, 0x426C, 0x4A8E, 0x4A8D, 0x42AE, 0x4AD0, 0x42D0, 0x4AF0, 0x5353, 0x5374, 0x4B33, 0x4B53, 0x53B6,
  0x5BF8, 0x53B6, 0x4B75, 0x4B55, 0x4B54, 0x5395, 0x4B12, 0x52CE, 0x5B0F, 0x42AF, 0x31EA, 0x31C9, 0x31CA, 0x31EB, 0x29CC, 0x42F2,
  0x5417, 0x4354, 0x32B1, 0x32D3, 0x4BB6, 0x4B31, 0x42AF, 0x4B92, 0x5B2D, 0x5AEB, 0x638F, 0x5B92, 0x3AB1, 0x326E, 0x322D, 0x3A6E,
  0x3A90, 0x3AD2, 0x42F2, 0x3AB1, 0x3A90, 0x5332, 0x8494, 0x9D15, 0x94D6, 0x8CF7, 0x7C96, 0x4AF0, 0x5351, 0x8D37, 0x7C33, 0x320E,
  0x298A, 0x29A9, 0x39C9, 0x422A, 0x52CD, 0x6B92, 0x7C97, 0x959C, 0xAE3E, 0xAE5D, 0xB69D, 0xCF1E, 0xDF5E, 0xE77E, 0xE75E, 0xDEDC,
  0xDEDA, 0xD6BB, 0xCEBB, 0xBE9B, 0xC6DC, 0xDF1D, 0xEF3C, 0xEF3D, 0xE73D, 0xEF5D, 0xEF5D, 0xEF7D, 0xEF7D, 0xEF7D, 0xEF5D, 0xEF5D,
  0xEF7D, 0xEF7D, 0xEF7D, 0xEF7D, 0xEF7D, 0xE75D, 0xDF3D, 0xD71D, 0xC6DC, 0xBEBC, 0xAE7C, 0xA67B, 0x9E5B, 0x9E5B, 0x9E3B, 0x961B,
  0x8DDA, 0x85BA, 0x859A, 0x8559, 0x8D39, 0x8D39, 0x9558, 0xA5D9, 0xB65B, 0xBE7A, 0xB619, 0xADD8, 0xAD97, 0xA557, 0x9D16, 0x9CD5,
  0x94B5, 0x94B4, 0x94B4, 0x94B4, 0x94B5, 0x94B5, 0x94B5, 0x94D5, 0x94D5, 0x94D5, 0x9CF5, 0x9CD5, 0x9CF5, 0x9CF5, 0x9CF5, 0xB5B7,
  0xD71C, 0xC6BC, 0xA65A, 0x961A, 0x9E1A, 0xA61B, 0xA63B, 0xAE3B, 0xB65B, 0xBE5A, 0xBE5A, 0xBE5A, 0xBE3A, 0xBE39, 0xBE39, 0xBE39,
  0xBE18, 0xBE18, 0xBDF8, 0xBDF7, 0xBDD7, 0xBDD7, 0xBDD7, 0xB5B7, 0xB5B6, 0xBDD7, 0xBDF7, 0xC618, 0xC638, 0xC638, 0xC618, 0xC618,
  0xC638, 0xC618, 0xC618, 0xBDF7, 0xBDD7, 0xB5B6, 0xB5B6, 0xB596, 0xB5B6, 0xB5B6, 0xBDD7, 0xBDD7, 0xBDD7, 0xBDF7, 0xC618, 0xC638,
  0xCE39, 0xCE59, 0xCE59, 0xCE79, 0xC659, 0xB5F9, 0xC659, 0xDEDA, 0xCE5A, 0x9519, 0x9D59, 0xCE9A, 0xE71C, 0xE71C, 0x8CD8, 0x3B55,
  0x6C98, 0x7C14, 0x7C54, 0x7C54, 0x3187, 0x39C9, 0x39EA, 0x3A0B, 0x3A2D, 0x424E, 0x428F, 0x3AAF, 0x3AD0, 0x42F1, 0x4B12, 0x4B33,
  0x4B74, 0x5396, 0x5BD7, 0x5BF8, 0x5BF7, 0x5BF7, 0x5BF6, 0x5BD5, 0x5BD4, 0x5BB3, 0x5353, 0x4AF1, 0x42AF, 0x3A6F, 0x322E, 0x320C,
  0x31EC, 0x320D, 0x3A4E, 0x3A8F, 0x3AD1, 0x4312, 0x4334, 0x4353, 0x4312, 0x3AB0, 0x324C, 0x29C9, 0x2967, 0x2146, 0x2125, 0x2124,
  0x2124, 0x2145, 0x2946, 0x2988, 0x298A, 0x29AA, 0x2988, 0x2987, 0x2166, 0x2945, 0x2945, 0x2945, 0x2964, 0x31A6, 0x39C7, 0x39E7,
  0x4228, 0x4228, 0x4A49, 0x4A69, 0x52AB, 0x52CC, 0x52EC, 0x5B2E, 0x5B4F, 0x5B6F, 0x5B6F, 0x5B6F, 0x6390, 0x63B0, 0x63D1, 0x63D1,
  0x6BF2, 0x73F1, 0x7C11, 0x7C31, 0x8451, 0x8451, 0x8451, 0x8431, 0x8431, 0x8431, 0x8431, 0x8431, 0x7BF0, 0x73F0, 0x73CF, 0x738E,
  0x6B6D, 0x6B4D, 0x632C, 0x632C, 0x630C, 0x5AEB, 0x5AEB, 0x5AEB, 0x5AEB, 0x5ACB, 0x5AEB, 0x5AEB, 0x5ACB, 0x52CB, 0x52AC, 0x528C,
  0x4A6B, 0x4A4B, 0x4A4B, 0x424B, 0x424B, 0x424B, 0x424C, 0x424C, 0x426B, 0x428E, 0x42B0, 0x42D1, 0x4B12, 0x5394, 0x5375, 0x5354,
  0x53B6, 0x5C39, 0x5C59, 0x53F8, 0x4B96, 0x4B54, 0x4B54, 0x4AF3, 0x4ACE, 0x530E, 0x428F, 0x29CA, 0x29AA, 0x29AA, 0x31AA, 0x29AB,
  0x326F, 0x53D7, 0x4395, 0x32D3, 0x2AD3, 0x43D6, 0x5390, 0x4A8E, 0x4352, 0x6390, 0x7BEF, 0x7411, 0x4B33, 0x42F1, 0x5330, 0x63D2,
  0x7414, 0x42B0, 0x32B2, 0x32D3, 0x3270, 0x2A0F, 0x2A30, 0x5332, 0x7C33, 0x8452, 0x8C94, 0x8CB7, 0x5353, 0x4312, 0x7475, 0x4AF0,
  0x29CD, 0x320B, 0x3A0B, 0x424A, 0x52CC, 0x6350, 0x7C34, 0x8D19, 0xA5DC, 0xB65D, 0xB65D, 0xB69E, 0xBEFE, 0xD75E, 0xE75E, 0xEF5E,
  0xEF5D, 0xDEFB, 0xD69A, 0xC67A, 0xB65C, 0xC6DC, 0xDF1C, 0xE73C, 0xE73D, 0xE73D, 0xE75D, 0xE75D, 0xE75D, 0xEF5D, 0xEF5D, 0xEF5D,
  0xEF7D, 0xEF7D, 0xEF7D, 0xE75D, 0xDF3D, 0xCEFD, 0xBEBC, 0xAE7C, 0x9E3B, 0x961B, 0x85DA, 0x7DDA, 0x85DA, 0x85DB, 0x85DA, 0x8DDA,
  0x8DDA, 0x8DDA, 0x8DBA, 0x95BA, 0x95DA, 0xA61A, 0xAE3A, 0xC69B, 0xD71C, 0xD71C, 0xCEBB, 0xBE5A, 0xB619, 0xADB8, 0xA557, 0x9D16,
  0x94D5, 0x94B4, 0x94B4, 0x94B4, 0x9494, 0x9494, 0x8C94, 0x9494, 0x94B4, 0x9494, 0x94B4, 0x94B4, 0x94D5, 0x94D5, 0x94D5, 0xB5B7,
  0xE75D, 0xD6FC, 0xB65A, 0xB639, 0xC639, 0xC639, 0xC659, 0xCE59, 0xC659, 0xC639, 0xC638, 0xBE18, 0xBDF7, 0xBDD7, 0xBDD7, 0xBDD6,
  0xBDD7, 0xB5B6, 0xB5B6, 0xB596, 0xB596, 0xB596, 0xB596, 0xB596, 0xB5B6, 0xB5B6, 0xBDF7, 0xC618, 0xC638, 0xC638, 0xC638, 0xC618,
  0xC638, 0xC618, 0xC618, 0xBDF7, 0xBDD7, 0xB5B6, 0xB5B6, 0xB596, 0xB596, 0xB5B6, 0xB5D6, 0xBDD7, 0xBDD7, 0xBDD7, 0xC618, 0xC638,
  0xCE59, 0xCE79, 0xD699, 0xD699, 0xD6BA, 0xCE7B, 0xBDF9, 0xB619, 0xD6BA, 0xDF1B, 0xBE3A, 0x9538, 0xA579, 0xD6DB, 0xCEBC, 0x84D8,
  0x6C57, 0xB5F9, 0x8C92, 0xDEDC, 0x5B0F, 0x29CB, 0x31CA, 0x31EB, 0x39EB, 0x31EB, 0x39CA, 0x31CA, 0x31CA, 0x31EB, 0x31EC, 0x31EC,
  0x3A0C, 0x3A2D, 0x3A2E, 0x3A2E, 0x3A2E, 0x3A2D, 0x3A0D, 0x320D, 0x31EC, 0x39EC, 0x31ED, 0x322D, 0x3A4F, 0x3A6F, 0x42B0, 0x42D1,
  0x42D0, 0x42B1, 0x4290, 0x3A6F, 0x3A6E, 0x326F, 0x320D, 0x29A9, 0x2146, 0x2104, 0x2103, 0x2104, 0x2925, 0x2946, 0x2967, 0x2188,
  0x2989, 0x2989, 0x2969, 0x2988, 0x2966, 0x2965, 0x2965, 0x3186, 0x31E7, 0x3208, 0x3A09, 0x3A09, 0x3A29, 0x3A4A, 0x428B, 0x4ACD,
  0x530E, 0x534F, 0x5B70, 0x5B71, 0x5B71, 0x5B91, 0x63D2, 0x63B1, 0x63B0, 0x6390, 0x636F, 0x5B4E, 0x632D, 0x632D, 0x632D, 0x634E,
  0x6B8E, 0x73CF, 0x7C11, 0x8472, 0x8C92, 0x8C92, 0x8C72, 0x8471, 0x8451, 0x8431, 0x8431, 0x7C10, 0x7C10, 0x7BF0, 0x73F0, 0x73F1,
  0x73D0, 0x6B6D, 0x6B2C, 0x632C, 0x630C, 0x5AEC, 0x5AEB, 0x5ACB, 0x5ACB, 0x5ACB, 0x5ACB, 0x5ACB, 0x5ACB, 0x5AEB, 0x5AEB, 0x5ACB,
  0x52AA, 0x528A, 0x528A, 0x4A8B, 0x4A6B, 0x4A6B, 0x426B, 0x424C, 0x424C, 0x422C, 0x422C, 0x424D, 0x428F, 0x42F1, 0x5375, 0x5BD7,
  0x5BD7, 0x53F8, 0x5C59, 0x5C7A, 0x5C19, 0x4B97, 0x4334, 0x4313, 0x3AD1, 0x4A8E, 0x52EF, 0x322D, 0x29AA, 0x298A, 0x298A, 0x298B,
  0x216B, 0x328F, 0x4395, 0x43D7, 0x2AF4, 0x32B3, 0x4BD6, 0x5B70, 0x42AD, 0x4351, 0x7C94, 0xA554, 0x9D16, 0x8D19, 0x9558, 0x8537,
  0x84D6, 0x8C94, 0x42F0, 0x2250, 0x2A93, 0x2A52, 0x21EF, 0x21D0, 0x2A71, 0x5331, 0x73D1, 0x8C92, 0x94F6, 0x5B93, 0x42F2, 0x6415,
  0x4B31, 0x3A2D, 0x426E, 0x4AAD, 0x5AED, 0x6B50, 0x7BF2, 0x8CB6, 0x9559, 0xADFC, 0xB67D, 0xB67D, 0xB69D, 0xBEDD, 0xCF1E, 0xE75D,
  0xEF7D, 0xEF5D, 0xDF1B, 0xCE79, 0xAE1A, 0xB67B, 0xD6DB, 0xE73C, 0xE73D, 0xE75D, 0xE75D, 0xE75D, 0xE73D, 0xE75D, 0xE75D, 0xEF5D,
  0xEF5D, 0xEF7D, 0xEF7D, 0xEF7E, 0xE75E, 0xDF3D, 0xCEFC, 0xBEBC, 0xB69C, 0xA65B, 0x9E5B, 0x9E3B, 0x9E3B, 0xA65B, 0xAE7C, 0xB69B,
  0xBE9B, 0xBE9C, 0xBEBC, 0xBEBC, 0xC6DC, 0xD71D, 0xDF3D, 0xE75D, 0xEF7D, 0xEF7D, 0xE75D, 0xD6FC, 0xC69A, 0xB639, 0xADB8, 0xA537,
  0x9CF5, 0x94D5, 0x94B5, 0x94B4, 0x9494, 0x8C94, 0x8C73, 0x8C73, 0x8C73, 0x8C73, 0x8C74, 0x8C94, 0x8C94, 0x94B4, 0x94B4, 0xB597,
  0xEF5D, 0xE73D, 0xDEFC, 0xCE9A, 0xCE59, 0xCE59, 0xCE59, 0xC638, 0xC618, 0xC5F7, 0xBDD7, 0xBDB7, 0xB5B6, 0xB596, 0xAD96, 0xAD75,
  0xAD75, 0xAD75, 0xAD75, 0xAD75, 0xAD75, 0xAD75, 0xAD75, 0xAD75, 0xB596, 0xB5B6, 0xBDF7, 0xC638, 0xCE58, 0xC658, 0xC638, 0xC638,
  0xC638, 0xC618, 0xC618, 0xC618, 0xBDF7, 0xBDD7, 0xB5B6, 0xB596, 0xB596, 0xB596, 0xB5B6, 0xBDD7, 0xBDD7, 0xBDF7, 0xC638, 0xCE79,
  0xD69A, 0xD6BA, 0xD6BA, 0xD6BA, 0xD6BA, 0xDEBA, 0xDEDB, 0xCE7A, 0xBE19, 0xBE39, 0xDEBB, 0xDEDB, 0xBE3A, 0xA59A, 0x84B8, 0xADBA,
  0xCE7C, 0x7478, 0x7C35, 0x9CF5, 0xA556, 0x3A71, 0x42D0, 0x31CB, 0x39EC, 0x3A2D, 0x3A2E, 0x3A2E, 0x3A2E, 0x3A4D, 0x3A2D, 0x3A2D,
  0x3A2D, 0x3A4D, 0x3A4E, 0x3A6F, 0x3A6F, 0x3A4F, 0x3A4E, 0x3A4E, 0x3A4D, 0x3A2D, 0x3A4D, 0x3A6E, 0x3A6E, 0x426E, 0x3A4E, 0x3A2D,
  0x3A2D, 0x3A0C, 0x31CA, 0x31C9, 0x31A8, 0x31C9, 0x31EA, 0x3A0C, 0x322D, 0x322C, 0x320C, 0x322D, 0x322D, 0x3A4D, 0x3A2C, 0x320A,
  0x320A, 0x3A4A, 0x322A, 0x3A4A, 0x426C, 0x3A4B, 0x428C, 0x426C, 0x428D, 0x428D, 0x428D, 0x428D, 0x42AE, 0x42AE, 0x42AE, 0x4ACE,
  0x530E, 0x532E, 0x5B2E, 0x6390, 0x634E, 0x632D, 0x632D, 0x630C, 0x5ACB, 0x5ACB, 0x5AEB, 0x632C, 0x634E, 0x638F, 0x6BCF, 0x73D0,
  0x73D0, 0x8410, 0x8C51, 0x8C92, 0x9491, 0x9491, 0x8C71, 0x8C50, 0x8430, 0x8410, 0x8410, 0x7BEF, 0x7BCF, 0x7BAE, 0x73AE, 0x738E,
  0x6B8E, 0x6B6D, 0x632C, 0x632C, 0x630C, 0x5AEB, 0x5ACB, 0x5ACB, 0x5ACB, 0x5ACB, 0x5ACB, 0x5ACB, 0x5ACB, 0x5ACB, 0x5AEB, 0x5ACB,
  0x52AA, 0x4A69, 0x4A49, 0x4A49, 0x4A49, 0x4A49, 0x4A69, 0x4A6A, 0x4A6A, 0x4A6B, 0x4A6B, 0x424B, 0x422C, 0x424C, 0x428E, 0x4B12,
  0x53F6, 0x5C39, 0x5C5B, 0x5C5A, 0x5C79, 0x5439, 0x4BB7, 0x4334, 0x32D2, 0x3230, 0x428C, 0x4AAE, 0x29CC, 0x29CC, 0x218A, 0x216A,
  0x194A, 0x5B2E, 0x5330, 0x3B14, 0x43D8, 0x2B15, 0x2AD5, 0x4BF7, 0x4B51, 0x4AAF, 0x6C35, 0xB61A, 0xCEBB, 0xADF9, 0x8539, 0x7CB7,
  0x7456, 0x7C96, 0xA515, 0x4312, 0x220F, 0x1A11, 0x2A74, 0x2A51, 0x2230, 0x2A72, 0x4312, 0x5BB2, 0x8C93, 0x8CB6, 0x7455, 0x4B33,
  0x6C54, 0x5BD4, 0x4290, 0x52EF, 0x5B2F, 0x6B70, 0x7BF1, 0x94D6, 0x9D58, 0xA57A, 0xB65D, 0xB69D, 0xBE7D, 0xB67D, 0xAE7D, 0xBEBC,
  0xDF3D, 0xEF7D, 0xEF7D, 0xE71C, 0xC65A, 0xB61A, 0xB69C, 0xD6FC, 0xEF3C, 0xE75D, 0xE75D, 0xEF5D, 0xEF5D, 0xE75D, 0xE75D, 0xEF7D,
  0xEF7D, 0xEF7D, 0xEF7E, 0xEF9E, 0xEF9E, 0xEF7D, 0xEF7D, 0xE75D, 0xDF3D, 0xD71D, 0xCEFC, 0xC6FC, 0xCEFC, 0xDF3D, 0xE75D, 0xE75D,
  0xEF5D, 0xEF5D, 0xEF7D, 0xEF7D, 0xF77E, 0xF77E, 0xF79D, 0xF79D, 0xF79E, 0xF79E, 0xF79E, 0xE77D, 0xD6FC, 0xC67A, 0xB5F8, 0xAD97,
  0xA536, 0x9CF5, 0x94D5, 0x94B5, 0x94B4, 0x8C94, 0x8C73, 0x8C73, 0x8C53, 0x8453, 0x8453, 0x8453, 0x8453, 0x8C73, 0x8C74, 0xAD76,
  0xE75D, 0xEF5D, 0xEF5D, 0xEF3C, 0xD69A, 0xCE59, 0xC638, 0xC618, 0xBDF7, 0xBDD7, 0xB5B6, 0xB596, 0xAD75, 0xAD55, 0xAD55, 0xA534,
  0xA534, 0xA534, 0xA534, 0xA534, 0xA534, 0xAD55, 0xAD55, 0xAD75, 0xAD75, 0xB5B6, 0xBDF7, 0xC638, 0xCE59, 0xC639, 0xC639, 0xC638,
  0xC638, 0xC638, 0xC638, 0xC618, 0xBDF7, 0xBDD7, 0xB5B6, 0xB596, 0xB596, 0xB5B6, 0xBDD7, 0xBDF7, 0xBDF7, 0xC638, 0xCE79, 0xD6BA,
  0xDEDB, 0xDEFB, 0xDEFB, 0xDEDB, 0xDEDB, 0xDEDB, 0xDEDB, 0xDEFB, 0xDEDB, 0xCE9A, 0xBE39, 0xBE19, 0xCE5A, 0xDEDB, 0x9539, 0x8D39,
  0xA59B, 0x7CB8, 0x7498, 0x7C75, 0x8495, 0x428F, 0x4B95, 0x53D6, 0x42D1, 0x3A70, 0x3A91, 0x42D2, 0x4315, 0x4B56, 0x4B75, 0x4B75,
  0x4B75, 0x4B54, 0x4B54, 0x4333, 0x4312, 0x42F2, 0x42F2, 0x42F1, 0x42F1, 0x42F1, 0x42D1, 0x42B0, 0x428F, 0x3A6E, 0x3A4D, 0x3A2D,
  0x324D, 0x3A6E, 0x324E, 0x324D, 0x322D, 0x320D, 0x31EC, 0x320B, 0x320B, 0x320C, 0x320C, 0x320C, 0x320D, 0x320D, 0x320C, 0x320C,
  0x322D, 0x320B, 0x31EA, 0x39EB, 0x31EB, 0x39EB, 0x3A0A, 0x31E9, 0x39E9, 0x39E9, 0x39E9, 0x3A08, 0x4208, 0x4208, 0x4228, 0x4248,
  0x52AA, 0x5ACA, 0x5ACA, 0x630B, 0x736E, 0x6B4C, 0x632C, 0x6B8E, 0x6B8E, 0x6B6F, 0x6B90, 0x6B8F, 0x6B8E, 0x6B6E, 0x736E, 0x738E,
  0x7BCF, 0x8C30, 0x94B2, 0x9CF3, 0x9CF3, 0x94B3, 0x9492, 0x8C71, 0x8C51, 0x8430, 0x8410, 0x8410, 0x7BEF, 0x7BCF, 0x73AE, 0x738E,
  0x736D, 0x6B4D, 0x632C, 0x632C, 0x630C, 0x5AEB, 0x5ACB, 0x5ACB, 0x5ACB, 0x52AA, 0x52AA, 0x52AA, 0x5ACB, 0x5ACB, 0x5ACB, 0x5ACB,
  0x5ACB, 0x52AA, 0x4A6A, 0x4A69, 0x4A48, 0x4A48, 0x4229, 0x4228, 0x4208, 0x4208, 0x4228, 0x4A49, 0x4A4A, 0x426B, 0x4A8C, 0x52AE,
  0x4AAF, 0x5373, 0x5C18, 0x5C7B, 0x5C7B, 0x5C5B, 0x5459, 0x4BD8, 0x3B35, 0x3251, 0x29CE, 0x3A6D, 0x322E, 0x21CD, 0x21AC, 0x216B,
  0x194B, 0x428F, 0x6371, 0x220F, 0x5352, 0x43D7, 0x2B15, 0x2B15, 0x4418, 0x4B73, 0x6BB1, 0x5B72, 0x7495, 0x8D17, 0x6C55, 0x63B4,
  0x52F1, 0x4AB0, 0x7412, 0x9D15, 0x5394, 0x4AF1, 0x19CF, 0x2273, 0x32F5, 0x3293, 0x32B2, 0x4334, 0x63D5, 0x7455, 0x7CFA, 0x8D7B,
  0x84B6, 0x9D58, 0x74B7, 0x5331, 0x6372, 0x73D2, 0x7C12, 0x8C94, 0xB5D9, 0xADB9, 0xADDB, 0xBE7D, 0xBE7D, 0xBE5D, 0xAE5D, 0x9E1C,
  0xAE7C, 0xD71C, 0xE75D, 0xEF5C, 0xDF1C, 0xC67B, 0xB65B, 0xC6DC, 0xE73C, 0xEF5D, 0xEF5D, 0xEF5D, 0xEF5D, 0xEF7D, 0xEF5D, 0xEF5D,
  0xEF7D, 0xEF7D, 0xEF7D, 0xEF7D, 0xEF7D, 0xEF7E, 0xEF7D, 0xEF7D, 0xEF7D, 0xEF7D, 0xE75D, 0xE75D, 0xEF7D, 0xEF7D, 0xEF7D, 0xEF7D,
  0xEF7D, 0xEF7D, 0xEF7D, 0xF77D, 0xF77D, 0xEF9E, 0xEF9E, 0xF79E, 0xF79E, 0xF79E, 0xF79D, 0xF79D, 0xE75D, 0xD6DB, 0xBE5A, 0xB5D8,
  0xAD77, 0xA537, 0x9D16, 0x9CF5, 0x94D5, 0x9494, 0x8C73, 0x8C73, 0x8453, 0x8433, 0x8432, 0x8432, 0x8432, 0x8433, 0x8433, 0xA535,
  0xBE9B, 0xC6DC, 0xDF3D, 0xE77D, 0xE73D, 0xD679, 0xC618, 0xBDF7, 0xBDD7, 0xB596, 0xAD75, 0xAD75, 0xAD55, 0xA534, 0xA514, 0xA514,
  0xA514, 0xA514, 0xA514, 0xA514, 0xA514, 0xA514, 0xA534, 0xA534, 0xAD75, 0xB5B6, 0xBDF7, 0xC638, 0xCE59, 0xCE39, 0xCE39, 0xCE39,
  0xC638, 0xC638, 0xC638, 0xC638, 0xC618, 0xBDF7, 0xBDD7, 0xBDD7, 0xBDD7, 0xBDF7, 0xC618, 0xC638, 0xC638, 0xCE79, 0xD6BA, 0xDEFB,
  0xDEFB, 0xE71C, 0xE71C, 0xDEFB, 0xDEFB, 0xDEDB, 0xDEDB, 0xDEDB, 0xDEDB, 0xDEDB, 0xDEDB, 0xD6BB, 0xCE7B, 0xCE7B, 0x8518, 0xBE3B,
  0xC65A, 0x9559, 0x84F9, 0x7479, 0x5BB5, 0x3AB1, 0x3A50, 0x5396, 0x5C7A, 0x5438, 0x53D6, 0x5396, 0x4B95, 0x4B96, 0x4B96, 0x4BB6,
  0x4BF7, 0x5417, 0x5418, 0x53F8, 0x53B6, 0x4B95, 0x4B95, 0x4BB5, 0x53D5, 0x53D6, 0x53D5, 0x53B5, 0x53B6, 0x53B6, 0x53B5, 0x53B5,
  0x5394, 0x4B94, 0x4B94, 0x4B74, 0x5352, 0x4B31, 0x42EF, 0x4AAE, 0x42AE, 0x3A8D, 0x3A6C, 0x3A4C, 0x426C, 0x3A6B, 0x3A4B, 0x3A8D,
  0x428E, 0x426E, 0x3A2B, 0x31E8, 0x3186, 0x3165, 0x3185, 0x39A6, 0x39C7, 0x39E7, 0x4207, 0x4208, 0x4208, 0x4229, 0x4A49, 0x4A6A,
  0x52AA, 0x5ACB, 0x630C, 0x632C, 0x73F0, 0x7410, 0x7C10, 0x6BAF, 0x73CF, 0x6B6D, 0x632C, 0x6B4D, 0x736D, 0x738E, 0x73AE, 0x7BEF,
  0x8450, 0x94B2, 0xA514, 0xAD34, 0xA534, 0x9CF3, 0x94B2, 0x9492, 0x8C71, 0x8C51, 0x8430, 0x8410, 0x7BEF, 0x7BCF, 0x73AE, 0x738E,
  0x6B6E, 0x6B4D, 0x632C, 0x630C, 0x630C, 0x5AEB, 0x5ACB, 0x5ACB, 0x52AA, 0x52AA, 0x52AA, 0x52AA, 0x52AA, 0x5ACB, 0x5ACB, 0x5ACB,
  0x5ACB, 0x5ACB, 0x52AA, 0x528A, 0x528A, 0x4A69, 0x4A49, 0x4248, 0x4208, 0x39E7, 0x39C7, 0x39E7, 0x39E7, 0x4228, 0x4A69, 0x73B1,
  0x6BB1, 0x52CD, 0x52ED, 0x5B93, 0x5C18, 0x5C5B, 0x5C9C, 0x547A, 0x4BF9, 0x3AF4, 0x29EF, 0x21AD, 0x322E, 0x21ED, 0x19AD, 0x21AD,
  0x196C, 0x6B90, 0x73F2, 0x2A0F, 0x324E, 0x5371, 0x43D7, 0x2B15, 0x3356, 0x4C39, 0x63B4, 0x8C92, 0x4AF1, 0x53B4, 0x6C76, 0x6C35,
  0x3A90, 0x198B, 0x1949, 0x5B50, 0x7495, 0x7CB6, 0x7434, 0x3271, 0x2A73, 0x3B56, 0x4376, 0x3B34, 0x4355, 0x6C77, 0x7498, 0x7CF9,
  0x8497, 0xB5B7, 0xC679, 0x9D99, 0x7C95, 0x8CF7, 0x94D5, 0x9CF6, 0xA578, 0xBE3A, 0xB5FA, 0xB63C, 0xBE7D, 0xB63C, 0xAE1C, 0xA5FD,
  0x95DA, 0xA63A, 0xC6DC, 0xDF3C, 0xE73C, 0xD6FC, 0xC6BB, 0xCEDC, 0xDF3D, 0xE75D, 0xEF5D, 0xEF5D, 0xEF5D, 0xEF5D, 0xEF5D, 0xEF5D,
  0xEF5D, 0xEF7D, 0xEF7D, 0xEF7D, 0xEF7D, 0xEF7D, 0xEF7D, 0xEF7D, 0xEF7D, 0xEF7D, 0xEF7D, 0xEF7D, 0xEF7D, 0xEF7D, 0xEF7D, 0xEF7D,
  0xEF7D, 0xEF7D, 0xEF7D, 0xEF7D, 0xEF9E, 0xEF9E, 0xF79E, 0xF79E, 0xF79E, 0xF79E, 0xF79E, 0xF79E, 0xEF7D, 0xE73D, 0xCEDB, 0xBE5A,
  0xB5F9, 0xADB8, 0xA577, 0xA557, 0x9CF6, 0x94D5, 0x9494, 0x8C74, 0x8C53, 0x8433, 0x8433, 0x8432, 0x8412, 0x7C12, 0x7C12, 0x9CF5,
  0xAE3A, 0xAE1A, 0xB67B, 0xC6DC, 0xDF3D, 0xDEFC, 0xC638, 0xBDD6, 0xB5B6, 0xB596, 0xAD75, 0xAD55, 0xAD55, 0xA534, 0xA514, 0xA514,
  0x9CF3, 0x9CF3, 0x9CF3, 0x9CF3, 0x9CF3, 0x9CF3, 0xA514, 0xA534, 0xAD55, 0xB5B6, 0xC618, 0xC638, 0xCE59, 0xC658, 0xC638, 0xC638,
  0xC638, 0xC638, 0xC659, 0xCE59, 0xCE59, 0xC638, 0xC618, 0xC618, 0xC618, 0xC638, 0xCE59, 0xCE79, 0xD69A, 0xD6BA, 0xDEDB, 0xDEFB,
  0xE71C, 0xE71C, 0xE71C, 0xDEFB, 0xDEFB, 0xDEDB, 0xDEDB, 0xDEDB, 0xDEDB, 0xD6BA, 0xD6BA, 0xD6BB, 0xDEDB, 0xDEDB, 0x8D39, 0xCE9B,
  0xDEFB, 0xBE1B, 0xCE7A, 0xADD9, 0x84D9, 0x9D39, 0x4B33, 0x3AD2, 0x4374, 0x5438, 0x5CBB, 0x64DB, 0x6CFB, 0x6CDB, 0x64DB, 0x64DA,
  0x64DA, 0x64BA, 0x64BA, 0x64BA, 0x64BB, 0x64BB, 0x64DB, 0x64FB, 0x6CFB, 0x64DA, 0x649A, 0x5C9A, 0x5C7A, 0x6479, 0x6479, 0x6499,
  0x6CB9, 0x6CD9, 0x74F9, 0x751A, 0x7D3B, 0x7D5B, 0x7D5B, 0x7D1B, 0x74FA, 0x74F9, 0x74F8, 0x74F8, 0x6CD8, 0x6C97, 0x6435, 0x5BD2,
  0x5BD2, 0x5BD1, 0x63D2, 0x63D3, 0x5B91, 0x532F, 0x4AAB, 0x4A28, 0x41E7, 0x39C7, 0x41E7, 0x4208, 0x4A48, 0x4A69, 0x528A, 0x5AAA,
  0x5AEC, 0x634E, 0x6B90, 0x6BD0, 0x73CF, 0x8431, 0x8411, 0x83F0, 0x73AE, 0x73CF, 0x6B8E, 0x73AE, 0x73AF, 0x73CF, 0x7BEF, 0x8430,
  0x8C92, 0xA514, 0xB596, 0xB5B7, 0xAD75, 0xA513, 0x9CD3, 0x9492, 0x8C71, 0x8C51, 0x8430, 0x8410, 0x7BEF, 0x7BCF, 0x73AE, 0x738E,
  0x6B6D, 0x6B4D, 0x632C, 0x630C, 0x5AEB, 0x5ACB, 0x5ACB, 0x5ACB, 0x52AA, 0x52AA, 0x52AA, 0x52AA, 0x52AA, 0x52AA, 0x5ACB, 0x5ACB,
  0x5ACB, 0x5ACB, 0x5ACB, 0x52AA, 0x528A, 0x5AEB, 0x630C, 0x4A49, 0x4208, 0x39E7, 0x39C7, 0x39C7, 0x39E7, 0x4208, 0x4228, 0x6B4E,
  0x94F6, 0x8C92, 0x6B4C, 0x5AEA, 0x632D, 0x5B90, 0x63F6, 0x6C79, 0x5C58, 0x43B8, 0x2A71, 0x218C, 0x216B, 0x21CD, 0x19AD, 0x21CE,
  0x11AE, 0x73F2, 0x8CB3, 0x4ACF, 0x5B2F, 0x324E, 0x4B32, 0x43B6, 0x2316, 0x3B75, 0x3BF8, 0x5BD5, 0x9D14, 0x5B71, 0x4B93, 0x6456,
  0x9536, 0x42B0, 0x110B, 0x08C8, 0x428D, 0x5373, 0x8474, 0x8472, 0x5B50, 0x42F1, 0x3B75, 0x5438, 0x5C38, 0x4BD6, 0x53D5, 0x74B9,
  0x9539, 0x7C96, 0xA557, 0xBE3A, 0xB65B, 0xB67B, 0xCEBC, 0xD6BC, 0xCE9B, 0xCE9B, 0xCE9B, 0xCE9C, 0xCEBE, 0xC6BE, 0xB67D, 0xAE3D,
  0xA5DB, 0x95BA, 0xA63A, 0xC6DC, 0xE73C, 0xE73C, 0xDF1C, 0xE71C, 0xE75D, 0xE75D, 0xE75D, 0xEF5D, 0xEF5D, 0xEF5D, 0xEF5D, 0xEF5D,
  0xEF5D, 0xEF5D, 0xEF7D, 0xEF7D, 0xEF7D, 0xEF7D, 0xEF7D, 0xEF7D, 0xEF7D, 0xEF7D, 0xEF7D, 0xEF7D, 0xEF7D, 0xEF7D, 0xEF7D, 0xEF7D,
  0xEF7D, 0xEF7D, 0xEF7D, 0xEF7D, 0xF79E, 0xF79E, 0xF79E, 0xF79E, 0xF79E, 0xF79E, 0xF79E, 0xF79E, 0xF79E, 0xEF5D, 0xDF1C, 0xCEDB,
  0xC69B, 0xBE5A, 0xB619, 0xADD8, 0xA577, 0x9D16, 0x94D5, 0x94B4, 0x8C94, 0x8C53, 0x8433, 0x8432, 0x8432, 0x7C12, 0x7BF1, 0x94D4,
  0xCEBB, 0xC65A, 0xB63A, 0xB65A, 0xBE9B, 0xCEDD, 0xC6BB, 0xBDF7, 0xB596, 0xAD96, 0xAD75, 0xAD55, 0xA534, 0xA534, 0xA534, 0xA514,
  0x9CF3, 0x9CD3, 0x9CD3, 0x9CD3, 0x9CF3, 0x9CF3, 0x9CF3, 0xA514, 0xAD55, 0xB596, 0xC618, 0xCE59, 0xCE59, 0xC659, 0xC659, 0xBE59,
  0xBE5A, 0xC65A, 0xCE9A, 0xD6BB, 0xD6BB, 0xD69A, 0xD69A, 0xCE79, 0xCE79, 0xCE79, 0xD69A, 0xD6BA, 0xD6BA, 0xD6BA, 0xDEDB, 0xDEFB,
  0xE71C, 0xE71C, 0xE71C, 0xDEFB, 0xDEFB, 0xDEDB, 0xD6BA, 0xDEDB, 0xD6BA, 0xD6BA, 0xD6BA, 0xD6BA, 0xD6BA, 0xCE7A, 0x8D5A, 0xD6BA,
  0xDEFB, 0xCE7A, 0xBE3A, 0xDEDA, 0xBE19, 0x9D9A, 0x5BD5, 0x3AF4, 0x4B96, 0x53D7, 0x5459, 0x64DB, 0x6D5D, 0x759D, 0x7DBE, 0x7DFF,
  0x85FE, 0x85FE, 0x861E, 0x8E1E, 0x8E1E, 0x8E3E, 0x8E1D, 0x861E, 0x8E3E, 0x8E5F, 0x8E3F, 0x8E1F, 0x8DFE, 0x85FE, 0x85FE, 0x85FE,
  0x85FF, 0x7DDE, 0x7D9E, 0x755D, 0x6D1B, 0x64FB, 0x64DB, 0x5CDA, 0x5CDB, 0x5CDB, 0x64DB, 0x64FB, 0x64FB, 0x651B, 0x651B, 0x64FA,
  0x64DA, 0x5CB8, 0x5C98, 0x5C77, 0x6478, 0x6CB8, 0x6CD9, 0x6CD8, 0x6C75, 0x63F2, 0x5B4F, 0x5AED, 0x52CC, 0x5AED, 0x634F, 0x63B1,
  0x6BF3, 0x6C13, 0x6BD2, 0x6BD1, 0x73F2, 0x7C53, 0x8CD5, 0x8CF6, 0x8C94, 0x8473, 0x7C74, 0x7C74, 0x7C94, 0x8494, 0x84B4, 0x8CD5,
  0x9536, 0x9D77, 0xADB9, 0xADD9, 0xA597, 0x9D35, 0x94F4, 0x94B2, 0x8C71, 0x8C30, 0x8430, 0x8410, 0x7BEF, 0x7BCF, 0x73AE, 0x738E,
  0x6B6D, 0x6B4D, 0x632C, 0x630C, 0x5AEB, 0x5ACB, 0x5ACB, 0x52AA, 0x52AA, 0x52AA, 0x52AA, 0x528A, 0x528A, 0x52AA, 0x52AA, 0x52AA,
  0x52AA, 0x5ACB, 0x5AEB, 0x5ACB, 0x738E, 0xA534, 0xAD75, 0x5ACB, 0x39E7, 0x39C7, 0x31A6, 0x31A6, 0x39C7, 0x4208, 0x4228, 0x5ACB,
  0x8C95, 0xADD8, 0xAD96, 0x8410, 0x6B4D, 0x6B6C, 0x634C, 0x634D, 0x6BF1, 0x63F4, 0x32F4, 0x21CE, 0x214A, 0x196C, 0x198D, 0x21EF,
  0x19CD, 0x3A2D, 0x5351, 0x4ACF, 0x840F, 0x5B2E, 0x2A2E, 0x3AD1, 0x2B36, 0x22D6, 0x3BB6, 0x3B97, 0x4B95, 0x9D15, 0x6BB1, 0x4B52,
  0x74B6, 0xAD96, 0x4B10, 0x116D, 0x110A, 0x196B, 0x3A6F, 0x7BF0, 0x8430, 0x8411, 0x6BF3, 0x5BD4, 0x5C17, 0x6CBA, 0x6C98, 0x5BD5,
  0x7476, 0x7C98, 0x9537, 0xA577, 0x9D79, 0xAE3B, 0xBEDD, 0xD6FC, 0xE71D, 0xE71E, 0xDEFD, 0xDF1C, 0xDF1E, 0xDF5E, 0xDF3E, 0xCEFE,
  0xBEBD, 0xA61C, 0xA63B, 0xC6BB, 0xDF1C, 0xE73C, 0xE73C, 0xE73C, 0xE73C, 0xE75D, 0xE75D, 0xE75D, 0xEF5D, 0xEF5D, 0xEF5D, 0xEF5D,
  0xEF5D, 0xEF5D, 0xEF7D, 0xEF7D, 0xEF7D, 0xEF7D, 0xEF7D, 0xEF7D, 0xEF7D, 0xEF7D, 0xEF7D, 0xEF7D, 0xEF7D, 0xEF7D, 0xEF7D, 0xEF7D,
  0xEF7D, 0xEF7D, 0xEF7D, 0xEF7D, 0xF79E, 0xF79D, 0xF79D, 0xF79E, 0xF79E, 0xF79E, 0xF79E, 0xEF9D, 0xEF7D, 0xEF7D, 0xE75D, 0xDF3C,
  0xDEFC, 0xD6DB, 0xC6BB, 0xBE3A, 0xB5F9, 0xA598, 0x9D36, 0x94F5, 0x94B5, 0x8C74, 0x8C53, 0x8453, 0x8433, 0x8412, 0x7BF1, 0x94D4,
  0xE73D, 0xD6DB, 0xCE79, 0xCE79, 0xC65A, 0xBE7A, 0xBE9B, 0xBE3A, 0xB5B7, 0xB576, 0xAD75, 0xAD55, 0xAD55, 0xAD55, 0xA534, 0xA534,
  0xA514, 0x9CF3, 0x9CD3, 0x9CD3, 0x9CF3, 0x9CF3, 0x9CF3, 0xA514, 0xAD55, 0xB5B6, 0xC618, 0xCE59, 0xCE59, 0xCE39, 0xC639, 0xC659,
  0xCE7A, 0xCE9A, 0xD6BB, 0xDEFB, 0xDEFC, 0xDEFB, 0xDEFB, 0xDEFB, 0xDEFB, 0xDEDB, 0xD6BA, 0xD6BA, 0xD6BA, 0xD6BA, 0xDEDB, 0xDEFB,
  0xE71C, 0xE71C, 0xE71C, 0xDEFB, 0xDEFB, 0xDEDB, 0xD6BA, 0xD6BA, 0xD6BA, 0xD6BA, 0xD69A, 0xD69A, 0xD69A, 0xC65A, 0x95BB, 0xCE9B,
  0xDEDB, 0xD6BA, 0xB61A, 0xCE7A, 0xD699, 0xCE9A, 0x84F9, 0x5354, 0x42F5, 0x53D7, 0x5C79, 0x6CDB, 0x64DB, 0x64BC, 0x64FC, 0x6D3D,
  0x755D, 0x757E, 0x7D9E, 0x7DBE, 0x85DE, 0x85DE, 0x85FF, 0x85DE, 0x859B, 0x7539, 0x7518, 0x7D59, 0x7DBB, 0x7E1D, 0x7DDC, 0x7559,
  0x6CB7, 0x6C76, 0x6C55, 0x6434, 0x6414, 0x63D3, 0x5BD2, 0x5BB2, 0x5B92, 0x5BB3, 0x5BF4, 0x5C15, 0x5C36, 0x5C16, 0x5BF5, 0x5BF5,
  0x5BF5, 0x5C16, 0x5C58, 0x5C78, 0x6498, 0x5CB9, 0x64DA, 0x6D1B, 0x755C, 0x7D9D, 0x859D, 0x857B, 0x8539, 0x7CF8, 0x7474, 0x7C10,
  0x7BCF, 0x7BCF, 0x73CF, 0x73AF, 0x73CF, 0x7C10, 0x94D3, 0xA535, 0x94B2, 0x8410, 0x8430, 0x8410, 0x8410, 0x8451, 0x8CB2, 0xA534,
  0xB5B6, 0xC639, 0xC65A, 0xB5F9, 0xA577, 0x9D36, 0x9516, 0x94D4, 0x8CB4, 0x8472, 0x8430, 0x8410, 0x7BEF, 0x7BCF, 0x738E, 0x6B6D,
  0x6B4D, 0x6B4D, 0x632C, 0x630C, 0x5AEB, 0x5ACB, 0x5ACB, 0x52AA, 0x52AA, 0x528A, 0x528A, 0x528A, 0x528A, 0x528A, 0x528A, 0x528A,
  0x528A, 0x52AA, 0x5ACB, 0x5AEB, 0x9CD3, 0xCE79, 0xBDD7, 0x6B4D, 0x39E7, 0x31A6, 0x3186, 0x3186, 0x31A6, 0x39E7, 0x4228, 0x528A,
  0x7BF2, 0x9D57, 0xC659, 0xC638, 0x9CF3, 0x7BEF, 0x738E, 0x6B4D, 0x632D, 0x6BD2, 0x4B75, 0x3231, 0x194B, 0x196B, 0x196C, 0x220F,
  0x21CE, 0x08C8, 0x21AC, 0x5310, 0x73AF, 0x738D, 0x4B0E, 0x428F, 0x4B11, 0x2AF5, 0x1A95, 0x4BD7, 0x3335, 0x3B14, 0x84D5, 0x5B91,
  0x3AD1, 0x6C56, 0xAD76, 0x6B71, 0x2A30, 0x220F, 0x42B0, 0x5332, 0x63F3, 0x7C74, 0x94F4, 0x9516, 0x84F7, 0x7497, 0x6C78, 0x74B9,
  0x6C98, 0x6C77, 0x84B8, 0x9D79, 0xA5D9, 0x9D9A, 0xAE5C, 0xBEDD, 0xCEDC, 0xDF1D, 0xE73D, 0xDEFD, 0xDEFD, 0xDF1E, 0xDF3E, 0xD71E,
  0xD71E, 0xC6DE, 0xC6DD, 0xDF1C, 0xE71C, 0xE73C, 0xE73C, 0xE73C, 0xE73C, 0xEF3C, 0xEF5D, 0xE75D, 0xEF5D, 0xEF5D, 0xEF5D, 0xEF5D,
  0xEF5D, 0xEF5D, 0xEF5D, 0xEF5D, 0xEF5D, 0xEF5D, 0xEF7D, 0xEF7D, 0xEF7D, 0xEF7D, 0xEF7D, 0xEF7D, 0xEF7D, 0xEF7D, 0xEF7D, 0xEF7D,
  0xEF7D, 0xEF7D, 0xEF7D, 0xEF7E, 0xF79E, 0xF77D, 0xEF7D, 0xEF7D, 0xE75D, 0xE73D, 0xE73D, 0xE73D, 0xE73D, 0xE73D, 0xE75D, 0xE75D,
  0xE73D, 0xDF3D, 0xDF1C, 0xCEDC, 0xC67B, 0xB5F9, 0xAD98, 0x9D37, 0x94F6, 0x94B5, 0x8C94, 0x8C74, 0x8C53, 0x8433, 0x7C12, 0x9CF4,
  0xEF7D, 0xEF5D, 0xDEDB, 0xCE79, 0xCE79, 0xC638, 0xBE19, 0xBE39, 0xB5F8, 0xB596, 0xB575, 0xAD75, 0xAD75, 0xAD75, 0xAD55, 0xAD55,
  0xA534, 0xA514, 0x9CF3, 0x9CF3, 0x9CF3, 0x9CF3, 0xA514, 0xA534, 0xAD55, 0xB5B6, 0xC618, 0xCE79, 0xCE59, 0xCE59, 0xCE39, 0xCE79,
  0xD69A, 0xDEBB, 0xDEDB, 0xDEDB, 0xDEDB, 0xD6BA, 0xD6BA, 0xD6BA, 0xD6BA, 0xD6BA, 0xD6BA, 0xD6BA, 0xD6BA, 0xD6BA, 0xDEDB, 0xDEFB,
  0xE71C, 0xE73C, 0xE71C, 0xE71C, 0xDEFB, 0xDEDB, 0xD6BA, 0xD6BA, 0xD6BA, 0xD6BA, 0xD69A, 0xCE79, 0xD699, 0xC659, 0xA5DB, 0xCE9B,
  0xDEDA, 0xD6BB, 0xC63A, 0xBE19, 0xD699, 0xD69A, 0xA5B9, 0xBE39, 0x6393, 0x5374, 0x63B6, 0x63F8, 0x74DB, 0x7D5C, 0x7D3C, 0x6CFC,
  0x64BB, 0x5C7B, 0x5C5B, 0x5C3B, 0x5C5C, 0x649D, 0x649A, 0x6436, 0x5B93, 0x5393, 0x5B91, 0x5B90, 0x5B70, 0x532F, 0x4ACD, 0x4A6C,
  0x4A6B, 0x4A6B, 0x4A6B, 0x4A8B, 0x526B, 0x528B, 0x528C, 0x52AC, 0x52AC, 0x4AAC, 0x4A8C, 0x528C, 0x4A8D, 0x4ACE, 0x4AEE, 0x4AED,
  0x4AEE, 0x4AEE, 0x4ACD, 0x428C, 0x4A8B, 0x4ACC, 0x534F, 0x5BD2, 0x6433, 0x6434, 0x6C96, 0x7D19, 0x859B, 0x85BC, 0x8DBB, 0x8D79,
  0x8D16, 0x8CB3, 0x8C91, 0x8431, 0x8410, 0x7BCF, 0x8C51, 0xB5B6, 0xB596, 0x8C71, 0x8C50, 0x8C71, 0x8C71, 0x9492, 0xAD35, 0xC5F8,
  0xD69A, 0xD6BA, 0xCE99, 0xBDF7, 0xAD55, 0xA4F3, 0x9CB2, 0x9492, 0x8C71, 0x8C31, 0x8410, 0x7BEF, 0x7BCF, 0x73AE, 0x738E, 0x6B6D,
  0x6B4D, 0x632C, 0x630C, 0x5AEB, 0x5AEB, 0x5ACB, 0x52AA, 0x52AA, 0x528A, 0x528A, 0x528A, 0x4A69, 0x4A69, 0x4A69, 0x4A69, 0x4A69,
  0x4A69, 0x528A, 0x52AA, 0x5ACB, 0x6B6D, 0x94B2, 0x738E, 0x4A49, 0x39C7, 0x3186, 0x2965, 0x2965, 0x3186, 0x39C7, 0x4228, 0x4A89,
  0x6B6F, 0x94D6, 0xB5F8, 0xCE9A, 0xCE79, 0xB5B6, 0x8C71, 0x73AE, 0x734D, 0x736F, 0x7412, 0x4B74, 0x322F, 0x216B, 0x196C, 0x2250,
  0x19AD, 0x08C7, 0x08E9, 0x4AEF, 0x6B6F, 0x632D, 0x636E, 0x532E, 0x5B0F, 0x7C12, 0x3314, 0x1A94, 0x5417, 0x1AD5, 0x3AF4, 0x7CB4,
  0x5372, 0x2231, 0x5C15, 0x94D3, 0x6B6E, 0x52F1, 0x6457, 0x959A, 0x9D78, 0x9D37, 0x9D17, 0xA536, 0xB595, 0xBDF7, 0xB5B7, 0x9516,
  0x84B7, 0x7CF9, 0x7CD9, 0x7CD9, 0x957A, 0xA5B9, 0xA599, 0xB67C, 0xB69D, 0xC6BC, 0xE73D, 0xEF7E, 0xDF3D, 0xE73D, 0xDEFD, 0xD71E,
  0xD6FE, 0xD6FE, 0xCEFE, 0xDF1D, 0xE73C, 0xE71C, 0xE71C, 0xE73C, 0xE73C, 0xE73C, 0xEF5D, 0xEF5D, 0xE75D, 0xE75D, 0xEF5C, 0xEF5D,
  0xEF5D, 0xE73C, 0xEF5D, 0xEF5D, 0xEF5D, 0xEF5D, 0xEF5D, 0xEF7D, 0xEF7D, 0xEF7D, 0xEF7D, 0xEF7D, 0xEF7D, 0xEF7D, 0xEF7D, 0xEF7D,
  0xEF7D, 0xEF5D, 0xEF7D, 0xEF7E, 0xEF7D, 0xE75D, 0xDF3D, 0xDF1D, 0xD6FC, 0xD6DC, 0xD6DC, 0xD6FC, 0xD6FC, 0xD6FC, 0xDF1C, 0xDF1C,
  0xDF3D, 0xE73D, 0xE73D, 0xDF1C, 0xCEDC, 0xBE5A, 0xADF8, 0xA598, 0x9D37, 0x9CF6, 0x94D5, 0x9495, 0x8C94, 0x8C74, 0x8433, 0xA535,
  0xEF7D, 0xEF7D, 0xEF5D, 0xD6BB, 0xCE79, 0xCE59, 0xC618, 0xBDF7, 0xB5D7, 0xB596, 0xB596, 0xBDD7, 0xB596, 0xAD75, 0xB596, 0xAD75,
  0xAD55, 0xA534, 0xA514, 0xA514, 0x9CF3, 0xA514, 0xA514, 0xA534, 0xAD55, 0xBDD7, 0xCE59, 0xCE79, 0xCE79, 0xCE79, 0xCE79, 0xD69A,
  0xD6BB, 0xDEDB, 0xDEFC, 0xE71C, 0xDEFB, 0xDEDB, 0xD6BA, 0xD6BA, 0xD69A, 0xD69A, 0xD6BA, 0xD6BA, 0xD6BA, 0xD6BA, 0xDEDB, 0xDEFB,
  0xE71C, 0xE73C, 0xE73C, 0xE71C, 0xDEFB, 0xDEDB, 0xD6BA, 0xD6BA, 0xD6BA, 0xD6BA, 0xD69A, 0xCE79, 0xCE79, 0xC65A, 0xA61B, 0xC67B,
  0xDEDA, 0xD69A, 0xD6BA, 0xBE19, 0xBE1A, 0xD6BA, 0xA599, 0xADFA, 0xB5F9, 0x7C55, 0x8CB5, 0x94B6, 0x73D6, 0x4B34, 0x6418, 0x74BA,
  0x74D9, 0x6CB9, 0x6C99, 0x6C59, 0x6438, 0x5BB5, 0x5310, 0x4AEE, 0x52CD, 0x52AD, 0x4A8C, 0x4A6C, 0x4A6B, 0x4A6B, 0x4A8B, 0x4A8C,
  0x52AC, 0x52AB, 0x52AC, 0x52AC, 0x52AC, 0x52AC, 0x52AC, 0x5ACD, 0x5AED, 0x5AED, 0x5AED, 0x5AED, 0x5ACD, 0x52ED, 0x52ED, 0x52ED,
  0x5B0D, 0x534E, 0x5BB1, 0x63D2, 0x63B1, 0x63D2, 0x5B90, 0x5B0D, 0x52CC, 0x52CB, 0x5B0C, 0x634E, 0x6BD0, 0x7454, 0x7CD8, 0x855B,
  0x8D9B, 0x95BB, 0x9578, 0x8D15, 0x94B3, 0x9492, 0x94F3, 0xA534, 0xC617, 0xC618, 0x8C51, 0x8C71, 0x94B3, 0xAD55, 0xC638, 0xDEFB,
  0xE71C, 0xD6BA, 0xC618, 0xB576, 0xA514, 0x9CF3, 0x94B2, 0x9492, 0x8C51, 0x8430, 0x8410, 0x7BEF, 0x73AE, 0x738E, 0x6B6D, 0x6B4D,
  0x632C, 0x630C, 0x5AEB, 0x5ACB, 0x5ACB, 0x52AA, 0x52AA, 0x528A, 0x528A, 0x4A69, 0x4A69, 0x4A69, 0x4A69, 0x4A69, 0x4A49, 0x4A69,
  0x4A69, 0x528A, 0x52AA, 0x52AA, 0x52AA, 0x52AA, 0x4A49, 0x4208, 0x39C7, 0x3186, 0x2945, 0x2945, 0x2965, 0x31A6, 0x4208, 0x4A69,
  0x630D, 0x8475, 0xA5B8, 0xCE59, 0xCE79, 0xD69A, 0xC638, 0x9CF3, 0x7BEF, 0x738E, 0x8450, 0x63B2, 0x5BB3, 0x3AD1, 0x21EE, 0x2A91,
  0x19AD, 0x10E7, 0x0087, 0x31EB, 0x73AF, 0x530D, 0x530F, 0x73CE, 0x5B10, 0x5B50, 0x8C92, 0x32F4, 0x1A94, 0x4C37, 0x1273, 0x4313,
  0x8492, 0x5372, 0x1A51, 0x5C14, 0x73F0, 0x6B6C, 0x7C32, 0xA5BA, 0xBE9C, 0xCEBC, 0xC69C, 0xC65C, 0xC65A, 0xC659, 0xD679, 0xD678,
  0xAD98, 0x9518, 0x9517, 0x8D18, 0x84F8, 0x9538, 0x9D59, 0x9D9A, 0xAE5C, 0xA65C, 0xBE9C, 0xE73D, 0xE73D, 0xDF1D, 0xE73C, 0xD71D,
  0xCF1E, 0xCEDD, 0xD6FE, 0xCEFD, 0xD71D, 0xE73D, 0xE71C, 0xE71C, 0xE73C, 0xE73C, 0xE75D, 0xEF5D, 0xEF5D, 0xE75D, 0xE75D, 0xEF5C,
  0xEF5C, 0xEF5D, 0xEF5D, 0xE73C, 0xE73C, 0xE73C, 0xEF5D, 0xEF5D, 0xEF5D, 0xE75D, 0xEF5D, 0xEF5D, 0xEF5D, 0xE73C, 0xE73C, 0xE73C,
  0xE73D, 0xE73D, 0xE73D, 0xDF3D, 0xDF3D, 0xDF1C, 0xD6FC, 0xCEDC, 0xCEBB, 0xC6BB, 0xC69B, 0xC6BB, 0xC6BB, 0xCEBB, 0xD6DB, 0xD6DC,
  0xD6FC, 0xDEFC, 0xDF1C, 0xDF1C, 0xD6DC, 0xC69B, 0xB639, 0xADF8, 0xA598, 0xA557, 0x9D16, 0x94F6, 0x94B5, 0x9494, 0x8C74, 0xAD77,
  0xE75D, 0xEF7D, 0xEF7D, 0xE73C, 0xD6BA, 0xCE59, 0xC638, 0xBDF7, 0xBDB6, 0xB596, 0xB596, 0xC638, 0xD69A, 0xC618, 0xBDD7, 0xB596,
  0xB596, 0xAD75, 0xAD55, 0xA534, 0xA534, 0xA534, 0xA534, 0xA534, 0xAD75, 0xC638, 0xD6BA, 0xCE79, 0xCE79, 0xCE79, 0xD69A, 0xD6BA,
  0xDEDB, 0xDEFB, 0xE71C, 0xE71C, 0xE71C, 0xDEFB, 0xDEDB, 0xD6BA, 0xD69A, 0xD6BA, 0xD6BA, 0xD6BA, 0xD6BA, 0xD6BA, 0xDEDB, 0xDEFB,
  0xE73C, 0xE73C, 0xE73C, 0xE71C, 0xDEFB, 0xDEDB, 0xDEDB, 0xD6BA, 0xD6BA, 0xD6BA, 0xD69A, 0xCE79, 0xCE79, 0xC65A, 0xAE3B, 0xB65B,
  0xDEDA, 0xD6BA, 0xD69A, 0xD699, 0xBE39, 0xBE1A, 0xB5DA, 0x8D18, 0xDEFB, 0xC63A, 0x9D78, 0xA556, 0x94D6, 0x5311, 0x3A2E, 0x4271,
  0x4291, 0x42B1, 0x4AD1, 0x52EE, 0x52CB, 0x528A, 0x52AB, 0x52AC, 0x52AB, 0x52CC, 0x52CD, 0x52ED, 0x52EE, 0x52EE, 0x52EE, 0x52EE,
  0x52EE, 0x52EE, 0x5B0F, 0x5B0F, 0x5B2F, 0x5B30, 0x5B50, 0x5B50, 0x5B50, 0x5B70, 0x6391, 0x5B91, 0x6391, 0x6391, 0x6390, 0x5B90,
  0x5B70, 0x5B4F, 0x5B0E, 0x530E, 0x530E, 0x5B2E, 0x636F, 0x63B0, 0x6BF2, 0x6BD2, 0x6BB1, 0x6BB0, 0x6BB0, 0x73B0, 0x73D2, 0x73F3,
  0x7455, 0x84D7, 0x8539, 0x8D5A, 0x8517, 0x84D5, 0x94D5, 0x9D56, 0xB63A, 0xCE9B, 0xAD55, 0x94B2, 0xA4F3, 0xC618, 0xE71C, 0xE73C,
  0xDEBB, 0xC618, 0xB596, 0xA534, 0x9CF3, 0x94B2, 0x9492, 0x8C51, 0x8430, 0x8410, 0x7BEF, 0x7BCF, 0x73AE, 0x6B6D, 0x6B4D, 0x632C,
  0x630C, 0x5AEB, 0x5ACB, 0x5ACB, 0x52AA, 0x528A, 0x528A, 0x528A, 0x4A69, 0x4A49, 0x4A49, 0x4A49, 0x4A49, 0x4A49, 0x4A49, 0x4A69,
  0x4A69, 0x528A, 0x528A, 0x52AA, 0x52AA, 0x528A, 0x4A69, 0x4228, 0x39C7, 0x3186, 0x2945, 0x2124, 0x2945, 0x3186, 0x39E7, 0x4A49,
  0x5ACB, 0x7BF2, 0x9D37, 0xBE39, 0xCE79, 0xCE79, 0xD69A, 0xCE79, 0xB596, 0x8451, 0x8430, 0x8C92, 0x6372, 0x5352, 0x4312, 0x4355,
  0x21CD, 0x3A2C, 0x08A6, 0x00C8, 0x4AAD, 0x736D, 0x532E, 0x5B70, 0x8430, 0x6330, 0x5B70, 0x9493, 0x2AD3, 0x22F4, 0x4C37, 0x1212,
  0x4333, 0x8C72, 0x5B92, 0x3AF2, 0x6C34, 0x73D0, 0x7BCF, 0x9D76, 0xBE7A, 0xCEBC, 0xCE9C, 0xCEBD, 0xD6BD, 0xCEDD, 0xD6DC, 0xDEDB,
  0xD6BB, 0xC67A, 0xC637, 0xB5B8, 0xADB9, 0xADB8, 0xA578, 0x9D58, 0x9D9A, 0x9E3C, 0x9E1B, 0xBE9C, 0xE73D, 0xD71D, 0xDEFC, 0xDF1D,
  0xD6FD, 0xD6FD, 0xCEDD, 0xD6FD, 0xCEDC, 0xD6FD, 0xDF1C, 0xE71C, 0xE73C, 0xE75C, 0xEF5D, 0xEF5D, 0xEF5D, 0xEF5D, 0xE75D, 0xE75D,
  0xEF5D, 0xEF5D, 0xEF5D, 0xEF5D, 0xE73C, 0xE73C, 0xE73C, 0xE75C, 0xE73C, 0xE73D, 0xDF3D, 0xDF3C, 0xDF1C, 0xDF1C, 0xDF1C, 0xDF1C,
  0xDF1C, 0xDEFC, 0xDF1C, 0xD71C, 0xD71C, 0xD6FC, 0xCEDB, 0xC6BB, 0xC69B, 0xBE9A, 0xBE7A, 0xBE7B, 0xBE7B, 0xC69B, 0xC69B, 0xCEBB,
  0xCEDC, 0xD6DC, 0xD6DC, 0xD6FC, 0xD6DC, 0xC69A, 0xBE5A, 0xB639, 0xADF9, 0xADB8, 0xA577, 0x9D57, 0x9D16, 0x9CF6, 0x94B5, 0xB597,
  0xCEDC, 0xE75D, 0xEF7D, 0xEF7D, 0xE73C, 0xD69A, 0xC638, 0xC618, 0xBDD7, 0xB5B6, 0xB596, 0xB5B6, 0xD69A, 0xE73C, 0xDEDB, 0xCE59,
  0xBDF7, 0xB5B6, 0xB596, 0xAD75, 0xAD55, 0xAD55, 0xAD55, 0xAD55, 0xAD75, 0xC638, 0xDEDB, 0xD69A, 0xD69A, 0xD69A, 0xD6BA, 0xDEDB,
  0xDEFB, 0xE71C, 0xE71C, 0xE71C, 0xE71C, 0xDEFB, 0xD6BA, 0xD6BA, 0xD69A, 0xD6BA, 0xD6BA, 0xD6BA, 0xD6BA, 0xD6BA, 0xDEDB, 0xE71C,
  0xE73C, 0xE73C, 0xE73C, 0xE71C, 0xDEFB, 0xDEDB, 0xDEDB, 0xD6BA, 0xD6BA, 0xD6BA, 0xD69A, 0xCE7A, 0xD679, 0xBE59, 0xBE5B, 0xAE1C,
  0xDEDA, 0xD6BA, 0xD69A, 0xD67A, 0xD679, 0xCE79, 0xDEDA, 0xAD79, 0xADB9, 0xDEFA, 0xC67A, 0xC63A, 0xC639, 0xC619, 0x6372, 0x4291,
  0x4AD1, 0x4ACD, 0x52AA, 0x528A, 0x528A, 0x52AA, 0x52AA, 0x528A, 0x52AA, 0x5AAA, 0x5AAA, 0x5AAA, 0x5ACA, 0x5ACA, 0x5ACB, 0x5ACB,
  0x5AEB, 0x5AEC, 0x5B0C, 0x5B2D, 0x632D, 0x634D, 0x634D, 0x634D, 0x634D, 0x634D, 0x634D, 0x632C, 0x632C, 0x630C, 0x630B, 0x630B,
  0x630C, 0x632C, 0x632C, 0x634C, 0x634C, 0x6B4C, 0x6B4D, 0x6B6D, 0x738D, 0x73CF, 0x7C11, 0x7C31, 0x7C11, 0x7BF0, 0x840F, 0x8410,
  0x8432, 0x7C53, 0x8452, 0x8492, 0x8CD4, 0x84F7, 0x8539, 0x8CF6, 0x94F6, 0xBE5B, 0xBE7B, 0x9D37, 0x9D15, 0xC619, 0xE71C, 0xD699,
  0xBDF7, 0xAD75, 0xA514, 0x9CD3, 0x94B2, 0x9492, 0x8C51, 0x8430, 0x8410, 0x7BEF, 0x7BCF, 0x738E, 0x6B6D, 0x6B4D, 0x632C, 0x630C,
  0x5AEB, 0x5ACB, 0x52AA, 0x52AA, 0x528A, 0x4A69, 0x4A69, 0x4A49, 0x4A49, 0x4A49, 0x4228, 0x4A49, 0x4228, 0x4228, 0x4A49, 0x4A69,
  0x4A69, 0x528A, 0x52AA, 0x52AA, 0x52AA, 0x528A, 0x4A69, 0x4228, 0x39C7, 0x3186, 0x2965, 0x2124, 0x2945, 0x2965, 0x31A6, 0x4228,
  0x52AA, 0x738F, 0x94D6, 0xADF9, 0xCE79, 0xCE79, 0xD69A, 0xD69A, 0xD69A, 0xC618, 0x9CF3, 0xA514, 0x8C93, 0x5B94, 0x3AD2, 0x53B5,
  0x3290, 0x42AF, 0x31EB, 0x0886, 0x110A, 0x4A8C, 0x636F, 0x63B0, 0x6BD0, 0x8471, 0x5B50, 0x6B90, 0x8C93, 0x22B2, 0x3335, 0x4BF6,
  0x0A33, 0x4B73, 0x8C91, 0x5311, 0x4B51, 0x7C96, 0x7432, 0x8CB3, 0xB639, 0xD6DB, 0xDEDC, 0xD6BC, 0xD6BC, 0xD6BC, 0xCEBC, 0xCEDD,
  0xD6FD, 0xD6FD, 0xDEFC, 0xD6DC, 0xCEBB, 0xD6BB, 0xC65A, 0xADFA, 0x9D79, 0x957A, 0x95DB, 0x95FA, 0xB65B, 0xD6DD, 0xD6DD, 0xD6DD,
  0xD6FD, 0xD6FD, 0xCEDD, 0xCEDD, 0xD6FD, 0xDEFC, 0xD6FD, 0xD71D, 0xE71D, 0xEF5D, 0xEF5D, 0xEF5D, 0xEF5D, 0xEF5D, 0xEF5C, 0xE75D,
  0xE75D, 0xEF5D, 0xEF5D, 0xEF5D, 0xEF5D, 0xE75D, 0xEF5D, 0xE75D, 0xE73C, 0xDF3C, 0xD71C, 0xD6FC, 0xCEDB, 0xCEDB, 0xCEBB, 0xCEDC,
  0xCEDC, 0xCEDC, 0xCEFC, 0xCEDC, 0xCEDC, 0xCEDC, 0xC6DC, 0xC6BB, 0xBE9B, 0xBE9B, 0xBE7B, 0xBE7A, 0xB67A, 0xBE7A, 0xBE7A, 0xBE9B,
  0xC69B, 0xC6BB, 0xCEBB, 0xCEBC, 0xCEBB, 0xC69A, 0xBE5A, 0xB63A, 0xB63A, 0xADF9, 0xADB8, 0xA598, 0xA557, 0xA537, 0x9CF6, 0xBDD8,
  0xADF9, 0xBE9B, 0xE75D, 0xEF7D, 0xEF7D, 0xE71C, 0xCE79, 0xC618, 0xBDF7, 0xBDD7, 0xB5B6, 0xB5B6, 0xBDF7, 0xD6BB, 0xE73C, 0xE73C,
  0xDEDB, 0xCE79, 0xC618, 0xB5B6, 0xB596, 0xB596, 0xB596, 0xB596, 0xB5B6, 0xBDF7, 0xD69A, 0xD69A, 0xD69A, 0xD6BA, 0xDEDB, 0xDEFB,
  0xE71C, 0xE73C, 0xE73C, 0xE71C, 0xE71C, 0xDEDB, 0xDEDB, 0xD6BA, 0xD6BA, 0xD6BA, 0xD6BA, 0xD6BA, 0xD6BA, 0xDEDB, 0xDEDB, 0xE71C,
  0xE73C, 0xE73C, 0xE73C, 0xE71C, 0xDEFB, 0xDEDB, 0xDEDB, 0xD6BA, 0xD6BA, 0xD6BA, 0xD69A, 0xD69A, 0xD69A, 0xC65A, 0xC67B, 0xAE1B,
  0xC67B, 0xDEBA, 0xD69A, 0xCE79, 0xCE79, 0xCE7A, 0xD69A, 0xD6BA, 0x9D57, 0x9D38, 0xC659, 0xCE59, 0xB619, 0xBE39, 0x9D57, 0x4AEF,
  0x52AC, 0x52AA, 0x52AA, 0x52AB, 0x52AB, 0x52AB, 0x5ACB, 0x5ACB, 0x5ACB, 0x5ACB, 0x5ACB, 0x5AEB, 0x5AEB, 0x5AEB, 0x5AEB, 0x5AEB,
  0x5AEB, 0x5AEB, 0x5AEB, 0x5AEB, 0x62EB, 0x630C, 0x630C, 0x630C, 0x632C, 0x632C, 0x6B4C, 0x6B4D, 0x6B6D, 0x6B6D, 0x6B6D, 0x738D,
  0x738E, 0x738E, 0x738E, 0x73AE, 0x73AE, 0x73AE, 0x7BCF, 0x7BCF, 0x7BEF, 0x7BEF, 0x7BEF, 0x7C10, 0x7C51, 0x8472, 0x8451, 0x8430,
  0x8C31, 0x8472, 0x8494, 0x8C93, 0x9472, 0x9492, 0x94B3, 0x9536, 0x9D57, 0xC638, 0xF7BE, 0xD6DB, 0xAD96, 0xBDD7, 0xBDF7, 0xB596,
  0xA534, 0x9CF3, 0x9CD3, 0x9492, 0x8C71, 0x8C51, 0x8430, 0x7BEF, 0x7BCF, 0x73AE, 0x738E, 0x6B6D, 0x6B4D, 0x632C, 0x630C, 0x5AEB,
  0x5ACB, 0x52AA, 0x528A, 0x4A69, 0x4A69, 0x4A49, 0x4A49, 0x4228, 0x4228, 0x4228, 0x4228, 0x4228, 0x4228, 0x4228, 0x4A49, 0x4A49,
  0x4A69, 0x528A, 0x52AA, 0x52AA, 0x52AA, 0x528A, 0x4A69, 0x4228, 0x39E7, 0x31A6, 0x2965, 0x2945, 0x2945, 0x2965, 0x3186, 0x39E8,
  0x4A89, 0x632D, 0x8475, 0xA598, 0xC659, 0xD679, 0xD69A, 0xD69A, 0xD69A, 0xD6BA, 0xCE59, 0xC617, 0xAD96, 0x6C15, 0x5395, 0x5394,
  0x324F, 0x42B0, 0x4310, 0x08C8, 0x08C8, 0x112B, 0x322D, 0x6B8F, 0x842F, 0x73F1, 0x8472, 0x5B71, 0x63B1, 0x8C72, 0x2292, 0x43D7,
  0x43D6, 0x1252, 0x5BB4, 0x8C31, 0x3AB0, 0x63B1, 0x84F6, 0x7C96, 0x9D98, 0xC6BB, 0xE6FB, 0xDEFC, 0xD6FC, 0xDEFC, 0xDEFC, 0xD6DC,
  0xD6BC, 0xCEDD, 0xD6DD, 0xD6FD, 0xDEFD, 0xDF3D, 0xE73C, 0xDF1D, 0xC67B, 0xB61B, 0x9599, 0x8DDB, 0xAE7C, 0xD6BC, 0xD6DC, 0xCEDD,
  0xD6FD, 0xDF1D, 0xD6FD, 0xCEBD, 0xD6FD, 0xD6FD, 0xDF1C, 0xDF3D, 0xDF3E, 0xE73C, 0xE75D, 0xEF5D, 0xEF5D, 0xEF5D, 0xEF5D, 0xEF5D,
  0xE75D, 0xE75D, 0xEF5D, 0xEF5D, 0xEF5D, 0xE73D, 0xEF5D, 0xEF5D, 0xEF5D, 0xE73D, 0xD71C, 0xCEDB, 0xC6BB, 0xBE9B, 0xBE7A, 0xBE7B,
  0xC69B, 0xC69B, 0xC69B, 0xC69B, 0xC69B, 0xC69B, 0xC69B, 0xBE9B, 0xBE7B, 0xBE7B, 0xB65A, 0xB65A, 0xB65A, 0xB65A, 0xBE5A, 0xBE5A,
  0xBE7A, 0xBE7B, 0xC69B, 0xC69B, 0xBE7A, 0xBE7A, 0xBE7A, 0xB65A, 0xB63A, 0xAE19, 0xADF9, 0xADB8, 0xA598, 0xA577, 0x9D17, 0xBDD9,
  0xA538, 0xA5B9, 0xBE7B, 0xE73D, 0xEF7D, 0xEF7D, 0xDEFB, 0xCE59, 0xC618, 0xBDF7, 0xBDD7, 0xBDD7, 0xBDD7, 0xC617, 0xD6BB, 0xDF1C,
  0xE73C, 0xE73D, 0xE6FC, 0xD69A, 0xC638, 0xBDF7, 0xBDD7, 0xBDD7, 0xBDD7, 0xC618, 0xCE79, 0xD6BA, 0xD6BA, 0xDEDB, 0xDEFB, 0xE71C,
  0xE73C, 0xE73C, 0xE73C, 0xE71C, 0xE71C, 0xDEFB, 0xDEDB, 0xDEDB, 0xD6BA, 0xD6BA, 0xD6BA, 0xD6BA, 0xD6BA, 0xD6BA, 0xDEDB, 0xE71C,
  0xE71C, 0xE73C, 0xE71C, 0xE71C, 0xDEFB, 0xDEDB, 0xDEDB, 0xD6BA, 0xD6BA, 0xD6BA, 0xD6BA, 0xD69A, 0xD69A, 0xCE99, 0xC639, 0xC67B,
  0xA5FA, 0xD6BA, 0xD69A, 0xCE79, 0xCE79, 0xCE79, 0xCE79, 0xD69A, 0xD6DA, 0xB5B8, 0x9537, 0x9D78, 0x9D37, 0x8453, 0x6B4E, 0x5AAB,
  0x52AA, 0x52AA, 0x52AB, 0x5ACB, 0x5ACB, 0x5ACB, 0x5ACB, 0x5AEB, 0x5AEB, 0x5AEB, 0x630C, 0x630C, 0x630C, 0x630C, 0x630C, 0x630C,
  0x630C, 0x630C, 0x632C, 0x632C, 0x632C, 0x632C, 0x6B4D, 0x6B6D, 0x6B6D, 0x6B6D, 0x738E, 0x73AE, 0x73AE, 0x7BCF, 0x7BCF, 0x7BCF,
  0x7BCF, 0x7BCF, 0x7BCF, 0x7BCF, 0x7BEF, 0x7BEF, 0x7C10, 0x8410, 0x8410, 0x8410, 0x8430, 0x8410, 0x840F, 0x8430, 0x8451, 0x8C51,
  0x8C51, 0x8C70, 0x9471, 0x9493, 0x94B2, 0x94F3, 0x9CD2, 0x9CD2, 0xAD75, 0xADF9, 0xCEDC, 0xF79E, 0xC618, 0xB596, 0xAD55, 0x9CF3,
  0x9CD3, 0x9492, 0x8C71, 0x8C51, 0x8430, 0x8410, 0x7BEF, 0x7BCF, 0x73AE, 0x6B6D, 0x6B4D, 0x6B4D, 0x632C, 0x630C, 0x5AEB, 0x5ACB,
  0x52AA, 0x528A, 0x4A69, 0x4A49, 0x4228, 0x4228, 0x4228, 0x4228, 0x4228, 0x4228, 0x4228, 0x4228, 0x4228, 0x4A49, 0x4A49, 0x4A49,
  0x528A, 0x528A, 0x52AA, 0x52AA, 0x52AA, 0x52AA, 0x528A, 0x4A49, 0x4208, 0x31A6, 0x2965, 0x2945, 0x2124, 0x2945, 0x3186, 0x39E7,
  0x4A49, 0x5AEB, 0x7C12, 0x9536, 0xBE39, 0xD67A, 0xD69A, 0xD69A, 0xD69A, 0xD69A, 0xD69A, 0xD6BA, 0xD69B, 0x9D78, 0x6C15, 0x5BF6,
  0x42B0, 0x29AB, 0x42D0, 0x4AEF, 0x1109, 0x112B, 0x2A2F, 0x426E, 0x6B6F, 0x8C50, 0x7C32, 0x8CB2, 0x6392, 0x63B0, 0x7BEF, 0x2292,
  0x5478, 0x3395, 0x1A94, 0x63F3, 0x6B71, 0x42D1, 0x7C11, 0xA577, 0x9579, 0xAE3B, 0xD6DC, 0xDF1C, 0xDEFC, 0xD6DC, 0xE71C, 0xEF5D,
  0xE73D, 0xDF1C, 0xD6FD, 0xD6FC, 0xD6FD, 0xDEFD, 0xE71D, 0xE75E, 0xE73D, 0xD6FD, 0xC69C, 0xAE3C, 0xC6FD, 0xE75D, 0xE73C, 0xE71D,
  0xD6FD, 0xDF1C, 0xE71C, 0xD6DD, 0xCEDD, 0xCEFE, 0xD6FC, 0xE71C, 0xDF1D, 0xE75D, 0xEF5D, 0xEF5D, 0xEF5D, 0xEF5D, 0xEF5D, 0xEF5D,
  0xEF5D, 0xE75D, 0xE75D, 0xE73C, 0xE73C, 0xE73C, 0xEF5D, 0xEF5D, 0xEF5D, 0xE75D, 0xE73D, 0xDEFC, 0xCEBB, 0xC67A, 0xB65A, 0xB63A,
  0xAE3A, 0xAE19, 0xAE3A, 0xB63A, 0xB63A, 0xB65A, 0xBE5A, 0xBE5A, 0xB65A, 0xB65A, 0xB63A, 0xB61A, 0xB63A, 0xB63A, 0xB63A, 0xB63A,
  0xB65A, 0xB65A, 0xBE5A, 0xBE7A, 0xBE7A, 0xB65A, 0xB63A, 0xB63A, 0xAE39, 0xADF9, 0xADF9, 0xADD9, 0xAD98, 0xA578, 0xA537, 0xBDF9,
  0x9D16, 0x9D17, 0xA599, 0xBE7B, 0xDF1D, 0xEF7D, 0xEF5D, 0xDEDB, 0xC638, 0xC618, 0xBDF7, 0xBDD7, 0xBDD7, 0xBDD7, 0xC638, 0xCEDC,
  0xCEFC, 0xD6FC, 0xDF1C, 0xE73C, 0xE71C, 0xDEDB, 0xCE79, 0xC638, 0xBE17, 0xC638, 0xD69A, 0xD6BA, 0xDEDB, 0xDEDB, 0xE71C, 0xE71C,
  0xE73C, 0xE73C, 0xE73C, 0xE71C, 0xDEFB, 0xDEFB, 0xDEDB, 0xDEDB, 0xD6BA, 0xD6BA, 0xD6BA, 0xD6BA, 0xD6BA, 0xD6BA, 0xDEDB, 0xE71C,
  0xE71C, 0xE71C, 0xE71C, 0xE71C, 0xDEFB, 0xDEDB, 0xD6BA, 0xD6BA, 0xD6BA, 0xD6BA, 0xD6BA, 0xD69A, 0xD69A, 0xD69A, 0xC67A, 0xC67A,
  0xB65B, 0xA5FA, 0xD699, 0xD679, 0xCE79, 0xCE59, 0xD679, 0xD69A, 0xD6BA, 0xE6FB, 0xD6DA, 0xAD55, 0x6B6D, 0x52AA, 0x52AA, 0x5ACB,
  0x5ACB, 0x5ACB, 0x5ACB, 0x5AEB, 0x5ACB, 0x5AEB, 0x5AEB, 0x630C, 0x630C, 0x632C, 0x632C, 0x632C, 0x632C, 0x6B4D, 0x6B4D, 0x6B4D,
  0x6B4D, 0x6B4D, 0x6B4D, 0x6B4D, 0x6B6D, 0x6B6D, 0x738E, 0x738E, 0x73AE, 0x7BCF, 0x7BEF, 0x7BEF, 0x8410, 0x8410, 0x8410, 0x8410,
  0x8410, 0x8410, 0x8410, 0x8410, 0x8410, 0x8410, 0x8410, 0x8430, 0x8430, 0x8430, 0x8430, 0x8430, 0x8430, 0x8430, 0x8430, 0x8C51,
  0x8C51, 0x8C71, 0x8C71, 0x9492, 0x94B2, 0x94B3, 0x9CD3, 0x9CF3, 0xA514, 0xBDB6, 0xB5D8, 0xDEFC, 0xCE58, 0xA555, 0xA534, 0x9492,
  0x8C71, 0x8C51, 0x8430, 0x8410, 0x7BEF, 0x7BCF, 0x73AE, 0x738E, 0x6B6D, 0x6B4D, 0x632C, 0x630C, 0x5AEB, 0x5ACB, 0x52AA, 0x52AA,
  0x528A, 0x4A49, 0x4228, 0x4228, 0x4208, 0x4208, 0x4208, 0x4208, 0x4208, 0x4228, 0x4228, 0x4228, 0x4228, 0x4228, 0x4A49, 0x4A69,
  0x528A, 0x528A, 0x52AA, 0x52AA, 0x52AA, 0x52AA, 0x52AA, 0x528A, 0x4A49, 0x39E7, 0x3186, 0x2945, 0x2104, 0x2124, 0x3186, 0x39C7,
  0x4228, 0x52AA, 0x738F, 0x8CD5, 0xADD9, 0xCE79, 0xD679, 0xD69A, 0xD69A, 0xD69A, 0xD69A, 0xD6BA, 0xDEFB, 0xD6BC, 0x9D79, 0x6C36,
  0x6393, 0x4AD0, 0x29AB, 0x6B90, 0x42EF, 0x194A, 0x21EE, 0x5350, 0x52EE, 0x5B4F, 0x9491, 0x8C93, 0x8CD4, 0x6392, 0x5B6F, 0x6BB0,
  0x2AD2, 0x5C99, 0x2B15, 0x22D5, 0x4B74, 0x4B51, 0x6391, 0x8CD3, 0xB618, 0xA63B, 0xBE9C, 0xD6DC, 0xDEFB, 0xDF1C, 0xDEFC, 0xDEFD,
  0xE71C, 0xE73C, 0xE71D, 0xE73C, 0xEF5C, 0xDF1D, 0xE71D, 0xDF1D, 0xDF1D, 0xDF1D, 0xD71D, 0xCEFD, 0xD6DD, 0xE75E, 0xE75C, 0xE73C,
  0xDF1D, 0xD6FD, 0xDEFC, 0xE71C, 0xD6FD, 0xCEDD, 0xD6FD, 0xDEFC, 0xE73C, 0xDF3D, 0xE75D, 0xEF5D, 0xEF5D, 0xEF5D, 0xEF5D, 0xEF5D,
  0xEF3C, 0xE73C, 0xD71D, 0xD6DC, 0xD6FC, 0xDEFC, 0xE71C, 0xE73C, 0xEF3D, 0xEF5D, 0xEF5D, 0xE73D, 0xDF1D, 0xCEBB, 0xBE7A, 0xAE3A,
  0xAE19, 0xADD9, 0xA5D9, 0xA5D9, 0xADD9, 0xADF9, 0xAE19, 0xB61A, 0xB61A, 0xB61A, 0xB61A, 0xAE1A, 0xADF9, 0xADF9, 0xADF9, 0xAE19,
  0xAE1A, 0xB61A, 0xB63A, 0xB63A, 0xB63A, 0xAE19, 0xAE19, 0xAE19, 0xADF9, 0xADD8, 0xADB8, 0xADD9, 0xADB8, 0xA578, 0x9D37, 0xBDD9,
  0x9CF6, 0x94D6, 0x9517, 0x9D99, 0xB65B, 0xD71D, 0xEF5D, 0xEF5D, 0xD6BA, 0xC638, 0xC618, 0xBDD7, 0xBDD7, 0xBDD6, 0xBDF7, 0xC65A,
  0xC6BB, 0xC6DC, 0xCEDB, 0xCEDB, 0xD6FC, 0xDF1C, 0xE71C, 0xDEFB, 0xD69A, 0xD679, 0xD6BA, 0xDEDB, 0xDEFB, 0xDEFB, 0xDEFB, 0xE71C,
  0xE71C, 0xE73C, 0xE71C, 0xE71C, 0xDEFB, 0xDEDB, 0xDEDB, 0xDEDB, 0xD6BA, 0xD6BA, 0xD6BA, 0xD6BA, 0xD6BA, 0xD6BA, 0xDEDB, 0xDEFB,
  0xE71C, 0xE71C, 0xE71C, 0xDEFB, 0xDEFB, 0xDEDB, 0xD6BA, 0xD6BA, 0xD69A, 0xD6BA, 0xD6BA, 0xD6BA, 0xD69A, 0xD69A, 0xD6B9, 0xBE5A,
  0xC65A, 0xB63A, 0x9DDA, 0xB61A, 0xC639, 0xC659, 0xCEBA, 0xDEFB, 0xD6BA, 0xA535, 0x738E, 0x5AAB, 0x5ACB, 0x62EB, 0x5AEB, 0x5AEB,
  0x5AEB, 0x5AEB, 0x5AEB, 0x5AEB, 0x630C, 0x630C, 0x630C, 0x632C, 0x6B4D, 0x6B4D, 0x6B6D, 0x6B6D, 0x6B6D, 0x6B6D, 0x6B6D, 0x6B6D,
  0x6B6D, 0x738E, 0x738E, 0x73AE, 0x73AE, 0x73AE, 0x7BCF, 0x7BCF, 0x7BEF, 0x8410, 0x8430, 0x8430, 0x8430, 0x8C51, 0x8430, 0x8430,
  0x8410, 0x8410, 0x8410, 0x8410, 0x8410, 0x8430, 0x8430, 0x8430, 0x8430, 0x8430, 0x8430, 0x8430, 0x8430, 0x8430, 0x8430, 0x8430,
  0x8430, 0x8C51, 0x8C51, 0x8C71, 0x8C71, 0x9492, 0x9492, 0x94B2, 0x94B2, 0x9CF3, 0xAD55, 0xAD75, 0xB5B6, 0xAD55, 0x94B2, 0x8C71,
  0x8430, 0x7BEF, 0x7BEF, 0x7BCF, 0x73AE, 0x738E, 0x6B4D, 0x6B4D, 0x632C, 0x630C, 0x5AEB, 0x5ACB, 0x52AA, 0x52AA, 0x528A, 0x4A69,
  0x4A49, 0x4228, 0x4208, 0x39E7, 0x39E7, 0x39E7, 0x39E7, 0x39E7, 0x4208, 0x4208, 0x4208, 0x4228, 0x4228, 0x4A49, 0x4A49, 0x4A69,
  0x528A, 0x52AA, 0x5ACB, 0x5ACB, 0x5ACB, 0x5ACB, 0x5ACB, 0x5ACB, 0x528A, 0x4228, 0x31A6, 0x2945, 0x2104, 0x2104, 0x2945, 0x39C7,
  0x4208, 0x5289, 0x632D, 0x8454, 0xA577, 0xC659, 0xD679, 0xD69A, 0xD69A, 0xD69A, 0xD6BA, 0xD6BA, 0xDEDB, 0xE73D, 0xC69D, 0xA5DA,
  0x8476, 0x8CB4, 0x4AAE, 0x422C, 0x5B2F, 0x328F, 0x2A2F, 0x3A6F, 0x6BB1, 0x6390, 0x5B50, 0x94B3, 0x94D3, 0x8493, 0x5B71, 0x5B4F,
  0x6BB0, 0x3B74, 0x5C99, 0x2AD4, 0x2B35, 0x4B95, 0x6C14, 0x7434, 0xA556, 0xBE39, 0xBE9B, 0xD6DC, 0xD6DC, 0xDEFC, 0xE73C, 0xE73C,
  0xDF1C, 0xDF1C, 0xDF1D, 0xDF1D, 0xE75D, 0xE73D, 0xEF5D, 0xEF7D, 0xEF5D, 0xDF3D, 0xDF1E, 0xD6FD, 0xD6FC, 0xDEFC, 0xE77D, 0xE75C,
  0xE71C, 0xDEFC, 0xDEFC, 0xDEFC, 0xDF1D, 0xCEFD, 0xCEFD, 0xCEFD, 0xDF3D, 0xEF3C, 0xDF3D, 0xE75D, 0xE75D, 0xEF5D, 0xEF5D, 0xEF5D,
  0xE73C, 0xD6FC, 0xCEBB, 0xC69B, 0xC67A, 0xBE7A, 0xC69B, 0xCEBB, 0xD6FC, 0xDF1C, 0xE73C, 0xEF3C, 0xE73D, 0xDF1C, 0xCEDB, 0xBE9B,
  0xB659, 0xADF9, 0xA5B9, 0x9D98, 0xA598, 0xA598, 0xA5B8, 0xADD9, 0xADF9, 0xADF9, 0xADF9, 0xADF9, 0xADF9, 0xADD9, 0xADD8, 0xADD8,
  0xADD9, 0xADD9, 0xADF9, 0xADF9, 0xADD9, 0xADD8, 0xA5D8, 0xA5B8, 0xA5B8, 0xA5B8, 0xADB8, 0xADB8, 0xAD98, 0xA557, 0x9CF6, 0xBDD9,
  0x94F6, 0x94D6, 0x94D7, 0x94F8, 0x9D79, 0xB65B, 0xDF3C, 0xEF7D, 0xEF5D, 0xD6BA, 0xC638, 0xC618, 0xBDD7, 0xBDD7, 0xBDD7, 0xC618,
  0xC67A, 0xC6DB, 0xC6BB, 0xBE9B, 0xAE7B, 0xAE7B, 0xBE9B, 0xD6FC, 0xDF1D, 0xDEFB, 0xDEDA, 0xDEFB, 0xDEFB, 0xDEFB, 0xDEFB, 0xDEFB,
  0xE71C, 0xE71C, 0xE71C, 0xE71C, 0xDEFB, 0xDEDB, 0xDEDB, 0xDEDB, 0xD6BA, 0xD6BA, 0xD6BA, 0xD6BA, 0xD69A, 0xD69A, 0xD6BA, 0xDEFB,
  0xDEFB, 0xE71C, 0xE71C, 0xDEFB, 0xDEFB, 0xDEDB, 0xDEDB, 0xD6BA, 0xD69A, 0xD69A, 0xD69A, 0xD69A, 0xD69A, 0xD67A, 0xD69A, 0xD699,
  0xC659, 0xBE39, 0xB5FA, 0x9D99, 0x959A, 0xA5DA, 0x9558, 0x8453, 0x6B4D, 0x52AA, 0x5ACB, 0x630C, 0x5AEB, 0x5AEB, 0x5AEB, 0x630C,
  0x630C, 0x630C, 0x630C, 0x630C, 0x632C, 0x632C, 0x6B4D, 0x6B6D, 0x738E, 0x738E, 0x738E, 0x73AE, 0x738E, 0x73AE, 0x73AE, 0x73AE,
  0x7BCF, 0x7BCF, 0x7BCF, 0x7BCF, 0x7BEF, 0x7BEF, 0x8410, 0x8410, 0x8410, 0x8430, 0x8430, 0x8C51, 0x8C51, 0x8430, 0x8430, 0x8410,
  0x8410, 0x7BEF, 0x8410, 0x8410, 0x8410, 0x8410, 0x8430, 0x8430, 0x8430, 0x8430, 0x8430, 0x8430, 0x8410, 0x8410, 0x8410, 0x8410,
  0x8430, 0x8430, 0x8430, 0x8C51, 0x8C51, 0x8C51, 0x8C71, 0x8C71, 0x8C71, 0x8C71, 0x94B2, 0x9CD3, 0xBDF7, 0xAD55, 0x8430, 0x8430,
  0x7BEF, 0x73AE, 0x738E, 0x6B6D, 0x6B4D, 0x632C, 0x632C, 0x630C, 0x5AEB, 0x5ACB, 0x52AA, 0x528A, 0x4A69, 0x4A69, 0x4A49, 0x4A49,
  0x4228, 0x4208, 0x39E7, 0x39C7, 0x39C7, 0x39C7, 0x39C7, 0x39E7, 0x39E7, 0x4208, 0x4208, 0x4228, 0x4228, 0x4A49, 0x4A69, 0x528A,
  0x52AA, 0x5ACB, 0x5ACB, 0x5AEB, 0x5AEB, 0x630C, 0x5AEB, 0x6B4D, 0x630C, 0x4A49, 0x39E7, 0x2965, 0x2124, 0x18E3, 0x2124, 0x3186,
  0x39E7, 0x4A49, 0x5ACB, 0x7BF1, 0x94F6, 0xB619, 0xCE7A, 0xD69A, 0xD69A, 0xD69A, 0xD6BA, 0xD6BA, 0xDEDB, 0xDEFC, 0xCEBC, 0xCEDC,
  0xBE3B, 0xA577, 0x7C54, 0x4AAE, 0x5AEE, 0x3A8E, 0x3AB0, 0x4311, 0x3AD0, 0x8452, 0x8432, 0x7454, 0x9557, 0x9576, 0x8D16, 0x5B91,
  0x5B50, 0x73D0, 0x4BF6, 0x4C58, 0x2AF4, 0x3B95, 0x5395, 0x6436, 0x7C96, 0xB5D8, 0xB67B, 0xCEDB, 0xDF1C, 0xDF1D, 0xDF1C, 0xDEFD,
  0xE71C, 0xE73C, 0xE73D, 0xDF1D, 0xE73D, 0xE71D, 0xDF1D, 0xE73D, 0xE73D, 0xDF1D, 0xDF1D, 0xD6FD, 0xD6FD, 0xDEFD, 0xDF1C, 0xEF5D,
  0xE73C, 0xDF1C, 0xDEFC, 0xDEFC, 0xDEFC, 0xDF1C, 0xD6DC, 0xCEFD, 0xD6FD, 0xE75C, 0xE75D, 0xDF3D, 0xEF5D, 0xE75D, 0xE75D, 0xE75D,
  0xDF1C, 0xCEDC, 0xC69B, 0xBE5A, 0xAE39, 0xA619, 0xAE19, 0xB639, 0xB63A, 0xBE7A, 0xC69B, 0xD6DB, 0xDEFC, 0xDF1C, 0xDF1C, 0xD6FB,
  0xCEBB, 0xBE5A, 0xAE19, 0xA5B8, 0xA598, 0x9D78, 0xA578, 0xA598, 0xA598, 0xA598, 0xA5B8, 0xADB8, 0xADB8, 0xADD9, 0xA5D9, 0xA5B8,
  0xADB8, 0xADB8, 0xADB8, 0xADB8, 0xA598, 0xA598, 0xA598, 0xA598, 0xA578, 0xA578, 0xADB8, 0xAD98, 0xA578, 0xA557, 0x9CF6, 0xBDD9,
  0x9CF5, 0x94D6, 0x94D6, 0x94B7, 0x94D8, 0x9D7A, 0xB69C, 0xE73D, 0xEF7D, 0xE73C, 0xD69A, 0xC618, 0xBDF7, 0xBDD7, 0xBDD7, 0xBDF7,
  0xC638, 0xCEBA, 0xC6DC, 0xB69B, 0xA63B, 0x9E1B, 0xA61A, 0xAE5B, 0xBE9B, 0xD6DA, 0xDEFB, 0xE71C, 0xDEFB, 0xDEFB, 0xDEFB, 0xDEFB,
  0xE71C, 0xE73C, 0xE71C, 0xE71C, 0xDEFB, 0xDEDB, 0xD6BA, 0xD6BA, 0xD6BA, 0xD6BA, 0xD6BA, 0xD69A, 0xD69A, 0xD69A, 0xD6BA, 0xDEDB,
  0xDEFB, 0xE71C, 0xE71C, 0xE71C, 0xDEFB, 0xDEDB, 0xDEDB, 0xD69A, 0xD69A, 0xD69A, 0xD69A, 0xD69A, 0xCE79, 0xCE79, 0xCE7A, 0xCE79,
  0xCE79, 0xCE59, 0xCE7A, 0xCE9A, 0xBDD7, 0x8C71, 0x5B0D, 0x52AA, 0x5ACB, 0x630C, 0x5AEB, 0x5AEB, 0x5AEB, 0x5AEB, 0x630C, 0x632C,
  0x632C, 0x632C, 0x6B4D, 0x6B4D, 0x6B4D, 0x6B6D, 0x738E, 0x73AE, 0x7BCF, 0x7BEF, 0x7BEF, 0x7BEF, 0x7BEF, 0x7BEF, 0x7BEF, 0x7BEF,
  0x7BEF, 0x7BEF, 0x8410, 0x8410, 0x8410, 0x8410, 0x8410, 0x8410, 0x8410, 0x8410, 0x8410, 0x8430, 0x8410, 0x8410, 0x8410, 0x7BEF,
  0x7BEF, 0x7BEF, 0x8410, 0x8410, 0x8430, 0x8430, 0x8430, 0x8430, 0x8430, 0x8430, 0x8430, 0x8430, 0x8410, 0x8410, 0x8410, 0x8410,
  0x8410, 0x8410, 0x8430, 0x8430, 0x8430, 0x8430, 0x8430, 0x8410, 0x8410, 0x8410, 0x8410, 0x9492, 0x9CF3, 0xB596, 0x7BEF, 0x73AE,
  0x73AE, 0x6B6D, 0x6B4D, 0x632C, 0x630C, 0x5AEB, 0x5AEB, 0x5ACB, 0x52AA, 0x528A, 0x4A69, 0x4A49, 0x4A49, 0x4228, 0x4228, 0x4208,
  0x39E7, 0x39C7, 0x31A6, 0x31A6, 0x31A6, 0x31A6, 0x39C7, 0x39E7, 0x39E7, 0x4208, 0x4208, 0x4228, 0x4228, 0x4A49, 0x4A69, 0x528A,
  0x5ACB, 0x5AEB, 0x630C, 0x632C, 0x632C, 0x6B4D, 0x632C, 0x73AE, 0x7BEF, 0x52AA, 0x4228, 0x31A6, 0x2124, 0x2104, 0x2104, 0x2965,
  0x39C7, 0x4228, 0x528A, 0x6B6F, 0x8495, 0xA5B8, 0xCE79, 0xCE79, 0xD69A, 0xD69A, 0xD6BA, 0xD6BA, 0xDEDB, 0xDEFB, 0xCEBC, 0xCEBC,
  0xDEFB, 0xD6BB, 0xB5D8, 0x94B4, 0x52EF, 0x5B50, 0x3A8F, 0x4311, 0x7C54, 0x5352, 0x84B5, 0x8D98, 0x7538, 0x8515, 0x8C91, 0x7C52,
  0x53B1, 0x5B50, 0x7412, 0x5457, 0x43F7, 0x2B35, 0x4394, 0x8C95, 0x6C35, 0x7CB7, 0xB65A, 0xC6DC, 0xD71C, 0xDF3D, 0xE75D, 0xE75C,
  0xE71C, 0xDF1D, 0xDF3D, 0xDF1D, 0xE73D, 0xEF5C, 0xE71D, 0xE75D, 0xE75D, 0xE73D, 0xE73D, 0xD6FC, 0xCEDD, 0xDEFD, 0xDEFC, 0xE73C,
  0xEF5D, 0xE73C, 0xDEFC, 0xDF1C, 0xDEFC, 0xDF1C, 0xDF1C, 0xD6DD, 0xD6FD, 0xD6FD, 0xEF5D, 0xE73D, 0xE73C, 0xEF5D, 0xE73D, 0xDF3D,
  0xDEFC, 0xCEBB, 0xC67B, 0xB639, 0xA5F9, 0xA5D8, 0xA5B8, 0xA5B8, 0xA5D8, 0xA5D8, 0xADF9, 0xB639, 0xBE7A, 0xC69B, 0xCEDB, 0xDEFC,
  0xDEFB, 0xCEDB, 0xC69B, 0xB63A, 0xA5F9, 0xA5B9, 0xA598, 0xA578, 0xA578, 0xA558, 0xA558, 0xA558, 0xA578, 0xA578, 0xA598, 0xA598,
  0xA598, 0xA598, 0xA598, 0xA598, 0xA577, 0xA577, 0x9D57, 0xA557, 0xA578, 0xA578, 0xAD98, 0xAD98, 0xA557, 0x9D37, 0x9CF6, 0xB5D9,
  0x94D5, 0x94D7, 0x94D7, 0x94B6, 0x94B7, 0x9518, 0x9DDA, 0xC6DC, 0xE77D, 0xEF7D, 0xE73C, 0xCE79, 0xC618, 0xBDF7, 0xBDF7, 0xBDF7,
  0xC618, 0xC659, 0xCEBB, 0xBEBC, 0xA65B, 0x9DFA, 0xA5FA, 0xAE1B, 0xC67B, 0xD6BA, 0xDEFB, 0xE71C, 0xDEFB, 0xDEFB, 0xE71C, 0xE71C,
  0xE73C, 0xE73C, 0xE71C, 0xDEFB, 0xDEDB, 0xD6BA, 0xD6BA, 0xD6BA, 0xD6BA, 0xD6BA, 0xD6BA, 0xD6BA, 0xD6BA, 0xD69A, 0xD6BA, 0xDEDB,
  0xDEFB, 0xE71C, 0xE71C, 0xE71C, 0xDEFB, 0xDEDB, 0xD6BA, 0xD69A, 0xCE79, 0xCE79, 0xCE79, 0xCE79, 0xCE79, 0xCE79, 0xCE59, 0xCE59,
  0xCE79, 0xCE79, 0xB5B6, 0x8C30, 0x630C, 0x5ACA, 0x5AEB, 0x5AEB, 0x5AEB, 0x5AEB, 0x5AEB, 0x5AEB, 0x630C, 0x630C, 0x632C, 0x632C,
  0x6B4D, 0x6B6D, 0x6B6D, 0x6B6D, 0x738E, 0x73AE, 0x7BEF, 0x8410, 0x8430, 0x8430, 0x8430, 0x8430, 0x8430, 0x8430, 0x8430, 0x8430,
  0x8430, 0x8430, 0x8430, 0x8410, 0x8410, 0x8410, 0x8410, 0x8410, 0x7BEF, 0x7BEF, 0x7BEF, 0x7BEF, 0x7BEF, 0x7BEF, 0x7BEF, 0x7BEF,
  0x8410, 0x8410, 0x8410, 0x8430, 0x8C51, 0x8C51, 0x8C51, 0x8C51, 0x8C51, 0x8430, 0x8430, 0x8430, 0x8410, 0x8410, 0x8410, 0x8410,
  0x8410, 0x8410, 0x8410, 0x8410, 0x7BEF, 0x7BEF, 0x7BEF, 0x7BCF, 0x7BCF, 0x7BCF, 0x73AE, 0x7BEF, 0x8430, 0x8C71, 0x73AE, 0x6B4D,
  0x6B4D, 0x630C, 0x630C, 0x5AEB, 0x5ACB, 0x52AA, 0x528A, 0x4A69, 0x4A69, 0x4A49, 0x4228, 0x4228, 0x4208, 0x4208, 0x39E7, 0x39C7,
  0x39C7, 0x31A6, 0x3186, 0x3186, 0x3186, 0x31A6, 0x31A6, 0x39C7, 0x39E7, 0x4208, 0x4208, 0x4228, 0x4A49, 0x4A69, 0x528A, 0x5ACB,
  0x630C, 0x6B4D, 0x738E, 0x73AE, 0x73AE, 0x73AE, 0x738E, 0x7BCF, 0x94B3, 0x6B4D, 0x4A69, 0x39E7, 0x2965, 0x2104, 0x2104, 0x2945,
  0x31A6, 0x4208, 0x4A69, 0x630C, 0x8433, 0x9557, 0xC659, 0xCE79, 0xD69A, 0xD69A, 0xD6BA, 0xD6BA, 0xDEDB, 0xE71C, 0xD6DC, 0xD6DC,
  0xDEFC, 0xDEFC, 0xD6DC, 0xCE59, 0x8CB5, 0x6392, 0x5B73, 0x42B0, 0x63B2, 0x8CF6, 0x5C35, 0x7CD6, 0x8CD3, 0x63D2, 0x6BD1, 0x842F,
  0x7C52, 0x5BD2, 0x5B91, 0x8493, 0x5C78, 0x3BB6, 0x3355, 0x7C96, 0xB576, 0x7C76, 0x8D37, 0xBE9B, 0xD6FC, 0xE73C, 0xE75D, 0xE75E,
  0xE75D, 0xE75D, 0xE75D, 0xDF3E, 0xE73D, 0xEF5D, 0xEF3D, 0xE73D, 0xEF5D, 0xEF3D, 0xE71D, 0xDF3D, 0xCEDD, 0xD6FD, 0xDEFC, 0xE71C,
  0xE71C, 0xEF5D, 0xDF1C, 0xD6FC, 0xDEFC, 0xDEFC, 0xDF1D, 0xDF1C, 0xCEFD, 0xCEFE, 0xD71D, 0xEF5D, 0xDF3D, 0xDF3D, 0xE73D, 0xD6FC,
  0xCEDC, 0xC69B, 0xBE5A, 0xAE19, 0xA5D9, 0xA5B8, 0x9D98, 0x9D77, 0x9D78, 0x9D78, 0x9D78, 0xA5B8, 0xA5D8, 0xADF9, 0xB63A, 0xBE7A,
  0xC69B, 0xCEBB, 0xCEBB, 0xC69A, 0xBE7A, 0xB63A, 0xADF9, 0xADD9, 0xA599, 0xA578, 0x9D37, 0x9D17, 0x9D17, 0x9D17, 0x9D37, 0xA558,
  0xA578, 0xA578, 0xA578, 0xA578, 0x9D57, 0x9D57, 0x9D37, 0x9D57, 0xA557, 0xA578, 0xA578, 0xAD78, 0xA557, 0x9D37, 0x9CF6, 0xB5D9,
  0x9CF6, 0x94D6, 0x94F7, 0x94D7, 0x94D7, 0x94F8, 0x9D59, 0xAE5B, 0xD71D, 0xEF5D, 0xEF7D, 0xE71C, 0xCE59, 0xC638, 0xC618, 0xBDF7,
  0xBDF7, 0xC618, 0xCE59, 0xC69B, 0xAE7B, 0xA63B, 0xADFA, 0xBE5A, 0xCE9A, 0xD69A, 0xDEDB, 0xDEFB, 0xDEFB, 0xDEFB, 0xE71C, 0xE71C,
  0xE73C, 0xE73C, 0xE71C, 0xDEFB, 0xDEDB, 0xD69A, 0xD69A, 0xD6BA, 0xDEDB, 0xD6BA, 0xD6BA, 0xD6BA, 0xD6BA, 0xD6BA, 0xD6BA, 0xDEDB,
  0xDEFB, 0xE71C, 0xE71C, 0xDEFB, 0xDEFB, 0xDEDB, 0xD6BA, 0xD69A, 0xCE79, 0xCE79, 0xCE79, 0xCE79, 0xCE59, 0xCE59, 0xCE79, 0xCE59,
  0xAD75, 0x7BEF, 0x630C, 0x5ACB, 0x630C, 0x630C, 0x5AEB, 0x5AEB, 0x5AEB, 0x5AEB, 0x630C, 0x630C, 0x632C, 0x632C, 0x6B4D, 0x6B6D,
  0x738E, 0x738E, 0x73AE, 0x73AE, 0x7BCF, 0x8410, 0x8C51, 0x8C71, 0x9492, 0x9492, 0x9492, 0x8C71, 0x8C71, 0x8C71, 0x8C71, 0x8C51,
  0x8C51, 0x8430, 0x8430, 0x8410, 0x8410, 0x8410, 0x7BEF, 0x7BEF, 0x7BCF, 0x7BCF, 0x7BCF, 0x7BEF, 0x7BEF, 0x7BEF, 0x8410, 0x8410,
  0x8410, 0x8430, 0x8430, 0x8C51, 0x8C51, 0x8C51, 0x8C71, 0x8C51, 0x8C51, 0x8C51, 0x8430, 0x8430, 0x8410, 0x8410, 0x7BEF, 0x7BEF,
  0x7BEF, 0x7BCF, 0x7BCF, 0x7BCF, 0x7BCF, 0x73AE, 0x73AE, 0x738E, 0x738E, 0x738E, 0x6B6D, 0x738E, 0x738E, 0x6B4D, 0x6B4D, 0x630C,
  0x5AEB, 0x5ACB, 0x528A, 0x52AA, 0x528A, 0x4A69, 0x4A49, 0x4228, 0x4228, 0x4208, 0x4208, 0x39E7, 0x39E7, 0x39C7, 0x39C7, 0x31A6,
  0x3186, 0x3186, 0x2965, 0x3186, 0x3186, 0x3186, 0x31A6, 0x39C7, 0x39E7, 0x39E7, 0x4208, 0x4228, 0x4A49, 0x4A69, 0x52AA, 0x630C,
  0x6B4D, 0x73AE, 0x8410, 0x8C51, 0x8C51, 0x8C51, 0x8430, 0x8410, 0xA535, 0x7C10, 0x5ACB, 0x4228, 0x3186, 0x2104, 0x18C3, 0x2104,
  0x2965, 0x39C7, 0x4249, 0x5ACA, 0x7BB0, 0x8CD7, 0xB618, 0xCE59, 0xCE79, 0xD69A, 0xD6BA, 0xDEDB, 0xDEDB, 0xDEFB, 0xE73C, 0xD6DC,
  0xDF1C, 0xDEFC, 0xDEDB, 0xDEFB, 0xCE9A, 0x9D37, 0x6BD3, 0x63D4, 0x4B31, 0x94F3, 0x84D6, 0x5BB2, 0x73B1, 0x8470, 0x5BB1, 0x73D0,
  0x8C10, 0x7CB2, 0x7434, 0x5BB3, 0x8CF5, 0x4C58, 0x3BB6, 0x4BB5, 0xAD76, 0xB595, 0x8CF6, 0x95B9, 0xC6DC, 0xE71C, 0xE75D, 0xEF5D,
  0xE75D, 0xE75D, 0xE77D, 0xE77D, 0xE73D, 0xEF7D, 0xEF5D, 0xDF3D, 0xE75D, 0xEF3D, 0xDF1D, 0xE73D, 0xD6FD, 0xD6FD, 0xDF1C, 0xDF1C,
  0xE71C, 0xE71C, 0xEF5D, 0xDEFC, 0xDEFC, 0xDEFC, 0xD71D, 0xE71C, 0xDF1C, 0xD6DD, 0xCEFE, 0xDF1D, 0xEF5D, 0xDF3D, 0xD6FC, 0xD6FC,
  0xCEDB, 0xBE9B, 0xAE3A, 0xADF9, 0xA5D9, 0x9D98, 0x9D77, 0x9D57, 0x9D37, 0x9537, 0x9537, 0x9D57, 0x9D57, 0x9D78, 0x9D98, 0xA5D8,
  0xAE19, 0xB63A, 0xBE7A, 0xC69B, 0xC69B, 0xC69B, 0xBE7A, 0xB67A, 0xB63A, 0xADD9, 0xA598, 0x9D37, 0x9D17, 0x9CF7, 0x9CF7, 0x9CF7,
  0x9D17, 0xA538, 0xA558, 0x9D57, 0x9D57, 0x9D37, 0x9D37, 0x9D37, 0x9D57, 0xA577, 0xA578, 0xA558, 0xA537, 0x9D37, 0x9CF6, 0xBDD9,
  0x9D16, 0x9CF6, 0x9CF7, 0x9D17, 0x9D18, 0x9CF8, 0x9D39, 0xA5DA, 0xC6DC, 0xEF5D, 0xEF7D, 0xEF7D, 0xE71C, 0xCE59, 0xC618, 0xBDF7,
  0xBDF7, 0xC5F7, 0xC638, 0xC679, 0xB67B, 0xAE5B, 0xBE3A, 0xCE79, 0xCE79, 0xD69A, 0xD6BA, 0xDEDB, 0xDEDB, 0xDEFB, 0xDEFB, 0xE71C,
  0xE73C, 0xE73C, 0xE71C, 0xDEFB, 0xD6BA, 0xD6BA, 0xD6BA, 0xDEDB, 0xDEDB, 0xD6BA, 0xD6BA, 0xD6BA, 0xDEDB, 0xD6BA, 0xD6BA, 0xD6BA,
  0xDEDB, 0xDEFB, 0xDEFB, 0xDEFB, 0xDEDB, 0xDEDB, 0xDEDB, 0xD69A, 0xCE79, 0xCE79, 0xCE59, 0xCE79, 0xD69A, 0xC638, 0xA534, 0x7BCF,
  0x5AEB, 0x5AEB, 0x632C, 0x632C, 0x630C, 0x630C, 0x630C, 0x630C, 0x5AEB, 0x630C, 0x632C, 0x632C, 0x6B4D, 0x6B6D, 0x6B6D, 0x738E,
  0x73AE, 0x73AE, 0x7BCF, 0x7BEF, 0x8410, 0x8C71, 0x94B2, 0x9CD3, 0x9CD3, 0x9CF3, 0x9CD3, 0x94B2, 0x94B2, 0x9492, 0x9492, 0x8C71,
  0x8C71, 0x8C51, 0x8430, 0x8410, 0x7BEF, 0x7BEF, 0x7BCF, 0x7BCF, 0x7BCF, 0x7BCF, 0x7BCF, 0x7BEF, 0x8410, 0x8410, 0x8430, 0x8430,
  0x8C51, 0x8C51, 0x8C71, 0x8C71, 0x8C71, 0x8C71, 0x8C71, 0x8C71, 0x8C71, 0x8C51, 0x8430, 0x8410, 0x8410, 0x7BEF, 0x7BEF, 0x7BCF,
  0x7BCF, 0x73AE, 0x73AE, 0x73AE, 0x738E, 0x738E, 0x6B6D, 0x6B6D, 0x6B4D, 0x632C, 0x632C, 0x632C, 0x632C, 0x5AEB, 0x5AEB, 0x630C,
  0x528A, 0x528A, 0x4A49, 0x4228, 0x4A49, 0x4228, 0x4208, 0x4208, 0x39E7, 0x39E7, 0x39C7, 0x39C7, 0x31A6, 0x31A6, 0x3186, 0x3186,
  0x2965, 0x2945, 0x2945, 0x2965, 0x2965, 0x3186, 0x31A6, 0x39C7, 0x39E7, 0x4208, 0x4208, 0x4228, 0x4A69, 0x528A, 0x5ACB, 0x632C,
  0x73AE, 0x8430, 0x94B2, 0x9CF3, 0x9CF3, 0x9CD3, 0x9492, 0x8C51, 0xAD95, 0x94D3, 0x630C, 0x4A69, 0x31A6, 0x2104, 0x10A2, 0x18C3,
  0x2124, 0x3186, 0x4208, 0x5289, 0x6B4E, 0x8475, 0xA598, 0xC679, 0xCE79, 0xD69A, 0xD6BA, 0xDEDB, 0xDEDB, 0xE6FB, 0xE73C, 0xD6FD,
  0xE71C, 0xDEFC, 0xDEFB, 0xDEDA, 0xD6DB, 0xD6BB, 0xAD99, 0x84D6, 0x63F4, 0x7C32, 0x9CD3, 0x84D5, 0x6BF2, 0x6371, 0x8410, 0x73F1,
  0x8450, 0x9472, 0x8D15, 0x7CB4, 0x63D3, 0x7CF6, 0x4BF8, 0x3BB7, 0x6C96, 0xB576, 0xAD76, 0x9578, 0xA61B, 0xDEFC, 0xEF5C, 0xEF5D,
  0xE75D, 0xE75C, 0xE75D, 0xE77E, 0xE73D, 0xEF5D, 0xEF5D, 0xDF3D, 0xE75D, 0xEF5D, 0xDF1D, 0xDF1C, 0xDF1C, 0xCEFD, 0xDF1C, 0xDEFC,
  0xE71C, 0xDEFC, 0xE71C, 0xE73D, 0xDEFC, 0xDEFB, 0xDEFC, 0xDF1D, 0xDF1D, 0xDF1D, 0xCEDD, 0xD71D, 0xE73C, 0xE73D, 0xD6FC, 0xD6DB,
  0xCEBB, 0xBE7A, 0xAE3A, 0xA5F9, 0x9DB9, 0x9D98, 0x9D77, 0x9D57, 0x9D37, 0x9517, 0x9517, 0x94F6, 0x94F6, 0x9516, 0x9537, 0x9D57,
  0x9D97, 0x9DB8, 0xA5D9, 0xAE19, 0xB63A, 0xBE5A, 0xC67B, 0xC69B, 0xC69B, 0xBE7B, 0xB63A, 0xA5D9, 0xA578, 0x9D37, 0x9D17, 0x9CF7,
  0x94F6, 0x9CF7, 0x9D17, 0x9516, 0x9516, 0x9D17, 0x9D37, 0x9D57, 0x9D57, 0xA557, 0xA558, 0xA558, 0xA538, 0x9D17, 0x9CF6, 0xB5D9,
  0xA556, 0x9D37, 0xA537, 0xA558, 0x9D58, 0x9D59, 0xA57A, 0xA5DA, 0xBE9C, 0xDF3D, 0xEF7D, 0xEF7D, 0xEF7D, 0xDEDB, 0xC638, 0xC618,
  0xBDF7, 0xBE18, 0xC618, 0xC638, 0xBE59, 0xB65A, 0xC659, 0xC659, 0xCE59, 0xCE79, 0xD69A, 0xD6BA, 0xD6BA, 0xDEDB, 0xDEFB, 0xE71C,
  0xE73C, 0xE73C, 0xE71C, 0xDEFB, 0xD6BA, 0xD6BA, 0xDEDB, 0xDEFB, 0xDEDB, 0xD6BA, 0xD69A, 0xD69A, 0xD6BA, 0xD6BA, 0xD6BA, 0xD6BA,
  0xD6BA, 0xDEDB, 0xDEDB, 0xDEDB, 0xDEDB, 0xDEDB, 0xD6BA, 0xD69A, 0xCE79, 0xD69A, 0xD69A, 0xC618, 0x9CD3, 0x73AE, 0x630C, 0x632C,
  0x6B4D, 0x6B4D, 0x632C, 0x632C, 0x632C, 0x630C, 0x632C, 0x632C, 0x632C, 0x632C, 0x6B4D, 0x6B4D, 0x6B6D, 0x738E, 0x73AE, 0x73AE,
  0x7BCF, 0x7BCF, 0x7BEF, 0x8410, 0x8C51, 0x94B2, 0x9CF3, 0x9CF3, 0xA514, 0xA514, 0xA514, 0x9CF3, 0x9CD3, 0x94B2, 0x9492, 0x8C71,
  0x8C71, 0x8C51, 0x8430, 0x8410, 0x7BEF, 0x7BEF, 0x7BCF, 0x7BCF, 0x7BCF, 0x7BCF, 0x7BEF, 0x8410, 0x8430, 0x8430, 0x8C51, 0x8C71,
  0x8C71, 0x8C71, 0x9492, 0x9492, 0x9492, 0x9492, 0x9492, 0x9492, 0x9492, 0x8C71, 0x8C51, 0x8410, 0x7BEF, 0x7BCF, 0x7BCF, 0x73AE,
  0x73AE, 0x738E, 0x738E, 0x6B6D, 0x6B4D, 0x6B4D, 0x632C, 0x632C, 0x630C, 0x5AEB, 0x5AEB, 0x5ACB, 0x5ACB, 0x52AA, 0x528A, 0x5ACB,
  0x52AA, 0x4228, 0x4A49, 0x39E7, 0x4208, 0x39E7, 0x39C7, 0x39C7, 0x31A6, 0x31A6, 0x31A6, 0x3186, 0x3186, 0x2965, 0x2965, 0x2945,
  0x2945, 0x2945, 0x2945, 0x2945, 0x2965, 0x3186, 0x31A6, 0x39C7, 0x39E7, 0x4208, 0x4228, 0x4A49, 0x4A69, 0x52AA, 0x5AEB, 0x6B6D,
  0x8410, 0x94B2, 0xAD55, 0xB596, 0xB596, 0xA534, 0x9CD3, 0x8C71, 0xAD75, 0xAD96, 0x6B6D, 0x52AA, 0x39E7, 0x2124, 0x10A2, 0x10A2,
  0x18E3, 0x2945, 0x39C7, 0x4A49, 0x5B0C, 0x7C13, 0x9537, 0xBE59, 0xCE79, 0xD69A, 0xD6BA, 0xDEDB, 0xDEFB, 0xE6FC, 0xE73C, 0xE73D,
  0xE71C, 0xDEFC, 0xE71C, 0xDEFB, 0xD6DB, 0xD6BB, 0xD6BB, 0xC65A, 0x9D78, 0x7C55, 0x9CB2, 0x8472, 0x8CD5, 0x7411, 0x5B51, 0x8C31,
  0x8C71, 0x94B2, 0xA4D3, 0x9515, 0x84B5, 0x6C34, 0x64D7, 0x4BD8, 0x43D8, 0x9515, 0xB575, 0xADB7, 0xA5FA, 0xBE9C, 0xE73C, 0xEF5D,
  0xEF5D, 0xEF5D, 0xEF5D, 0xEF7D, 0xE73D, 0xEF5D, 0xEF5C, 0xE75D, 0xE73D, 0xEF3D, 0xE71C, 0xDF1C, 0xE73C, 0xD6FD, 0xDF1D, 0xDEFC,
  0xDEFC, 0xDEFC, 0xDEDB, 0xE71C, 0xDF3D, 0xDEFB, 0xDEFB, 0xDF1D, 0xDF3D, 0xDF3D, 0xDEFC, 0xCEDD, 0xDF1E, 0xE73D, 0xDF1C, 0xC6BC,
  0xC69B, 0xBE7A, 0xAE39, 0xA5D9, 0xA5B8, 0x9D77, 0x9D57, 0x9D37, 0x9517, 0x9517, 0x94F6, 0x94F6, 0x94F6, 0x8CD6, 0x94F6, 0x94F6,
  0x9516, 0x9D37, 0x9D57, 0x9D78, 0xA5B8, 0xADD9, 0xAE1A, 0xB65A, 0xBE9B, 0xC6BB, 0xC6BB, 0xBE7A, 0xAE3A, 0xADD9, 0xA598, 0x9D57,
  0x9517, 0x94F6, 0x94D6, 0x94F6, 0x94D6, 0x94F6, 0x9D17, 0x9D17, 0x9D37, 0xA538, 0xA558, 0xA558, 0x9D38, 0x9D17, 0x94D6, 0xB5B8,
  0xAD97, 0xA577, 0xA578, 0xA598, 0xA5B9, 0xADD9, 0xADDA, 0xAE1B, 0xB69C, 0xD71D, 0xEF7D, 0xEF7D, 0xEF7D, 0xEF7D, 0xDEBB, 0xC618,
  0xC618, 0xC618, 0xC618, 0xC618, 0xC638, 0xC639, 0xC638, 0xC638, 0xC638, 0xCE59, 0xCE79, 0xD69A, 0xD6BA, 0xDEDB, 0xDEFB, 0xDEFB,
  0xE71C, 0xE71C, 0xDEFB, 0xDEDB, 0xDEDB, 0xDEDB, 0xDEFB, 0xDEFB, 0xDEDB, 0xD69A, 0xCE79, 0xCE79, 0xD69A, 0xD6BA, 0xD6BA, 0xD6BA,
  0xD6BA, 0xD6BA, 0xD6BA, 0xDEDB, 0xDEDB, 0xDEDB, 0xDEFB, 0xDEFB, 0xD69A, 0xB5B6, 0x8C71, 0x6B6D, 0x632C, 0x6B4D, 0x6B6D, 0x6B6D,
  0x6B4D, 0x632C, 0x632C, 0x632C, 0x632C, 0x632C, 0x632C, 0x6B4D, 0x6B4D, 0x6B4D, 0x6B6D, 0x6B6D, 0x738E, 0x73AE, 0x7BCF, 0x7BCF,
  0x7BEF, 0x7BEF, 0x8410, 0x8C51, 0x9492, 0x9CD3, 0x9CF3, 0xA534, 0xA534, 0xA534, 0xA514, 0xA514, 0x9CF3, 0x9CD3, 0x94B2, 0x9492,
  0x8C51, 0x8C51, 0x8430, 0x8410, 0x7BEF, 0x7BEF, 0x7BCF, 0x7BEF, 0x7BEF, 0x8410, 0x8430, 0x8430, 0x8C51, 0x8C71, 0x8C71, 0x9492,
  0x9492, 0x94B2, 0x94B2, 0x9492, 0x9492, 0x9492, 0x9492, 0x9492, 0x9492, 0x8C71, 0x8430, 0x8410, 0x7BEF, 0x7BCF, 0x73AE, 0x738E,
  0x6B6D, 0x6B6D, 0x6B4D, 0x632C, 0x632C, 0x630C, 0x5AEB, 0x5ACB, 0x5ACB, 0x52AA, 0x52AA, 0x528A, 0x4A69, 0x4A69, 0x4228, 0x4A49,
  0x528A, 0x4208, 0x4208, 0x39E7, 0x31A6, 0x31A6, 0x31A6, 0x3186, 0x3186, 0x3186, 0x2965, 0x2965, 0x2965, 0x2945, 0x2124, 0x2124,
  0x2124, 0x2124, 0x2124, 0x2945, 0x2965, 0x3186, 0x31A6, 0x39C7, 0x39E7, 0x4208, 0x4228, 0x4A49, 0x528A, 0x5ACB, 0x632C, 0x73AE,
  0x8C71, 0xA534, 0xBDF7, 0xC638, 0xC618, 0xAD75, 0x9CF3, 0x9492, 0xA534, 0xBE18, 0x7C0F, 0x5ACB, 0x4228, 0x2945, 0x18C3, 0x1082,
  0x10A2, 0x2104, 0x2965, 0x4208, 0x52AA, 0x73B0, 0x84D6, 0xB5F8, 0xCE79, 0xD699, 0xD6BA, 0xDEDB, 0xDEFB, 0xE71C, 0xE73C, 0xEF7D,
  0xDEFC, 0xDEFC, 0xE71C, 0xDEFC, 0xD6DB, 0xD6BA, 0xD6DA, 0xD6BB, 0xCEBB, 0xADB9, 0x9D15, 0x9492, 0x7414, 0x9515, 0x7C11, 0x5B91,
  0x8C92, 0x9CF3, 0xA4F3, 0xA4F3, 0x8D15, 0x8CD4, 0x8CF6, 0x64B8, 0x3B97, 0x5C36, 0xA555, 0xAD75, 0xADF9, 0xBE7C, 0xD6FC, 0xE73D,
  0xEF5D, 0xEF5D, 0xEF5D, 0xEF7D, 0xE75E, 0xE75D, 0xEF5C, 0xE75D, 0xDF3D, 0xE73C, 0xE73C, 0xDF1D, 0xE71C, 0xD6FD, 0xD6DD, 0xD6DB,
  0xD6BC, 0xD6DB, 0xD6DA, 0xD6BA, 0xDEFC, 0xD71C, 0xDEFA, 0xDF1C, 0xDF3E, 0xDF1D, 0xE73C, 0xD6DD, 0xD6FD, 0xDF1D, 0xDF1C, 0xD6DB,
  0xC69B, 0xBE7A, 0xAE19, 0xA5D8, 0xA5B8, 0x9D77, 0x9D57, 0x9D37, 0x9517, 0x94F6, 0x94F6, 0x94D6, 0x8CD6, 0x8CB6, 0x8CB6, 0x8CB6,
  0x94D6, 0x94D6, 0x94F6, 0x9517, 0x9D37, 0x9D58, 0xA598, 0xA5D9, 0xB61A, 0xBE7B, 0xC69B, 0xC6BB, 0xC6BB, 0xBE7B, 0xB65A, 0xAE1A,
  0xA5B9, 0x9D78, 0x9D37, 0x9D17, 0x9CF7, 0x94D7, 0x94D6, 0x94D6, 0x9CF7, 0x9CF7, 0x9D17, 0x9D17, 0x9D17, 0x9CF7, 0x94D6, 0xB5B8,
  0xB5D9, 0xADD9, 0xADD9, 0xADF9, 0xB61A, 0xB63A, 0xB65B, 0xB69B, 0xBEBC, 0xD71D, 0xEF7D, 0xEF7D, 0xEF7D, 0xEF7D, 0xE75D, 0xCE9A,
  0xC618, 0xC618, 0xC618, 0xC618, 0xC618, 0xC638, 0xC638, 0xC638, 0xCE59, 0xCE79, 0xD69A, 0xD6BA, 0xDEDB, 0xDEFB, 0xDEFB, 0xDEFB,
  0xE71C, 0xE73C, 0xE73C, 0xE71C, 0xDEFB, 0xDEDB, 0xDEDB, 0xDEFB, 0xDEDB, 0xD69A, 0xCE79, 0xCE79, 0xCE79, 0xD6BA, 0xD6BA, 0xD6BA,
  0xD6BA, 0xD6BA, 0xD6BA, 0xDEDB, 0xDEDB, 0xDEFB, 0xC638, 0x9CF3, 0x7BEF, 0x6B6D, 0x6B4D, 0x6B4D, 0x6B6D, 0x6B4D, 0x6B4D, 0x6B4D,
  0x6B4D, 0x632C, 0x632C, 0x632C, 0x632C, 0x632C, 0x6B4D, 0x6B4D, 0x6B6D, 0x6B6D, 0x738E, 0x738E, 0x73AE, 0x73AE, 0x7BCF, 0x7BCF,
  0x7BEF, 0x8410, 0x8430, 0x8C71, 0x94B2, 0x9CF3, 0xA514, 0xA534, 0xA534, 0xA534, 0xA534, 0xA534, 0xA514, 0x9CD3, 0x94B2, 0x9492,
  0x8C71, 0x8C51, 0x8430, 0x8430, 0x8410, 0x7BEF, 0x7BEF, 0x8410, 0x8410, 0x8430, 0x8C51, 0x8C71, 0x9492, 0x9492, 0x9492, 0x94B2,
  0x94B2, 0x94B2, 0x94B2, 0x9492, 0x9492, 0x9492, 0x9492, 0x9492, 0x8C71, 0x8C51, 0x8430, 0x7BEF, 0x7BCF, 0x738E, 0x6B6D, 0x6B4D,
  0x632C, 0x632C, 0x630C, 0x5AEB, 0x5AEB, 0x5ACB, 0x52AA, 0x528A, 0x528A, 0x4A69, 0x4A49, 0x4A49, 0x4228, 0x4228, 0x4228, 0x39C7,
  0x4228, 0x4228, 0x31A6, 0x39E7, 0x31A6, 0x3186, 0x3186, 0x2965, 0x2965, 0x2945, 0x2945, 0x2945, 0x2124, 0x2124, 0x2104, 0x2104,
  0x2104, 0x2104, 0x2124, 0x2945, 0x2965, 0x3186, 0x31A6, 0x39C7, 0x39E7, 0x4228, 0x4A49, 0x4A69, 0x52AA, 0x5AEB, 0x6B6D, 0x7BEF,
  0x94B2, 0xB5B6, 0xCE59, 0xCE59, 0xBDF7, 0xAD55, 0x9CF3, 0x9492, 0x9CF3, 0xC639, 0x8C93, 0x5AEB, 0x4A48, 0x3186, 0x18E3, 0x1082,
  0x10A2, 0x18E3, 0x2945, 0x39C7, 0x4A69, 0x6B4E, 0x8475, 0xA597, 0xCE79, 0xD699, 0xD6BB, 0xDEDB, 0xDEFB, 0xE71C, 0xE73C, 0xEF7D,
  0xE71C, 0xE71C, 0xDF1C, 0xDEDB, 0xDEDB, 0xD6BA, 0xD6BA, 0xDEDB, 0xD6DB, 0xD6BD, 0xC65A, 0xB5B5, 0x8C93, 0x7C94, 0xA575, 0x8493,
  0x63F2, 0x9CF4, 0xA514, 0x9CF3, 0x94D3, 0x8CD4, 0x9535, 0x9D77, 0x4C17, 0x3BB8, 0x7C96, 0xAD75, 0xB5B7, 0xB65A, 0xD6FC, 0xDF1D,
  0xE73D, 0xEF5D, 0xEF5D, 0xEF5D, 0xE75D, 0xDF5D, 0xEF5D, 0xE75D, 0xDF3D, 0xE73C, 0xE73C, 0xD6FC, 0xD6FB, 0xCEDC, 0xC6BC, 0xCEBB,
  0xC69B, 0xCE9A, 0xC69A, 0xC69A, 0xC67A, 0xCEFC, 0xDEFB, 0xDEFB, 0xD71D, 0xDF1D, 0xE73C, 0xE73D, 0xD6DC, 0xDF1D, 0xD6FD, 0xD6FB,
  0xCEBB, 0xBE7A, 0xAE39, 0xA5F9, 0xA5B8, 0x9D97, 0x9D57, 0x9537, 0x9517, 0x94F6, 0x94F6, 0x94D6, 0x8CB6, 0x8CB5, 0x8C95, 0x8CB5,
  0x8CB5, 0x94B6, 0x94D6, 0x8CD6, 0x94F6, 0x94F6, 0x9537, 0x9D57, 0xA598, 0xADF9, 0xAE3A, 0xBE7B, 0xC69B, 0xC6BB, 0xC6DB, 0xC6BB,
  0xBE7B, 0xB63A, 0xADF9, 0xA5B8, 0x9D58, 0x9D17, 0x94D6, 0x94B6, 0x94B6, 0x94D6, 0x94D6, 0x94D6, 0x94D6, 0x94D6, 0x94B6, 0xB5B8,
  0xBE39, 0xB63A, 0xB65A, 0xB65A, 0xBE7B, 0xBE9B, 0xC6BC, 0xCEDC, 0xD6FC, 0xDF3D, 0xEF5D, 0xEF7D, 0xDF5D, 0xD71D, 0xCEFC, 0xCEBA,
  0xC638, 0xC618, 0xC618, 0xC618, 0xC638, 0xC638, 0xC638, 0xCE59, 0xCE79, 0xD69A, 0xD6BA, 0xDEDB, 0xDEFB, 0xE71C, 0xE73C, 0xEF5D,
  0xEF5D, 0xEF7D, 0xE73C, 0xDEDB, 0xD69A, 0xD69A, 0xD6BA, 0xDEDB, 0xDEDB, 0xD69A, 0xCE79, 0xCE79, 0xCE79, 0xD69A, 0xD6BA, 0xD6BA,
  0xD6BA, 0xD69A, 0xD6BA, 0xD6BA, 0xDEDB, 0x94B2, 0x632C, 0x6B4D, 0x73AE, 0x73AE, 0x6B6D, 0x632C, 0x630C, 0x630C, 0x630C, 0x630C,
  0x630C, 0x630C, 0x632C, 0x632C, 0x632C, 0x632C, 0x6B4D, 0x6B4D, 0x6B6D, 0x6B6D, 0x738E, 0x738E, 0x73AE, 0x73AE, 0x7BCF, 0x7BCF,
  0x7BEF, 0x8410, 0x8C51, 0x9492, 0x9CD3, 0x9CF3, 0xA514, 0xA534, 0xA534, 0xA534, 0xAD55, 0xAD55, 0xA514, 0x9CD3, 0x94B2, 0x94B2,
  0x94B2, 0x8C71, 0x8C51, 0x8430, 0x8430, 0x8430, 0x8430, 0x8430, 0x8C51, 0x8C71, 0x9492, 0x9492, 0x94B2, 0x94B2, 0x94B2, 0x94B2,
  0x94B2, 0x94B2, 0x94B2, 0x9492, 0x9492, 0x9492, 0x9492, 0x8C71, 0x8C71, 0x8430, 0x8410, 0x7BCF, 0x738E, 0x6B6D, 0x6B4D, 0x630C,
  0x630C, 0x5AEB, 0x5ACB, 0x52AA, 0x528A, 0x528A, 0x4A69, 0x4A69, 0x4A49, 0x4228, 0x4228, 0x4208, 0x39E7, 0x39C7, 0x4208, 0x39C7,
  0x39C7, 0x39E7, 0x39C7, 0x31A6, 0x31A6, 0x2965, 0x2945, 0x2945, 0x2945, 0x2124, 0x2124, 0x2124, 0x2104, 0x2104, 0x18E3, 0x18E3,
  0x18E3, 0x2104, 0x2124, 0x2945, 0x2965, 0x3186, 0x31A6, 0x39E7, 0x4208, 0x4228, 0x4A49, 0x4A69, 0x52AA, 0x630C, 0x738E, 0x8430,
  0x9CF3, 0xBDD7, 0xCE59, 0xC618, 0xB596, 0xA534, 0x9CD3, 0x9492, 0x9CD2, 0xC639, 0x9D55, 0x632C, 0x4A69, 0x39C6, 0x2104, 0x10A2,
  0x1082, 0x18C3, 0x2104, 0x3186, 0x4228, 0x5AEC, 0x7C12, 0x9517, 0xBE59, 0xD69A, 0xD6BA, 0xDEDB, 0xDEFB, 0xE71C, 0xEF5D, 0xEF5D,
  0xEF5D, 0xDF1C, 0xDEFC, 0xDEDB, 0xDEDB, 0xD6BA, 0xD6BA, 0xDEDB, 0xD6DB, 0xD6DB, 0xD6BC, 0xDEBB, 0xC638, 0x94F5, 0x9D56, 0xB596,
  0x94D4, 0x6C34, 0xA514, 0xA4F3, 0x94B2, 0x9CD3, 0x94F5, 0x9D77, 0xA576, 0x5C57, 0x4C18, 0x9517, 0xB596, 0xAE19, 0xBEBC, 0xE75D,
  0xE73D, 0xE75D, 0xEF5D, 0xEF5D, 0xEF5D, 0xE73D, 0xEF5D, 0xE75D, 0xDF3C, 0xDF1D, 0xE71C, 0xD6FC, 0xCEBB, 0xCEBB, 0xBE9C, 0xC67A,
  0xBE5A, 0xB65A, 0xBE39, 0xB639, 0xB639, 0xB65A, 0xCEDC, 0xD6DB, 0xD6FC, 0xCEFD, 0xDEFC, 0xE71C, 0xDEFC, 0xD6FD, 0xD6FD, 0xCEDC,
  0xCEBA, 0xC67A, 0xB659, 0xA5F9, 0xA5B8, 0x9D98, 0x9D77, 0x9D37, 0x9517, 0x94F6, 0x94F6, 0x94D6, 0x8CB6, 0x8CB5, 0x8CB5, 0x8CB5,
  0x8CB5, 0x8CB5, 0x8CB6, 0x94B6, 0x94D6, 0x94D6, 0x94F6, 0x9517, 0x9D37, 0x9D78, 0xA5B9, 0xADFA, 0xAE3A, 0xB67A, 0xC6BB, 0xCEDB,
  0xCEFC, 0xCEDC, 0xC6BC, 0xBE7B, 0xAE1A, 0xA5D9, 0x9D78, 0x9D37, 0x94F7, 0x94D6, 0x8CB6, 0x8C95, 0x8C95, 0x8CB5, 0x8C95, 0xB598,
  0xC69B, 0xC69B, 0xC6BB, 0xC6DC, 0xCEDB, 0xCEFC, 0xD71D, 0xDF1D, 0xDF3D, 0xE75D, 0xDF3D, 0xD71D, 0xCEDC, 0xC6BB, 0xC67A, 0xC659,
  0xC638, 0xC638, 0xC638, 0xC638, 0xCE38, 0xCE59, 0xCE59, 0xCE79, 0xCE79, 0xD69A, 0xDEDB, 0xE71C, 0xEF5D, 0xEF7D, 0xF79E, 0xEF7D,
  0xE73C, 0xE71C, 0xDEDB, 0xD69A, 0xCE79, 0xCE79, 0xD6BA, 0xDEDB, 0xD6BA, 0xCE79, 0xCE79, 0xD679, 0xCE99, 0xD6BA, 0xD6BA, 0xD6BB,
  0xD6BA, 0xD69A, 0xD69A, 0xDEFB, 0xB5B6, 0x5ACB, 0x6B6D, 0x6B6D, 0x6B4D, 0x632C, 0x630C, 0x5AEB, 0x5AEB, 0x5ACB, 0x5ACB, 0x5ACB,
  0x5ACB, 0x5ACB, 0x5AEB, 0x630C, 0x632C, 0x632C, 0x6B4D, 0x6B4D, 0x6B4D, 0x6B6D, 0x738E, 0x738E, 0x73AE, 0x73AE, 0x7BCF, 0x7BCF,
  0x7BEF, 0x8410, 0x8C51, 0x94B2, 0x9CD3, 0xA514, 0xA514, 0xA534, 0xA534, 0xA534, 0xAD55, 0xAD55, 0xA534, 0xA514, 0xA514, 0x9CF3,
  0x9CF3, 0x94B2, 0x8C71, 0x8C71, 0x8C51, 0x8C51, 0x8C71, 0x8C71, 0x9492, 0x94B2, 0x94B2, 0x9CD3, 0x9CD3, 0x9CD3, 0x9CD3, 0x94B2,
  0x94B2, 0x94B2, 0x94B2, 0x9492, 0x9492, 0x8C71, 0x8C71, 0x8C51, 0x8430, 0x8410, 0x7BCF, 0x738E, 0x6B6D, 0x632C, 0x630C, 0x5AEB,
  0x5ACB, 0x52AA, 0x528A, 0x528A, 0x4A69, 0x4A49, 0x4A49, 0x4228, 0x4208, 0x4208, 0x39E7, 0x39C7, 0x39C7, 0x31A6, 0x31A6, 0x39E7,
  0x39C7, 0x39C7, 0x4228, 0x39E7, 0x3186, 0x2965, 0x2124, 0x2104, 0x2104, 0x2104, 0x2104, 0x2104, 0x18E3, 0x18E3, 0x18C3, 0x18E3,
  0x18E3, 0x2104, 0x2124, 0x2945, 0x2965, 0x3186, 0x39C7, 0x39E7, 0x4208, 0x4228, 0x4A69, 0x528A, 0x5ACB, 0x632C, 0x7BCF, 0x8C51,
  0xA514, 0xBDF7, 0xC638, 0xB5B6, 0xAD54, 0xA4F3, 0x94B2, 0x8C71, 0x9491, 0xBE18, 0xADD7, 0x738E, 0x5289, 0x39E7, 0x2945, 0x10A2,
  0x1082, 0x10A2, 0x18E3, 0x2965, 0x39E7, 0x52AA, 0x73B0, 0x8CD6, 0xADF9, 0xD69A, 0xD6BA, 0xDEDB, 0xDEFB, 0xE71C, 0xE73C, 0xEF5D,
  0xEF5D, 0xE71C, 0xDEFB, 0xDEDB, 0xDEDB, 0xD6BA, 0xD6BA, 0xDEDB, 0xDEDB, 0xD6DB, 0xCEBC, 0xDEDC, 0xE71B, 0xCEBA, 0xB5B6, 0xAD96,
  0xB596, 0x9D15, 0x7C75, 0x9CF4, 0x9CB3, 0x94D3, 0xA514, 0x9556, 0xA577, 0xA555, 0x5C78, 0x6499, 0xAD76, 0xB5F8, 0xB67B, 0xD71C,
  0xEF7C, 0xEF5D, 0xEF5D, 0xEF5D, 0xEF5D, 0xE73D, 0xE73C, 0xE73D, 0xDF3D, 0xDF3D, 0xE71C, 0xDEFC, 0xC69B, 0xC67B, 0xB67C, 0xB63A,
  0xB639, 0xAE1A, 0xAE19, 0xADF9, 0xADF8, 0xAE19, 0xB65A, 0xC6BB, 0xCEBB, 0xCEDD, 0xCEDC, 0xD6DB, 0xDF1C, 0xD6DC, 0xD6FC, 0xCEBC,
  0xCEBB, 0xC67A, 0xBE5A, 0xAE19, 0xA5D9, 0xA5B8, 0x9D77, 0x9D57, 0x9D37, 0x9516, 0x94F6, 0x94D6, 0x8CD6, 0x8CB6, 0x8CB5, 0x8CB5,
  0x8CB6, 0x8CB6, 0x8CB6, 0x94B6, 0x94B6, 0x94B6, 0x94D6, 0x94F6, 0x9517, 0x9D37, 0x9D58, 0x9D78, 0xA5B9, 0xA5F9, 0xB65A, 0xC69B,
  0xCEFC, 0xD71C, 0xD71C, 0xD6FC, 0xC6DC, 0xBE9B, 0xB63A, 0xA5D9, 0xA599, 0x9D38, 0x94D6, 0x8C95, 0x8C96, 0x8C95, 0x8C75, 0xB598,
  0xD6FC, 0xD71C, 0xDF3C, 0xDF3D, 0xE73D, 0xE73D, 0xDF3D, 0xDF3D, 0xD71D, 0xD6FD, 0xCEDC, 0xCEDC, 0xCEBA, 0xCE7A, 0xCE79, 0xCE79,
  0xCE59, 0xCE59, 0xCE59, 0xCE59, 0xCE79, 0xCE79, 0xD69A, 0xD6BA, 0xDEFB, 0xE73C, 0xEF7D, 0xF79E, 0xF79E, 0xEF7D, 0xEF5D, 0xE71C,
  0xDEFB, 0xDEFB, 0xDEDB, 0xCE79, 0xCE59, 0xCE59, 0xD69A, 0xD6BA, 0xD69A, 0xCE79, 0xD67A, 0xD69A, 0xD69A, 0xD6BA, 0xD6DB, 0xD6DA,
  0xD6BA, 0xD69A, 0xD69A, 0xDEFB, 0x8410, 0x6B4D, 0x6B4D, 0x632C, 0x630C, 0x630C, 0x5AEB, 0x5ACB, 0x5ACB, 0x5ACB, 0x52AA, 0x52AA,
  0x52AA, 0x52AA, 0x5ACB, 0x5ACB, 0x630C, 0x632C, 0x632C, 0x6B4D, 0x6B6D, 0x6B6D, 0x738E, 0x738E, 0x73AE, 0x73AE, 0x7BCF, 0x7BCF,
  0x7BEF, 0x8410, 0x8C51, 0x9492, 0x9CD3, 0x9CF3, 0xA534, 0xA534, 0xA534, 0xAD55, 0xAD75, 0xAD75, 0xAD55, 0xAD55, 0xAD55, 0xA534,
  0x9CF3, 0x9CD3, 0x94B2, 0x9492, 0x9492, 0x9492, 0x94B2, 0x94B2, 0x9CD3, 0x9CD3, 0x9CD3, 0x9CD3, 0x9CD3, 0x9CD3, 0x9CD3, 0x94B2,
  0x94B2, 0x94B2, 0x9492, 0x9492, 0x8C71, 0x8C51, 0x8430, 0x8430, 0x7BEF, 0x7BCF, 0x738E, 0x6B4D, 0x630C, 0x5AEB, 0x5ACB, 0x52AA,
  0x528A, 0x4A69, 0x4A69, 0x4A49, 0x4228, 0x4228, 0x4208, 0x39E7, 0x39E7, 0x39C7, 0x39C7, 0x31A6, 0x31A6, 0x3186, 0x2965, 0x3186,
  0x39C7, 0x31A6, 0x4228, 0x4A69, 0x2965, 0x2965, 0x2124, 0x18E3, 0x18E3, 0x18E3, 0x18E3, 0x18C3, 0x18C3, 0x18C3, 0x18C3, 0x18C3,
  0x18E3, 0x2104, 0x2124, 0x2945, 0x3186, 0x31A6, 0x39C7, 0x4208, 0x4228, 0x4A49, 0x4A69, 0x52AA, 0x5AEB, 0x6B4D, 0x7BCF, 0x8C71,
  0xA534, 0xBDF7, 0xBDD7, 0xAD75, 0xA534, 0x9CD3, 0x9492, 0x8C71, 0x8C71, 0xB5D7, 0xBE39, 0x8431, 0x52AA, 0x4208, 0x2965, 0x18C3,
  0x1082, 0x1082, 0x18C3, 0x2124, 0x39C7, 0x4A69, 0x6B4E, 0x8474, 0xA598, 0xCE7A, 0xD6BA, 0xDEDB, 0xDEFB, 0xE71C, 0xE73C, 0xE73C,
  0xEF5D, 0xE71C, 0xDEDB, 0xDEDB, 0xDEDB, 0xD6BA, 0xD6DB, 0xDEDB, 0xDEDB, 0xD6DC, 0xD6DC, 0xD6BB, 0xE71C, 0xE73C, 0xDEFB, 0xC638,
  0xB5B6, 0xBD97, 0xA555, 0x94D4, 0x9CF4, 0x9CF4, 0xA513, 0xAD55, 0x9D56, 0x9D55, 0x8CD5, 0x5C99, 0x7D3A, 0xADB8, 0xB63B, 0xC6DC,
  0xE75D, 0xEF5D, 0xEF5D, 0xEF5D, 0xEF5D, 0xE73D, 0xE73C, 0xE73C, 0xE73C, 0xDF3D, 0xDF1D, 0xD6DC, 0xC67B, 0xBE5A, 0xB65A, 0xAE1A,
  0xAE19, 0xA5F9, 0xA5D8, 0xA5B8, 0xA5B7, 0xA5B8, 0xA5F9, 0xB639, 0xBE5A, 0xBE7B, 0xC69C, 0xCEBB, 0xD6DB, 0xD6DC, 0xCEBB, 0xCEDC,
  0xCEBB, 0xC69B, 0xBE7A, 0xB63A, 0xADF9, 0xA5D8, 0xA598, 0x9D78, 0x9D57, 0x9D37, 0x9517, 0x94F6, 0x8CD6, 0x8CD6, 0x8CB6, 0x8CB5,
  0x8CB6, 0x8CB6, 0x8CD6, 0x8CB6, 0x94D6, 0x94D6, 0x94F6, 0x94F6, 0x94F6, 0x9517, 0x9537, 0x9D58, 0x9D78, 0x9DB9, 0xA5F9, 0xB63A,
  0xBE9B, 0xCEDC, 0xD6FC, 0xD71D, 0xD71D, 0xCEFC, 0xCEDC, 0xBE9B, 0xB65A, 0xA5D9, 0x9D78, 0x9537, 0x94F7, 0x94D6, 0x8CB5, 0xB5B8,
  0xE75D, 0xEF7D, 0xEF7D, 0xEF7D, 0xE75D, 0xDF3D, 0xD71D, 0xCEFD, 0xCEDC, 0xD6DB, 0xD6BB, 0xD6BA, 0xD69A, 0xD69A, 0xD69A, 0xD69A,
  0xD69A, 0xD69A, 0xD69A, 0xCE9A, 0xD69A, 0xDEDB, 0xE73C, 0xEF5D, 0xF79E, 0xF79E, 0xF79E, 0xEF5D, 0xE73C, 0xE71C, 0xE71C, 0xE71C,
  0xDEFB, 0xDEFB, 0xDEDB, 0xD69A, 0xCE59, 0xCE59, 0xD69A, 0xD6BA, 0xD69A, 0xCE79, 0xD69A, 0xC69A, 0xBE9B, 0xBEBC, 0xC6FC, 0xD71C,
  0xD6BA, 0xD6BA, 0xE6FB, 0xAD75, 0x632C, 0x6B6D, 0x632C, 0x632C, 0x630C, 0x630C, 0x5AEB, 0x5AEB, 0x5AEB, 0x5ACB, 0x5ACB, 0x5ACB,
  0x52AA, 0x52AA, 0x52AA, 0x52AA, 0x5ACB, 0x5AEB, 0x632C, 0x6B4D, 0x6B6D, 0x6B6D, 0x6B6D, 0x738E, 0x73AE, 0x73AE, 0x7BCF, 0x7BCF,
  0x7BCF, 0x7BEF, 0x8430, 0x8C71, 0x94B2, 0x9CF3, 0xA514, 0xA534, 0xAD55, 0xAD55, 0xB596, 0xBDD7, 0xB5B6, 0xB5B6, 0xB596, 0xA534,
  0xA514, 0x9CF3, 0x9CD3, 0x94B2, 0x9CD3, 0x9CD3, 0x9CD3, 0x9CF3, 0x9CF3, 0x9CF3, 0x9CF3, 0x9CF3, 0x9CF3, 0x9CD3, 0x9CD3, 0x9CD3,
  0x94B2, 0x9492, 0x9492, 0x8C71, 0x8C51, 0x8430, 0x7BEF, 0x7BCF, 0x73AE, 0x6B6D, 0x632C, 0x630C, 0x5ACB, 0x52AA, 0x528A, 0x4A69,
  0x4A49, 0x4A49, 0x4228, 0x4208, 0x4208, 0x39E7, 0x39E7, 0x39C7, 0x39C7, 0x39C7, 0x31A6, 0x3186, 0x3186, 0x2965, 0x2945, 0x2945,
  0x3186, 0x31A6, 0x39C7, 0x39E7, 0x2965, 0x2124, 0x2124, 0x2104, 0x18C3, 0x18C3, 0x18C3, 0x10A2, 0x10A2, 0x10A2, 0x18C3, 0x18C3,
  0x18E3, 0x2104, 0x2945, 0x2965, 0x3186, 0x39C7, 0x39E7, 0x4208, 0x4228, 0x4A49, 0x528A, 0x52AA, 0x630C, 0x6B6D, 0x7BEF, 0x9492,
  0xAD55, 0xB596, 0xAD55, 0xA514, 0x9CF4, 0x94D3, 0x8C71, 0x8430, 0x8430, 0xAD96, 0xC65A, 0x94F4, 0x5B0C, 0x4228, 0x3186, 0x2104,
  0x1082, 0x1082, 0x10A2, 0x2104, 0x3186, 0x4228, 0x5AEB, 0x7C12, 0x9517, 0xC65A, 0xD69A, 0xD6DB, 0xDEFB, 0xDEFB, 0xE71C, 0xE71C,
  0xE73C, 0xE71C, 0xDEDB, 0xDEDB, 0xD6BA, 0xD6BA, 0xDEDB, 0xDEDB, 0xDEFB, 0xD6DC, 0xDEFC, 0xD6DB, 0xDF1C, 0xE73C, 0xE73C, 0xE71C,
  0xD69A, 0xBDF7, 0xB596, 0xAD54, 0xA514, 0xA514, 0xA534, 0xAD75, 0xAD75, 0x9536, 0x9CF4, 0x7CD6, 0x7D39, 0x9DB9, 0xADFA, 0xB67C,
  0xDF3D, 0xEF5D, 0xEF5D, 0xEF5D, 0xEF5D, 0xEF3C, 0xE73C, 0xE73C, 0xE71C, 0xE71C, 0xDF1D, 0xD6DC, 0xBE7A, 0xB639, 0xAE1A, 0xA5F9,
  0xA5D8, 0x9DB8, 0x9D97, 0x9D97, 0x9D97, 0x9D77, 0x9DB9, 0xA5D9, 0xAE19, 0xB619, 0xAE5B, 0xBE7A, 0xCE9A, 0xCEBB, 0xCEBB, 0xCEBB,
  0xCE9B, 0xC69B, 0xBE7A, 0xB65A, 0xAE19, 0xA5F9, 0xA5D9, 0xA5B9, 0x9D98, 0x9D57, 0x9D57, 0x9537, 0x9516, 0x94F6, 0x8CD6, 0x8CD6,
  0x8CD6, 0x94D6, 0x94D6, 0x94F6, 0x94F7, 0x94F7, 0x94F7, 0x9517, 0x9517, 0x9537, 0x9537, 0x9D58, 0x9D78, 0x9D99, 0xA5B9, 0xAE1A,
  0xB65B, 0xC69C, 0xC6DC, 0xCEFD, 0xD71D, 0xDF1D, 0xDF1D, 0xD71C, 0xCEDB, 0xBE7A, 0xB639, 0xADF9, 0xA5B9, 0xA598, 0x9D57, 0xB619,
  0xEF7D, 0xEF7D, 0xE75D, 0xDF1D, 0xCEDC, 0xCEDC, 0xCEDC, 0xD6DB, 0xD6DB, 0xD6BA, 0xD6BA, 0xD6BA, 0xD6BA, 0xD6BA, 0xD6BA, 0xD6DB,
  0xD6DB, 0xD6BB, 0xCEBB, 0xD6DC, 0xDF1C, 0xEF7D, 0xF79E, 0xF79E, 0xEF7D, 0xE73C, 0xE73C, 0xE73C, 0xE71C, 0xE71C, 0xE71C, 0xE71C,
  0xDEFB, 0xDEFB, 0xD6BA, 0xD69A, 0xCE59, 0xCE59, 0xD69A, 0xD69A, 0xD69A, 0xCE79, 0xD69A, 0xC6BB, 0xBEDC, 0xCF1D, 0xD71D, 0xDEFB,
  0xDEDB, 0xCE59, 0x94B2, 0x7BEF, 0x8410, 0x7BEF, 0x7BCF, 0x73AE, 0x738E, 0x6B6D, 0x632C, 0x5AEB, 0x5ACB, 0x5ACB, 0x5ACB, 0x52AA,
  0x52AA, 0x52AA, 0x52AA, 0x52AA, 0x52AA, 0x5ACB, 0x5AEB, 0x630C, 0x6B4D, 0x6B6D, 0x6B6D, 0x738E, 0x738E, 0x73AE, 0x7BCF, 0x7BCF,
  0x7BCF, 0x7BEF, 0x8410, 0x8C51, 0x9492, 0x9CD3, 0x9CF3, 0xA534, 0xA534, 0xAD75, 0xB5B6, 0xC618, 0xCE59, 0xC618, 0xB596, 0xAD55,
  0xA514, 0xA514, 0x9CF3, 0x9CF3, 0x9CF3, 0x9CF3, 0xA514, 0xA514, 0xA514, 0xA514, 0xA514, 0xA514, 0x9CF3, 0x9CF3, 0x9CD3, 0x94B2,
  0x94B2, 0x9492, 0x8C71, 0x8430, 0x8410, 0x7BEF, 0x73AE, 0x6B6D, 0x6B4D, 0x630C, 0x5AEB, 0x52AA, 0x528A, 0x4A69, 0x4A49, 0x4228,
  0x4228, 0x4208, 0x39E7, 0x39E7, 0x39C7, 0x39C7, 0x39C7, 0x31A6, 0x31A6, 0x3186, 0x3186, 0x2965, 0x2945, 0x2124, 0x2124, 0x2104,
  0x2945, 0x2965, 0x2965, 0x3186, 0x2965, 0x2104, 0x2124, 0x2104, 0x10A2, 0x10A2, 0x10A2, 0x10A2, 0x10A2, 0x10A2, 0x10A2, 0x18C3,
  0x18E3, 0x2124, 0x2945, 0x2965, 0x31A6, 0x39C7, 0x39E7, 0x4208, 0x4228, 0x4A49, 0x4A69, 0x52AA, 0x630C, 0x6B6D, 0x7BEF, 0x9492,
  0xA514, 0xA514, 0x9CF3, 0x94B2, 0x8CD3, 0x9556, 0x8C92, 0x840F, 0x8410, 0xAD55, 0xC659, 0xA597, 0x6B8E, 0x5269, 0x39C7, 0x2124,
  0x10A2, 0x1082, 0x10A2, 0x18E3, 0x2965, 0x39E7, 0x5289, 0x7BB1, 0x8CD6, 0xB5F9, 0xD69A, 0xD6BA, 0xDEDB, 0xDEDB, 0xDEFB, 0xDEFB,
  0xE71C, 0xDEFB, 0xDEDB, 0xDEDB, 0xD6BA, 0xD6BA, 0xDEDB, 0xDEDB, 0xDEFB, 0xDEDB, 0xDEFB, 0xDEFC, 0xDEFC, 0xE73C, 0xE73C, 0xE73C,
  0xE73C, 0xDEFB, 0xC639, 0xB596, 0xAD55, 0xAD55, 0xAD75, 0xB596, 0xB596, 0xA555, 0x9515, 0x8CF5, 0x9536, 0xA5D9, 0xBE19, 0xAE5B,
  0xCEDC, 0xEF5C, 0xE75D, 0xE75D, 0xE73D, 0xE71C, 0xE73C, 0xE73C, 0xE71C, 0xE71C, 0xE71C, 0xD6DB, 0xBE7A, 0xAE3A, 0xADF9, 0xA5D8,
  0x9D98, 0x9D77, 0x9D77, 0x9557, 0x9556, 0x9556, 0x9578, 0x9DB8, 0xA5B8, 0xA5D8, 0xA5FA, 0xAE3A, 0xBE59, 0xBE7A, 0xC67A, 0xC69A,
  0xC69A, 0xC69A, 0xC69A, 0xBE7A, 0xB639, 0xAE19, 0xA5F9, 0xA5D9, 0xA5B8, 0x9D98, 0x9D78, 0x9D58, 0x9D37, 0x9537, 0x9516, 0x9516,
  0x94F7, 0x9517, 0x9517, 0x9517, 0x9517, 0x9517, 0x9517, 0x9537, 0x9537, 0x9D37, 0x9D57, 0x9D58, 0x9D78, 0x9DB8, 0xA5D9, 0xAE1A,
  0xAE5B, 0xBE7B, 0xBEBC, 0xC6DC, 0xCEFC, 0xD71C, 0xDF1C, 0xDF1C, 0xDEFB, 0xD6DB, 0xD6DB, 0xD6BB, 0xC6BB, 0xBE9B, 0xB65A, 0xCE9B,
  0xDF3C, 0xD71C, 0xC6FC, 0xC6DC, 0xCEBC, 0xD6BB, 0xD6BA, 0xDEBA, 0xDEDB, 0xDEDB, 0xDEDB, 0xDEDB, 0xD6DB, 0xD6DB, 0xCEBB, 0xCEDC,
  0xC6DC, 0xCEDC, 0xD73D, 0xE77E, 0xF77D, 0xF77D, 0xEF5D, 0xE71C, 0xDEFB, 0xDEFB, 0xE71C, 0xE73C, 0xE71C, 0xE71C, 0xE71C, 0xDEFB,
  0xDEFB, 0xDEDB, 0xDEDB, 0xD69A, 0xCE59, 0xCE59, 0xD69A, 0xD69A, 0xD69A, 0xCE79, 0xD69A, 0xD6BA, 0xDEFC, 0xDF3D, 0xDEDB, 0xDEDA,
  0xD6BA, 0xA514, 0x9CD3, 0xA534, 0x9CF3, 0x9CD3, 0x94B2, 0x8C71, 0x8C51, 0x8430, 0x7C0F, 0x7BCF, 0x6B6D, 0x632C, 0x5AEB, 0x5ACB,
  0x52AA, 0x52AA, 0x52AA, 0x52AA, 0x52AA, 0x52AA, 0x5ACB, 0x5AEB, 0x630C, 0x632C, 0x6B4D, 0x738E, 0x738E, 0x73AE, 0x73AE, 0x73AE,
  0x7BCF, 0x7BCF, 0x8410, 0x8430, 0x8C51, 0x9492, 0x9CD3, 0xA514, 0xA534, 0xAD75, 0xB5B6, 0xC618, 0xCE59, 0xC638, 0xB5B6, 0xAD55,
  0xA534, 0xA534, 0xA514, 0xA514, 0xA514, 0xA534, 0xA534, 0xA534, 0xA534, 0xA534, 0xA514, 0xA514, 0x9CF3, 0x9CD3, 0x9CD3, 0x94B2,
  0x9492, 0x8C71, 0x8430, 0x8410, 0x7BCF, 0x738E, 0x6B4D, 0x630C, 0x5AEB, 0x52AA, 0x528A, 0x4A69, 0x4A49, 0x4228, 0x4208, 0x39E7,
  0x39E7, 0x39C7, 0x39C7, 0x39C7, 0x31A6, 0x31A6, 0x31A6, 0x3186, 0x3186, 0x2965, 0x2945, 0x2945, 0x2124, 0x2104, 0x2104, 0x18E3,
  0x18E3, 0x2124, 0x2945, 0x2945, 0x2945, 0x2104, 0x2124, 0x2124, 0x18C3, 0x1082, 0x1082, 0x1082, 0x10A2, 0x10A2, 0x18C3, 0x18E3,
  0x2104, 0x2124, 0x2945, 0x3186, 0x31A6, 0x39C7, 0x39E7, 0x4208, 0x4228, 0x4A49, 0x4A69, 0x52AA, 0x630C, 0x738E, 0x7BEF, 0x8C51,
  0x8C71, 0x8C71, 0x8C51, 0x8C50, 0x84D4, 0x95D9, 0x9D56, 0x8410, 0x83EF, 0xA514, 0xC659, 0xB5F8, 0x7C31, 0x52AA, 0x39E7, 0x2945,
  0x18C3, 0x10A2, 0x1082, 0x18C3, 0x2124, 0x39C7, 0x4A49, 0x6B4E, 0x8474, 0xA598, 0xCE79, 0xD6BA, 0xDEDB, 0xDEDB, 0xDEDB, 0xDEFB,
  0xDEDB, 0xDEDB, 0xDEDB, 0xDEDB, 0xD6BA, 0xDEDB, 0xDEDB, 0xDEDB, 0xDEFB, 0xDEFB, 0xD6FB, 0xE71C, 0xDEFC, 0xE73C, 0xE73C, 0xE73C,
  0xE73C, 0xE73C, 0xE71C, 0xD69A, 0xBDD7, 0xB596, 0xB596, 0xBDD7, 0xB5D7, 0xB575, 0xA534, 0xA514, 0x9537, 0xADD7, 0xBE18, 0xB63A,
  0xB69C, 0xDF3D, 0xEF5D, 0xE73C, 0xE73C, 0xD6DC, 0xDEFC, 0xE71C, 0xE71C, 0xE71C, 0xE71C, 0xD6DB, 0xBE7A, 0xAE1A, 0xA5F9, 0x9DB8,
  0x9D98, 0x9D77, 0x9557, 0x9536, 0x9516, 0x9516, 0x9536, 0x9578, 0x9D77, 0x9D98, 0x9DB8, 0x9DF9, 0xA619, 0xB63A, 0xB65A, 0xBE7A,
  0xBE7A, 0xBE7A, 0xBE7A, 0xBE7A, 0xB65A, 0xB639, 0xAE19, 0xADF9, 0xA5F9, 0xA5D8, 0xA5B8, 0xA598, 0x9D78, 0x9D77, 0x9D57, 0x9557,
  0x9557, 0x9557, 0x9537, 0x9D57, 0x9D57, 0x9D57, 0x9D78, 0x9D78, 0x9D78, 0x9D78, 0x9D98, 0x9D98, 0xA5B9, 0xA5F9, 0xA619, 0xAE3A,
  0xB67B, 0xBE9B, 0xC6BB, 0xC6DC, 0xCEDC, 0xCEDC, 0xD6FC, 0xDEFB, 0xDEFB, 0xDEFB, 0xDEFB, 0xE71C, 0xE73C, 0xE73C, 0xDF3D, 0xE73D,
  0xCEDC, 0xCEBB, 0xCEBB, 0xD6BB, 0xD6BB, 0xD6BA, 0xDEBA, 0xDEDB, 0xDEDB, 0xDEDB, 0xD6DB, 0xCEBC, 0xC6BC, 0xBEBC, 0xBEDC, 0xCEFD,
  0xDF3D, 0xE75D, 0xEF7E, 0xEF7D, 0xE73D, 0xDEFB, 0xDEDB, 0xDEDB, 0xDEDB, 0xDEFB, 0xE73C, 0xE73C, 0xE73C, 0xE71C, 0xE71C, 0xDEFB,
  0xDEDB, 0xDEDB, 0xE73C, 0xE73C, 0xCE79, 0xCE59, 0xD69A, 0xD69A, 0xD69A, 0xD69A, 0xD69A, 0xD6BA, 0xDEDB, 0xDEDB, 0xDEDB, 0xDEFB,
  0xC638, 0xB5B6, 0xBDF7, 0xB5B6, 0xB596, 0xAD55, 0xA514, 0x9CD3, 0x9492, 0x8C71, 0x8C31, 0x8410, 0x8410, 0x7BCF, 0x73AE, 0x6B4D,
  0x5AEB, 0x5ACB, 0x52AA, 0x52AA, 0x5ACB, 0x52AA, 0x52AA, 0x52AA, 0x5ACB, 0x5AEB, 0x632C, 0x6B4D, 0x738E, 0x738E, 0x738E, 0x738E,
  0x73AE, 0x7BCF, 0x7BEF, 0x8410, 0x8430, 0x8C71, 0x94B2, 0x9CD3, 0xA514, 0xAD55, 0xB596, 0xBDD7, 0xC618, 0xBDF7, 0xB596, 0xAD75,
  0xAD55, 0xA534, 0xA534, 0xA534, 0xA534, 0xA534, 0xA534, 0xA534, 0xA534, 0xA534, 0xA514, 0xA514, 0x9CF3, 0x9CF3, 0x9CD3, 0x94B2,
  0x8C71, 0x8430, 0x8410, 0x7BCF, 0x6B6D, 0x632C, 0x5AEB, 0x52AA, 0x4A69, 0x4A49, 0x4228, 0x4208, 0x4208, 0x39E7, 0x39C7, 0x39C7,
  0x31A6, 0x31A6, 0x3186, 0x3186, 0x3186, 0x3186, 0x3186, 0x3165, 0x2945, 0x3186, 0x2965, 0x2104, 0x2104, 0x18E3, 0x18C3, 0x18C3,
  0x10A2, 0x18C3, 0x2945, 0x2104, 0x2124, 0x2945, 0x2104, 0x2104, 0x2104, 0x1082, 0x1082, 0x1082, 0x10A2, 0x10A2, 0x18C3, 0x18E3,
  0x2104, 0x2124, 0x2945, 0x3186, 0x31A6, 0x39C7, 0x39E7, 0x4208, 0x4208, 0x4228, 0x4A49, 0x528A, 0x630C, 0x6B6D, 0x73AE, 0x7BCF,
  0x7BCF, 0x7BCF, 0x7BCF, 0x7BEF, 0x84D5, 0x9556, 0x8C92, 0x7BCF, 0x7BCF, 0x9CD3, 0xCE59, 0xBE39, 0x94F4, 0x630C, 0x4208, 0x2965,
  0x18E3, 0x10A2, 0x10A2, 0x10A2, 0x2104, 0x3186, 0x4228, 0x5ACB, 0x7C12, 0x9517, 0xBE59, 0xD69A, 0xD6BA, 0xD6BB, 0xDEDB, 0xDEDB,
  0xDEDB, 0xDEDB, 0xDEDB, 0xDEDB, 0xD6BA, 0xDEDB, 0xDEDB, 0xDEDB, 0xDEFB, 0xDEFB, 0xD6FC, 0xDF1C, 0xDF1C, 0xDF3C, 0xE73C, 0xE73C,
  0xE73C, 0xE73C, 0xE73C, 0xE73C, 0xDEDB, 0xC638, 0xBDF7, 0xC617, 0xBDF7, 0xB596, 0xAD35, 0xA555, 0xAD75, 0xB5B7, 0xC618, 0xBE39,
  0xA65B, 0xCEFC, 0xEF3C, 0xE73C, 0xDF3C, 0xCEDC, 0xC6BB, 0xDF1C, 0xE71C, 0xE71C, 0xE71B, 0xDEDB, 0xC67A, 0xAE19, 0xA5D8, 0x9D98,
  0x9D77, 0x9D57, 0x9556, 0x9516, 0x9516, 0x8D16, 0x9516, 0x9537, 0x9D57, 0x9D77, 0x9D77, 0x9D98, 0x9DB8, 0xA5F9, 0xAE19, 0xB639,
  0xB639, 0xBE5A, 0xBE5A, 0xBE59, 0xBE5A, 0xB639, 0xB639, 0xB63A, 0xAE39, 0xAE19, 0xA5F9, 0xA5D9, 0xA5D8, 0x9D98, 0x9D98, 0x9D78,
  0x9D78, 0x9D98, 0x9D98, 0x9D98, 0x9D98, 0x9D98, 0x9DB8, 0x9DB8, 0x9DB8, 0x9DB8, 0xA5D8, 0xA5F9, 0xAE19, 0xB63A, 0xB65A, 0xBE7B,
  0xC69B, 0xC6BB, 0xCEDC, 0xCEFC, 0xCEFC, 0xCEDC, 0xD6DB, 0xD6DB, 0xD6DB, 0xDEFB, 0xDEFB, 0xE73C, 0xEF5D, 0xEF5D, 0xEF7D, 0xEF7D,
  0xD6BB, 0xD69A, 0xD69A, 0xD69A, 0xD6BA, 0xDEBA, 0xD6BB, 0xCEBB, 0xCE9C, 0xBE7B, 0xB69C, 0xB69C, 0xC6BC, 0xCEFD, 0xDF5D, 0xEF7E,
  0xEF9E, 0xEF7E, 0xE73C, 0xDEFB, 0xDEDB, 0xDEDB, 0xDEDB, 0xDEDB, 0xDEDB, 0xDEFB, 0xE71C, 0xE73C, 0xE73C, 0xE71C, 0xE71C, 0xDEFB,
  0xDEDB, 0xDEDB, 0xEF7D, 0xEF5D, 0xCE79, 0xCE79, 0xCE79, 0xD69A, 0xD69A, 0xD69A, 0xD6BA, 0xD6BA, 0xDEDB, 0xDEFB, 0xE71C, 0xE73C,
  0xD6BA, 0xDEDB, 0xDEFB, 0xDEDB, 0xDEDB, 0xD69A, 0xCE38, 0xB596, 0x9CF3, 0x9491, 0x8C51, 0x8430, 0x8410, 0x7BEF, 0x7BCF, 0x73AE,
  0x6B4D, 0x630C, 0x5ACB, 0x52AA, 0x52AA, 0x52AA, 0x52AA, 0x52AA, 0x52AA, 0x52AA, 0x5AEB, 0x630C, 0x6B4D, 0x6B6D, 0x738E, 0x738E,
  0x738E, 0x738E, 0x7BCF, 0x7BEF, 0x8430, 0x8C51, 0x9492, 0x94B2, 0x9CF3, 0xA534, 0xAD75, 0xB596, 0xB5B6, 0xB5B6, 0xB596, 0xAD75,
  0xAD55, 0xAD55, 0xAD55, 0xAD55, 0xAD55, 0xAD55, 0xAD55, 0xAD55, 0xA534, 0xA534, 0xA514, 0xA514, 0x9CF3, 0x9CD3, 0x94B2, 0x8C71,
  0x8C51, 0x8410, 0x7BCF, 0x6B6D, 0x632C, 0x5ACB, 0x528A, 0x4A49, 0x4228, 0x4208, 0x39E7, 0x39C7, 0x39C7, 0x31A6, 0x31A6, 0x3186,
  0x3186, 0x2965, 0x2965, 0x2965, 0x2965, 0x2965, 0x2965, 0x2965, 0x4228, 0x4A49, 0x2124, 0x18E3, 0x18C3, 0x10A2, 0x10A2, 0x10A2,
  0x1082, 0x0861, 0x18C3, 0x2945, 0x2104, 0x2945, 0x2965, 0x2104, 0x2104, 0x18E3, 0x1082, 0x1082, 0x10A2, 0x10A2, 0x18C3, 0x18E3,
  0x2104, 0x2945, 0x2965, 0x3186, 0x3186, 0x31A6, 0x39C7, 0x39C7, 0x39E7, 0x4208, 0x4228, 0x4A69, 0x5ACB, 0x630C, 0x6B4D, 0x6B4D,
  0x6B4D, 0x6B4D, 0x6B4D, 0x6B6E, 0x73CF, 0x6BAE, 0x634D, 0x6B6D, 0x73AE, 0x9492, 0xC638, 0xBE39, 0xA596, 0x6B8E, 0x4A29, 0x2986,
  0x1903, 0x10A2, 0x10A2, 0x10A2, 0x18E3, 0x2965, 0x39E7, 0x5289, 0x73AF, 0x8CD6, 0xADF8, 0xD699, 0xD69A, 0xD6BB, 0xD6BA, 0xD6BA,
  0xD6BA, 0xD6BA, 0xD6BA, 0xD6BA, 0xDEDB, 0xDEDB, 0xDEDB, 0xDEDB, 0xDEFB, 0xDEFB, 0xDEFC, 0xDF1C, 0xE71C, 0xE71C, 0xE73C, 0xE73C,
  0xE73C, 0xE73C, 0xE73C, 0xE73C, 0xE73C, 0xE71C, 0xD6BA, 0xCE59, 0xC638, 0xBDD7, 0xAD75, 0xAD75, 0xB5B6, 0xBDD6, 0xBDF7, 0xC638,
  0xAE1A, 0xB69B, 0xDF1C, 0xE73C, 0xE73C, 0xCEDB, 0xBE7B, 0xCEBB, 0xE71C, 0xE71B, 0xDEFB, 0xD6DB, 0xC67A, 0xB619, 0xA5D8, 0x9DB8,
  0x9D77, 0x9D57, 0x9536, 0x9516, 0x8D16, 0x8CF5, 0x8CF5, 0x9516, 0x9536, 0x9536, 0x9536, 0x9D57, 0x9D97, 0xA5B8, 0xA5D8, 0xA5F9,
  0xAE19, 0xB619, 0xB639, 0xB639, 0xBE3A, 0xB659, 0xB65A, 0xB65A, 0xB65A, 0xB63A, 0xAE19, 0xAE19, 0xADF9, 0xA5F9, 0xA5D9, 0x9DD8,
  0x9DD9, 0x9DD9, 0x9DD9, 0xA5D9, 0xA5F9, 0xA5F9, 0xA5F9, 0xA5F9, 0xA5F9, 0xAE19, 0xAE19, 0xB65A, 0xBE7A, 0xC69A, 0xC6BB, 0xCEDB,
  0xD6DB, 0xD71C, 0xDF1C, 0xDF1C, 0xDF1C, 0xD6FC, 0xD6FC, 0xD6DB, 0xDEDB, 0xDEDB, 0xDEFB, 0xE71C, 0xE73C, 0xEF5D, 0xEF5D, 0xEF7D,
  0xD679, 0xCE99, 0xD69A, 0xCE9A, 0xCE9B, 0xC67A, 0xBE5B, 0xB63B, 0xAE3B, 0xAE5C, 0xB6BC, 0xCF1D, 0xDF5D, 0xEF7D, 0xF79E, 0xF77D,
  0xEF3C, 0xE71B, 0xDEFB, 0xDEDB, 0xDEDB, 0xDEDB, 0xD6BA, 0xD6BA, 0xDEDB, 0xDEFB, 0xE71C, 0xE73C, 0xE73C, 0xE73C, 0xE71C, 0xDEFB,
  0xDEDB, 0xDEFB, 0xE73C, 0xDEDB, 0xCE79, 0xCE79, 0xD69A, 0xD69A, 0xD69A, 0xD69A, 0xDEDB, 0xDEFB, 0xE73C, 0xEF7D, 0xF79E, 0xEF7D,
  0xEF5D, 0xEF5D, 0xE73C, 0xE73C, 0xE73C, 0xE73C, 0xE71C, 0xCEBB, 0xADB7, 0x9CB2, 0x8C71, 0x8430, 0x8410, 0x7BEF, 0x7BEF, 0x7BCF,
  0x73AE, 0x6B4D, 0x630C, 0x5AEB, 0x52AA, 0x52AA, 0x5ACB, 0x52AA, 0x52AA, 0x5ACB, 0x5ACB, 0x5AEB, 0x630C, 0x6B4D, 0x6B6D, 0x6B6D,
  0x6B6D, 0x738E, 0x73AE, 0x7BCF, 0x8410, 0x8C51, 0x8C71, 0x94B2, 0x9CD3, 0xA514, 0xAD55, 0xAD75, 0xB596, 0xAD75, 0xAD75, 0xAD75,
  0xAD75, 0xAD75, 0xAD75, 0xAD75, 0xAD75, 0xAD75, 0xAD55, 0xAD55, 0xA534, 0xA534, 0xA514, 0xA514, 0x9CD3, 0x94B2, 0x9492, 0x8C51,
  0x8430, 0x7BCF, 0x738E, 0x632C, 0x5AEB, 0x52AA, 0x4A69, 0x4228, 0x39E7, 0x39C7, 0x31A6, 0x31A6, 0x3186, 0x3186, 0x2965, 0x2945,
  0x2945, 0x2945, 0x2945, 0x2945, 0x2965, 0x2965, 0x2965, 0x52CA, 0x632C, 0x3186, 0x18E3, 0x18C3, 0x10A2, 0x1082, 0x1082, 0x0861,
  0x0861, 0x0861, 0x0861, 0x2104, 0x2124, 0x2124, 0x3186, 0x2124, 0x2104, 0x2124, 0x18C3, 0x1082, 0x10A2, 0x18C3, 0x18E3, 0x18E3,
  0x2104, 0x2945, 0x2945, 0x2965, 0x3186, 0x3186, 0x3186, 0x31A6, 0x31A6, 0x39C7, 0x4208, 0x4228, 0x4A69, 0x52AA, 0x5ACB, 0x5ACB,
  0x5ACB, 0x5AEB, 0x5AEB, 0x5AEB, 0x62EB, 0x5AEB, 0x630B, 0x632C, 0x6B6D, 0x8430, 0xBDF7, 0xC639, 0xADD7, 0x7C51, 0x4A8A, 0x31A6,
  0x2104, 0x18A3, 0x10A2, 0x10A2, 0x18C3, 0x2124, 0x39C7, 0x4A69, 0x630D, 0x8474, 0x9D98, 0xC67A, 0xD69A, 0xD69A, 0xD6BA, 0xD6BA,
  0xD6BA, 0xD6BA, 0xD69A, 0xD6BA, 0xD6BA, 0xDEDB, 0xDEDB, 0xDEDB, 0xDEFB, 0xDEFB, 0xE6FC, 0xDF1C, 0xE71C, 0xE73C, 0xE73C, 0xE73C,
  0xE73C, 0xE73C, 0xE73C, 0xE73C, 0xE73C, 0xEF5D, 0xEF5D, 0xE71C, 0xD69A, 0xBDF7, 0xB5B6, 0xB5B6, 0xBDD7, 0xBDF7, 0xC618, 0xC638,
  0xB619, 0xA63A, 0xD6FC, 0xE73D, 0xE73C, 0xD6FC, 0xB65A, 0xBE7A, 0xD6FB, 0xDF1B, 0xDEFB, 0xD6DB, 0xC67A, 0xB619, 0xA5B8, 0x9D98,
  0x9D77, 0x9D57, 0x9536, 0x9516, 0x8D16, 0x8CF5, 0x8CF5, 0x9516, 0x9516, 0x9516, 0x94F6, 0x9536, 0x9D57, 0x9D97, 0xA598, 0xA5B8,
  0xA5D8, 0xADF9, 0xAE19, 0xAE19, 0xB619, 0xB639, 0xB65A, 0xBE7A, 0xBE5A, 0xBE5A, 0xBE5A, 0xB65A, 0xB63A, 0xAE39, 0xAE19, 0xAE19,
  0xAE19, 0xAE19, 0xAE19, 0xAE39, 0xAE39, 0xB639, 0xB63A, 0xB63A, 0xB65A, 0xBE5A, 0xC67A, 0xC69B, 0xCEBB, 0xD6FB, 0xDF1C, 0xDF1C,
  0xE73C, 0xE73D, 0xE75D, 0xE75D, 0xE75C, 0xE73C, 0xDF1C, 0xDEFB, 0xDEDB, 0xDEDB, 0xDEFB, 0xE71C, 0xE73C, 0xE73C, 0xEF5D, 0xEF5D,
  0xCE59, 0xCE79, 0xCE7A, 0xC67B, 0xB65B, 0xB63B, 0xAE3B, 0xAE3B, 0xAE9C, 0xC6DC, 0xDF5D, 0xEF7E, 0xEF9E, 0xEF7D, 0xE73C, 0xE73C,
  0xE71C, 0xDEFB, 0xDEFB, 0xDEDB, 0xDEDB, 0xDEDB, 0xD6BA, 0xD6BA, 0xDEBA, 0xDEDB, 0xE71C, 0xE73C, 0xE73C, 0xE73C, 0xE71C, 0xDEFB,
  0xDEDB, 0xDEDB, 0xDEDB, 0xD6BA, 0xD69A, 0xD69A, 0xD69A, 0xD69A, 0xDEDB, 0xE71C, 0xEF5D, 0xEF7D, 0xF79E, 0xF79E, 0xF79E, 0xEF7D,
  0xE73C, 0xEF5D, 0xE73C, 0xE73C, 0xE73C, 0xE73C, 0xDF1C, 0xC6BC, 0xADD8, 0x9CD3, 0x8C71, 0x8430, 0x8410, 0x7BCF, 0x7BCF, 0x73AE,
  0x73AE, 0x73AE, 0x6B6D, 0x632C, 0x5AEB, 0x528A, 0x52AA, 0x5AEB, 0x630C, 0x5AEB, 0x630C, 0x630C, 0x630C, 0x632C, 0x6B6D, 0x738E,
  0x738E, 0x73AE, 0x73AE, 0x7BEF, 0x8410, 0x8C51, 0x8C71, 0x9492, 0x9CD3, 0xA514, 0xA534, 0xAD55, 0xAD75, 0xAD75, 0xAD75, 0xB596,
  0xB596, 0xB596, 0xB596, 0xB596, 0xB596, 0xAD75, 0xAD75, 0xAD55, 0xAD55, 0xA534, 0xA514, 0x9CF3, 0x9CD3, 0x9492, 0x8C71, 0x8430,
  0x7BEF, 0x738E, 0x6B4D, 0x630C, 0x5ACB, 0x4A69, 0x4A49, 0x4208, 0x39E7, 0x39C7, 0x31A6, 0x3186, 0x2965, 0x2965, 0x2945, 0x2945,
  0x2145, 0x2945, 0x2965, 0x2965, 0x2986, 0x31C6, 0x636D, 0x73EF, 0x31A6, 0x18E3, 0x18E3, 0x10A2, 0x1082, 0x1082, 0x1082, 0x0861,
  0x0861, 0x0861, 0x0841, 0x1082, 0x2945, 0x2124, 0x2124, 0x2965, 0x2124, 0x2945, 0x2965, 0x10A2, 0x18C3, 0x18C3, 0x18E3, 0x18E3,
  0x2104, 0x2124, 0x2945, 0x2945, 0x2965, 0x2965, 0x2965, 0x3186, 0x3186, 0x31A6, 0x39C7, 0x39E7, 0x4228, 0x4A49, 0x4A69, 0x4A69,
  0x528A, 0x528A, 0x528A, 0x528A, 0x52AA, 0x52AA, 0x52AA, 0x5AEB, 0x632C, 0x7BCF, 0xBDD6, 0xC639, 0xADD8, 0x8CD3, 0x5AEB, 0x39E7,
  0x2124, 0x18C3, 0x10A2, 0x10A2, 0x18C3, 0x2104, 0x3186, 0x4228, 0x5ACB, 0x7BF2, 0x9537, 0xBE39, 0xCE79, 0xCE9A, 0xD69A, 0xD6BA,
  0xD6BA, 0xD69A, 0xD69A, 0xD69A, 0xD6BB, 0xDEBB, 0xDEDB, 0xDEDB, 0xDEFB, 0xDEFB, 0xE6FB, 0xE71C, 0xE71C, 0xE73C, 0xE73C, 0xE73C,
  0xE73C, 0xE73C, 0xE73C, 0xE73C, 0xE73C, 0xE73C, 0xEF5D, 0xEF7D, 0xE73C, 0xD69A, 0xC618, 0xBDF7, 0xBDF7, 0xC617, 0xC618, 0xC638,
  0xC659, 0xA61A, 0xBEBC, 0xE73C, 0xEF3C, 0xDF1C, 0xB67B, 0xA63A, 0xC6BB, 0xDEFB, 0xDEFB, 0xDEDB, 0xCE9A, 0xB619, 0xA5B8, 0x9D97,
  0x9D77, 0x9557, 0x9536, 0x9516, 0x8D16, 0x8CF5, 0x8CF5, 0x8CF5, 0x94F5, 0x94F5, 0x8CD5, 0x94F5, 0x9536, 0x9D57, 0x9D77, 0x9D98,
  0x9DB8, 0xA5D8, 0xA5D8, 0xA5F8, 0xA5F9, 0xAE19, 0xB639, 0xBE5A, 0xBE7A, 0xBE7A, 0xBE7A, 0xBE7A, 0xBE5A, 0xB65A, 0xB63A, 0xB639,
  0xB639, 0xBE3A, 0xBE5A, 0xBE5A, 0xBE7A, 0xBE7A, 0xBE7A, 0xC69A, 0xC69A, 0xC69A, 0xCEDB, 0xD6FB, 0xDF1C, 0xE73C, 0xE73C, 0xE73C,
  0xEF5C, 0xEF5D, 0xEF5D, 0xEF5D, 0xE73C, 0xE73C, 0xDF1C, 0xDEFB, 0xDEDB, 0xDEDB, 0xDEFB, 0xE71C, 0xE71C, 0xE73C, 0xE73C, 0xEF5D,
  0xCE59, 0xCE59, 0xCE79, 0xCE7A, 0xC67B, 0xBE7B, 0xB67C, 0xBEBC, 0xD71D, 0xE77E, 0xEF7E, 0xEF5D, 0xE71C, 0xDEFC, 0xE71C, 0xE71C,
  0xE71C, 0xDEFB, 0xDEDB, 0xDEDB, 0xDEDB, 0xDEDB, 0xDEDB, 0xD6BA, 0xD6BA, 0xDEDB, 0xE71C, 0xE73C, 0xE73C, 0xE73C, 0xE71C, 0xDEFB,
  0xDEDB, 0xDEDB, 0xDEDB, 0xDEDB, 0xD6BA, 0xD69A, 0xD6BA, 0xE71C, 0xEF5D, 0xEF7D, 0xF79E, 0xF79E, 0xF79E, 0xF79E, 0xF79E, 0xEF5D,
  0xEF5D, 0xEF5D, 0xEF5D, 0xE73C, 0xE73C, 0xE73C, 0xDF3C, 0xC6BB, 0xADF8, 0xA4F3, 0x9492, 0x8430, 0x7BEF, 0x73AE, 0x738E, 0x738E,
  0x73AE, 0x73AE, 0x73AE, 0x738E, 0x6B6D, 0x6B4D, 0x630C, 0x5AEB, 0x632C, 0x6B4D, 0x6B6D, 0x6B4D, 0x6B4D, 0x6B6D, 0x738E, 0x73AE,
  0x7BCF, 0x7BCF, 0x7BEF, 0x8410, 0x8430, 0x8C51, 0x8C71, 0x9492, 0x94B2, 0x9CD3, 0xA514, 0xA534, 0xAD55, 0xAD75, 0xAD75, 0xB596,
  0xB596, 0xB596, 0xB596, 0xB5B6, 0xB596, 0xB596, 0xAD75, 0xAD75, 0xAD55, 0xA534, 0xA514, 0x9CD3, 0x94B2, 0x8C71, 0x8430, 0x7BEF,
  0x73AE, 0x6B6D, 0x632C, 0x5AEB, 0x52AA, 0x4A69, 0x4A49, 0x4208, 0x39E7, 0x39C7, 0x31A6, 0x3186, 0x3186, 0x2965, 0x2965, 0x2945,
  0x2965, 0x2965, 0x3186, 0x31A6, 0x4228, 0x73F0, 0x7C52, 0x3A08, 0x2104, 0x2104, 0x18C3, 0x10A2, 0x1082, 0x1082, 0x1082, 0x0861,
  0x0861, 0x0861, 0x0861, 0x0841, 0x18E3, 0x3186, 0x2124, 0x3186, 0x31A6, 0x2965, 0x39C7, 0x2965, 0x10A2, 0x18E3, 0x18E3, 0x18E3,
  0x2104, 0x2104, 0x2124, 0x2124, 0x2124, 0x2945, 0x2945, 0x2945, 0x2965, 0x3186, 0x31A6, 0x39C7, 0x39E7, 0x4208, 0x4228, 0x4228,
  0x4228, 0x4A49, 0x4A49, 0x4A49, 0x4A49, 0x4A49, 0x4A69, 0x528A, 0x5AEB, 0x738E, 0xAD96, 0xC639, 0xADB8, 0x9515, 0x6B6E, 0x4228,
  0x2965, 0x18C3, 0x10A2, 0x10A2, 0x10A2, 0x18E3, 0x2945, 0x39E7, 0x528A, 0x6B6F, 0x8CD6, 0xADD8, 0xC659, 0xBE39, 0xCE7A, 0xD6BA,
  0xD69A, 0xD69A, 0xD69A, 0xCE7A, 0xCE9A, 0xD6BB, 0xDEDB, 0xDEDB, 0xDEFB, 0xDEFB, 0xDEFB, 0xE71C, 0xE71C, 0xE73C, 0xE73C, 0xE73C,
  0xE73C, 0xE73C, 0xE73C, 0xE73C, 0xE73C, 0xE73C, 0xEF5D, 0xEF5D, 0xEF7D, 0xE73C, 0xDEDB, 0xC638, 0xC618, 0xC618, 0xC638, 0xCE38,
  0xCE59, 0xB61A, 0xA65B, 0xDF1C, 0xE73C, 0xE71C, 0xBE7A, 0x9DF9, 0xB65A, 0xD6DB, 0xDEFB, 0xDEDB, 0xCE9A, 0xB619, 0xA5B8, 0x9D77,
  0x9D77, 0x9557, 0x9536, 0x9536, 0x8D16, 0x8CF5, 0x8CF5, 0x8CF5, 0x94F5, 0x8CD5, 0x8CD5, 0x8CF5, 0x9516, 0x9D36, 0x9D57, 0x9D57,
  0x9D77, 0x9D98, 0xA598, 0xA5B8, 0xA5D8, 0xADF9, 0xAE19, 0xB639, 0xB65A, 0xBE7A, 0xBE7A, 0xBE7A, 0xBE7A, 0xBE7A, 0xBE5A, 0xBE5A,
  0xBE5A, 0xBE5A, 0xC67A, 0xC69B, 0xC69B, 0xC6BB, 0xCEBB, 0xCEBB, 0xCEBB, 0xD6DB, 0xDEFB, 0xDF1C, 0xE73C, 0xE73C, 0xE73C, 0xE73C,
  0xEF5D, 0xEF5D, 0xE73C, 0xE73C, 0xE73C, 0xE71C, 0xDEFB, 0xDEFB, 0xDEDB, 0xDEDB, 0xDEFB, 0xDEFB, 0xE71C, 0xE71C, 0xE73C, 0xE73C,
  0xC638, 0xCE59, 0xCE59, 0xD699, 0xD6BA, 0xD6BB, 0xD6DC, 0xE73D, 0xEF7D, 0xEF5D, 0xE71C, 0xDEFB, 0xDEFB, 0xDEFB, 0xE71C, 0xE71C,
  0xE71C, 0xDEFB, 0xDEFB, 0xDEFB, 0xDEFB, 0xDEFB, 0xDEDB, 0xDEDB, 0xDEFB, 0xDEFB, 0xE71C, 0xE73D, 0xEF5D, 0xE73C, 0xE71C, 0xDEFB,
  0xDEFB, 0xDEFB, 0xE71C, 0xDEFB, 0xDEDB, 0xE71C, 0xEF5D, 0xEF7D, 0xF79E, 0xEF7D, 0xEF7D, 0xEF7D, 0xF79E, 0xF79E, 0xEF7D, 0xEF7D,
  0xEF7D, 0xEF7D, 0xEF5D, 0xEF5D, 0xEF5D, 0xE75C, 0xE73C, 0xC6DC, 0xAE19, 0xA534, 0x94B2, 0x8C51, 0x7BEF, 0x73AE, 0x738E, 0x6B6D,
  0x6B6D, 0x738E, 0x73AE, 0x7BCF, 0x7BEF, 0x7BEF, 0x7BEF, 0x7BCF, 0x73AE, 0x73AE, 0x7BCF, 0x7BEF, 0x7BEF, 0x7BEF, 0x7BEF, 0x8410,
  0x8C51, 0x8C71, 0x8C71, 0x8C71, 0x9492, 0x94B2, 0x94B2, 0x9CD3, 0x9CF3, 0xA514, 0xAD55, 0xB575, 0xB5B6, 0xBDD7, 0xBDF7, 0xC618,
  0xC638, 0xC638, 0xCE59, 0xC638, 0xC638, 0xC618, 0xBDD7, 0xB596, 0xAD55, 0xA514, 0x9CF3, 0x9CD3, 0x9492, 0x8C51, 0x8410, 0x7BCF,
  0x6B6D, 0x632C, 0x5AEB, 0x5ACB, 0x52AA, 0x4A69, 0x4A49, 0x4228, 0x4208, 0x39E7, 0x39C7, 0x39C7, 0x31A6, 0x3186, 0x3186, 0x31A6,
  0x31A6, 0x39C7, 0x39E7, 0x52AB, 0x7C73, 0x8493, 0x4A49, 0x2944, 0x2124, 0x18E3, 0x18C3, 0x10A2, 0x10A2, 0x1082, 0x1082, 0x1082,
  0x1082, 0x1082, 0x0861, 0x0861, 0x1082, 0x2965, 0x3186, 0x39C7, 0x4228, 0x4A49, 0x4A49, 0x4A69, 0x2104, 0x18C3, 0x18E3, 0x18E3,
  0x18E3, 0x18E3, 0x2104, 0x2104, 0x2104, 0x2104, 0x2124, 0x2124, 0x2945, 0x2965, 0x3186, 0x31A6, 0x39C7, 0x39C7, 0x39E7, 0x39E7,
  0x39E7, 0x4208, 0x4208, 0x4208, 0x4208, 0x4228, 0x4228, 0x4A69, 0x5ACB, 0x6B4D, 0xA534, 0xBE39, 0xA5B7, 0x9556, 0x7C10, 0x528A,
  0x31A6, 0x2104, 0x1082, 0x10A2, 0x10A2, 0x18C3, 0x2104, 0x31A6, 0x4A49, 0x630C, 0x8454, 0x9D78, 0xBE39, 0xB5F9, 0xB639, 0xCE9A,
  0xD69A, 0xCE99, 0xD67A, 0xC659, 0xC67A, 0xC69A, 0xD6BB, 0xDEDB, 0xDEFB, 0xDEFB, 0xDEFB, 0xE71C, 0xE71C, 0xE73C, 0xE73C, 0xE73C,
  0xE73C, 0xE73C, 0xE73C, 0xE73C, 0xE73C, 0xE73C, 0xEF5D, 0xEF5D, 0xEF5D, 0xEF5D, 0xE73C, 0xDEFB, 0xCE79, 0xC638, 0xCE59, 0xCE59,
  0xCE79, 0xC639, 0x9DF9, 0xC6BC, 0xE73D, 0xE71C, 0xCEBA, 0x9DFA, 0x9DF9, 0xC69A, 0xDEDB, 0xDEDB, 0xCE9A, 0xB619, 0xA5B8, 0x9D77,
  0x9D57, 0x9536, 0x9536, 0x9516, 0x8D16, 0x8CF5, 0x8CF5, 0x8CF5, 0x8CD5, 0x8CD5, 0x8CD5, 0x8CD5, 0x94F5, 0x9516, 0x9516, 0x9536,
  0x9D37, 0x9D57, 0x9D77, 0x9D77, 0x9D97, 0xA5B8, 0xA5F9, 0xAE39, 0xB659, 0xBE5A, 0xBE5A, 0xC67A, 0xC67A, 0xC67A, 0xC67A, 0xC67A,
  0xC67A, 0xC67A, 0xCE9A, 0xCEBB, 0xCEBB, 0xD6DB, 0xD6DB, 0xD6DB, 0xD6DB, 0xDEDB, 0xDEFB, 0xE71C, 0xE71C, 0xE73C, 0xE73C, 0xE73C,
  0xE73C, 0xE73C, 0xE73C, 0xE73C, 0xE73C, 0xE71C, 0xDEFB, 0xDEFB, 0xDEDB, 0xDEDB, 0xDEDB, 0xDEFB, 0xDEFB, 0xE71C, 0xE71C, 0xE73C,
  0xC638, 0xCE59, 0xCE79, 0xD69A, 0xD69A, 0xDEDB, 0xDEFB, 0xE71C, 0xE71C, 0xDEFB, 0xDEFB, 0xDEFB, 0xE71C, 0xE71C, 0xE71C, 0xE73C,
  0xE71C, 0xDF1C, 0xE71C, 0xE73C, 0xE73D, 0xEF5D, 0xE75D, 0xD71D, 0xD6FC, 0xDEFC, 0xE71C, 0xEF5D, 0xEF5D, 0xE73C, 0xE73C, 0xE73C,
  0xEF5D, 0xF79E, 0xF79E, 0xEF7D, 0xEF7D, 0xEF7D, 0xF79E, 0xEF7D, 0xEF7D, 0xEF7D, 0xEF7D, 0xEF7D, 0xF79E, 0xF79E, 0xEF7D, 0xEF7D,
  0xF79E, 0xF79E, 0xEF7D, 0xEF7D, 0xEF5D, 0xEF5D, 0xE73C, 0xC6DC, 0xB619, 0xAD55, 0x9CD3, 0x8C71, 0x8410, 0x73AE, 0x6B6D, 0x6B4D,
  0x6B6D, 0x6B6D, 0x738E, 0x7BCF, 0x8430, 0x8C51, 0x9CD3, 0xB596, 0xBDB6, 0xB596, 0xB596, 0xB596, 0xB5B7, 0xB5B6, 0xB5D6, 0xB5D7,
  0xBDF7, 0xBE17, 0xC618, 0xC618, 0xBE18, 0xC618, 0xC638, 0xBE39, 0xBE59, 0xC659, 0xC67A, 0xCE9A, 0xCE9A, 0xCEBB, 0xD6BB, 0xD6BB,
  0xD6BA, 0xD6BA, 0xCE9A, 0xCE59, 0xC638, 0xBDF7, 0xB5B6, 0xAD75, 0xA534, 0xA514, 0x9CD3, 0x9492, 0x8C71, 0x8430, 0x7BEF, 0x73AE,
  0x6B6D, 0x632C, 0x5AEB, 0x5ACB, 0x52AA, 0x528A, 0x4A69, 0x4A49, 0x4228, 0x4228, 0x4208, 0x39E7, 0x39E7, 0x39E7, 0x4208, 0x4208,
  0x4228, 0x4A69, 0x634E, 0x84D4, 0x84F5, 0x52CB, 0x3186, 0x2965, 0x2124, 0x18E3, 0x18E3, 0x18C3, 0x10A2, 0x10A2, 0x10A2, 0x10A2,
  0x10A2, 0x10A2, 0x10A2, 0x10A2, 0x10A2, 0x2104, 0x39C7, 0x39C7, 0x4A49, 0x8430, 0x9492, 0x4A69, 0x4A49, 0x10A2, 0x10A2, 0x18C3,
  0x18C3, 0x18C3, 0x18C3, 0x18C3, 0x18E3, 0x18E3, 0x18E3, 0x2104, 0x2124, 0x2124, 0x2945, 0x2965, 0x3186, 0x3186, 0x31A6, 0x31A6,
  0x31A6, 0x39C7, 0x39C7, 0x39E7, 0x39E7, 0x4208, 0x4208, 0x4A49, 0x52AA, 0x632C, 0x9CD3, 0xBE18, 0xA5B7, 0x9537, 0x8473, 0x630C,
  0x4208, 0x2965, 0x18C3, 0x0861, 0x10A2, 0x18C3, 0x18E3, 0x2945, 0x4208, 0x5ACA, 0x7BF2, 0x9517, 0xB619, 0xADD8, 0x9DB8, 0xC659,
  0xD679, 0xCE79, 0xCE79, 0xC639, 0xBE39, 0xBE5A, 0xC69A, 0xD6BB, 0xDEDB, 0xDEFB, 0xDEFC, 0xE71C, 0xE71C, 0xE73C, 0xE73C, 0xE73C,
  0xE73C, 0xE73C, 0xE73C, 0xE73C, 0xE73C, 0xE73C, 0xEF5D, 0xEF5D, 0xEF7D, 0xEF5D, 0xE73C, 0xEF5D, 0xE73C, 0xDEDB, 0xCE79, 0xCE59,
  0xCE59, 0xCE59, 0xA5F9, 0xAE5B, 0xD71C, 0xE71C, 0xD6DB, 0x9DFA, 0x8D99, 0xAE19, 0xD6BA, 0xDEBA, 0xCE9A, 0xB619, 0x9DB7, 0x9D77,
  0x9557, 0x9536, 0x9536, 0x9516, 0x8D16, 0x8CF5, 0x8CF5, 0x8CF5, 0x8CD5, 0x8CD5, 0x8CB5, 0x8CD5, 0x8CD5, 0x94F5, 0x94F5, 0x94F6,
  0x9516, 0x9D36, 0x9D57, 0x9D57, 0x9D77, 0x9D98, 0xA5D9, 0xAE19, 0xAE19, 0xB639, 0xBE59, 0xBE7A, 0xC67A, 0xC67A, 0xC67A, 0xC67A,
  0xC67A, 0xCE9B, 0xCEBB, 0xD6BB, 0xD6DB, 0xD6FB, 0xDEFC, 0xDEFC, 0xDEFB, 0xDEFB, 0xDEFC, 0xE71C, 0xE73C, 0xE73C, 0xE73C, 0xE73C,
  0xE73C, 0xE73C, 0xE73C, 0xE73C, 0xE71C, 0xE71C, 0xDEFB, 0xDEFB, 0xDEDB, 0xDEDB, 0xDEDB, 0xDEDB, 0xDEFB, 0xDEFB, 0xE71C, 0xE71C,
  0xCE59, 0xCE59, 0xCE79, 0xD69A, 0xDEDB, 0xE71C, 0xE71C, 0xE73C, 0xE73C, 0xE71C, 0xE71C, 0xE71C, 0xE71C, 0xE73C, 0xE73C, 0xEF5D,
  0xEF5D, 0xEF7D, 0xF79D, 0xF79E, 0xEF9E, 0xDF5E, 0xCF1D, 0xC6FC, 0xD6FC, 0xDF1C, 0xE73C, 0xEF5D, 0xE75D, 0xE75D, 0xE75D, 0xEF7D,
  0xF79E, 0xF79E, 0xF79E, 0xF79E, 0xF79E, 0xEF7D, 0xEF7D, 0xEF7D, 0xEF7D, 0xEF7D, 0xEF7D, 0xEF7D, 0xF79E, 0xF79E, 0xEF7D, 0xF79E,
  0xF79E, 0xF79E, 0xF79E, 0xF79E, 0xEF7D, 0xEF5D, 0xE73C, 0xC6DC, 0xB639, 0xB575, 0x9CF4, 0x9492, 0x8430, 0x7BCF, 0x6B6D, 0x6B4D,
  0x6B4D, 0x6B6D, 0x738E, 0x7BCF, 0x8410, 0x94B2, 0xC618, 0xD6BB, 0xD69A, 0xCE9A, 0xCE7A, 0xC659, 0xB619, 0xB619, 0xB618, 0xB5F8,
  0xB618, 0xB639, 0xB639, 0xB639, 0xBE3A, 0xB639, 0xB639, 0xB619, 0xADF9, 0xADD8, 0xA5B7, 0xA5B6, 0xAD96, 0xAD96, 0xB5B6, 0xB5B7,
  0xB5D7, 0xB5B6, 0xB5B6, 0xB596, 0xB596, 0xB596, 0xAD75, 0xAD55, 0xA514, 0x9CF3, 0x94B2, 0x8C71, 0x8C51, 0x8410, 0x7BCF, 0x738E,
  0x6B4D, 0x632C, 0x630C, 0x5AEB, 0x5ACB, 0x52AA, 0x528A, 0x528A, 0x4A69, 0x4A69, 0x4A49, 0x4A49, 0x4A49, 0x4A69, 0x528A, 0x52AA,
  0x5B0C, 0x7431, 0x9536, 0x9536, 0x634D, 0x41E7, 0x31C7, 0x2965, 0x2124, 0x2104, 0x2104, 0x18E3, 0x18E3, 0x18E3, 0x18E3, 0x18E3,
  0x18E3, 0x18C3, 0x18C3, 0x18C3, 0x18E3, 0x18E3, 0x2965, 0x39E7, 0x39E7, 0x5AEB, 0x7BEF, 0x5ACB, 0x4A49, 0x2945, 0x1082, 0x10A2,
  0x10A2, 0x10A2, 0x10A2, 0x10A2, 0x10A2, 0x18C3, 0x18C3, 0x18E3, 0x2104, 0x2104, 0x2124, 0x2945, 0x2945, 0x2965, 0x2965, 0x2965,
  0x3186, 0x31A6, 0x39C7, 0x39C7, 0x39E7, 0x4208, 0x4208, 0x4A49, 0x52AA, 0x632C, 0x9492, 0xBE18, 0xA5B8, 0x9557, 0x8CD5, 0x738F,
  0x528A, 0x39C7, 0x2124, 0x1082, 0x0861, 0x18C3, 0x18C3, 0x2124, 0x31A6, 0x4A69, 0x736E, 0x8C95, 0xADB8, 0xADF8, 0x9598, 0xADF8,
  0xCE79, 0xCE79, 0xCE79, 0xBE39, 0xB619, 0xB639, 0xBE5A, 0xC67A, 0xD6BB, 0xDEFB, 0xDF1B, 0xE71C, 0xE71C, 0xE71C, 0xE71C, 0xE73C,
  0xE73C, 0xE73C, 0xE73C, 0xE73C, 0xE71C, 0xE73C, 0xEF5D, 0xEF7D, 0xEF7D, 0xEF5D, 0xE73C, 0xEF5D, 0xEF5D, 0xEF5D, 0xE71C, 0xD69A,
  0xCE59, 0xCE59, 0xB619, 0x9DFA, 0xC6DC, 0xE71C, 0xDEDB, 0xAE1A, 0x7D58, 0x95B8, 0xBE7A, 0xCE9A, 0xCE7A, 0xB619, 0x9DB7, 0x9577,
  0x9536, 0x9536, 0x9516, 0x9516, 0x8D16, 0x8CF5, 0x8CD5, 0x8CD5, 0x8CD5, 0x8CD5, 0x8CB4, 0x8CB5, 0x8CD5, 0x8CD5, 0x8CF5, 0x8CF5,
  0x94F5, 0x9516, 0x9516, 0x9536, 0x9557, 0x9D77, 0xA5B8, 0xA5F9, 0xAE19, 0xAE19, 0xB639, 0xBE5A, 0xBE5A, 0xBE5A, 0xBE7A, 0xC67A,
  0xC67A, 0xCE9B, 0xCEBB, 0xD6DB, 0xD6DB, 0xD6FB, 0xDEFC, 0xDEFC, 0xDEFB, 0xDEFB, 0xDEFB, 0xE71C, 0xE71C, 0xE73C, 0xE73C, 0xE73C,
  0xE73C, 0xE73C, 0xE73C, 0xE73C, 0xE71C, 0xE71C, 0xDEFB, 0xDEFB, 0xDEDB, 0xDEDB, 0xDEDB, 0xDEDB, 0xDEDB, 0xDEFB, 0xE71C, 0xE71C,
  0xCE59, 0xCE79, 0xD69A, 0xD6BA, 0xDEDB, 0xDEDB, 0xDEFB, 0xDEFB, 0xE71C, 0xE71C, 0xE71C, 0xE73C, 0xEF5D, 0xEF7D, 0xF79E, 0xF7BE,
  0xF7BE, 0xF7BE, 0xF7BE, 0xEF9E, 0xD73E, 0xCEFC, 0xD6FB, 0xDEFB, 0xDEFB, 0xE71C, 0xEF5D, 0xDF3D, 0xD73D, 0xDF5E, 0xEF9E, 0xEF7D,
  0xEF7D, 0xF79E, 0xF79E, 0xF79E, 0xF79E, 0xEF7D, 0xEF7D, 0xEF7D, 0xEF7D, 0xEF7D, 0xEF7D, 0xF77D, 0xF79E, 0xEF7D, 0xEF7D, 0xF79E,
  0xF79E, 0xF7BE, 0xF7BE, 0xF7BE, 0xEF7D, 0xEF7D, 0xE75D, 0xC6DC, 0xBE39, 0xB596, 0xA534, 0x94B2, 0x8C51, 0x7BEF, 0x738E, 0x6B6D,
  0x6B4D, 0x6B6D, 0x738E, 0x73AE, 0x8C51, 0xBDD7, 0xCE7A, 0xB639, 0xA5F8, 0xA5D8, 0x9DB8, 0x9598, 0x8D58, 0x8D57, 0x8D57, 0x8D57,
  0x8D37, 0x8D37, 0x8D36, 0x8D36, 0x9515, 0x8CD4, 0x8CB3, 0x8C72, 0x8451, 0x8430, 0x8430, 0x8C50, 0x9471, 0x94B2, 0x9CF4, 0xA535,
  0xAD75, 0xAD75, 0xB596, 0xAD75, 0xAD75, 0xAD55, 0xA534, 0xA514, 0x9CF3, 0x94B2, 0x9492, 0x8C51, 0x8410, 0x7BEF, 0x73AE, 0x738E,
  0x6B6D, 0x632C, 0x630C, 0x5AEB, 0x5AEB, 0x5ACB, 0x5ACB, 0x52AA, 0x52AA, 0x52AA, 0x52AA, 0x52AA, 0x5ACB, 0x630C, 0x632C, 0x73AE,
  0x8CD4, 0xA5B8, 0xAD97, 0x7BF0, 0x4A69, 0x4228, 0x39C7, 0x3186, 0x2965, 0x2945, 0x2124, 0x2124, 0x2124, 0x2124, 0x2124, 0x2124,
  0x2104, 0x2104, 0x2104, 0x2104, 0x2104, 0x18E3, 0x18E3, 0x2965, 0x4208, 0x3186, 0x4A69, 0x4A49, 0x3186, 0x2945, 0x1082, 0x0861,
  0x0861, 0x1082, 0x1082, 0x1082, 0x1082, 0x10A2, 0x10A2, 0x18C3, 0x18E3, 0x2104, 0x2104, 0x2124, 0x2124, 0x2945, 0x2945, 0x2965,
  0x2965, 0x3186, 0x31A6, 0x39C7, 0x4208, 0x4208, 0x4228, 0x4A49, 0x52AA, 0x632C, 0x8C71, 0xB5F8, 0xADD8, 0x9577, 0x8CF6, 0x8412,
  0x630C, 0x4A49, 0x3186, 0x2104, 0x0861, 0x1082, 0x18C3, 0x2104, 0x2965, 0x4228, 0x630B, 0x8434, 0x9D78, 0xB618, 0x9598, 0x9597,
  0xBE39, 0xCE79, 0xCE59, 0xBE18, 0xA5D8, 0xADF9, 0xADF9, 0xB639, 0xBE7A, 0xCEBB, 0xDEFB, 0xDF1C, 0xE71C, 0xE71C, 0xE71C, 0xE71C,
  0xE71C, 0xE73C, 0xE73C, 0xE71C, 0xDF1C, 0xDF1C, 0xE73C, 0xEF5D, 0xEF5D, 0xEF5D, 0xE73C, 0xEF5D, 0xEF5D, 0xEF5D, 0xEF5D, 0xE73C,
  0xD6BA, 0xCE59, 0xBE39, 0x9DD9, 0xAE5B, 0xDEFC, 0xDEDB, 0xAE3A, 0x7D37, 0x8538, 0xADF9, 0xC67A, 0xC67A, 0xB619, 0x9DB7, 0x9557,
  0x9536, 0x9516, 0x9516, 0x8D16, 0x8CF5, 0x8CF5, 0x8CD5, 0x8CD5, 0x8CD5, 0x8CD5, 0x8CB4, 0x8CB5, 0x8CD5, 0x8CD5, 0x8CF5, 0x8CF5,
  0x8CF5, 0x94F5, 0x9516, 0x9516, 0x9536, 0x9D37, 0x9D77, 0xA5B8, 0xA5F9, 0xA5F9, 0xAE19, 0xB63A, 0xB65A, 0xB65A, 0xB63A, 0xBE59,
  0xC65A, 0xC67A, 0xCEBB, 0xD6DB, 0xD6DB, 0xD6DB, 0xD6DB, 0xD6DB, 0xD6DB, 0xDEDB, 0xDEFB, 0xDEFB, 0xE71C, 0xE71C, 0xE73C, 0xE73C,
  0xE73C, 0xE73C, 0xE73C, 0xE73C, 0xE71C, 0xE71C, 0xDEFB, 0xDEFB, 0xDEDB, 0xDEDB, 0xDEDB, 0xDEDB, 0xDEDB, 0xDEFB, 0xE71C, 0xE71C,
  0xD69A, 0xD69A, 0xD6BA, 0xD6BA, 0xDEDB, 0xDEDB, 0xDEFB, 0xE71C, 0xE73C, 0xEF5D, 0xEF7D, 0xF79E, 0xF7BE, 0xF7BE, 0xFFDF, 0xF7BE,
  0xF7BE, 0xF7BE, 0xE77E, 0xCF3D, 0xD6FC, 0xDF1C, 0xDF1C, 0xDF1B, 0xE71C, 0xE73D, 0xCEFD, 0xC6DD, 0xD73E, 0xE77E, 0xEF7E, 0xEF7D,
  0xF79E, 0xF79E, 0xF79E, 0xF79E, 0xF79E, 0xEF7D, 0xEF7D, 0xEF7D, 0xEF7D, 0xEF7D, 0xEF5D, 0xEF7D, 0xEF7E, 0xEF7D, 0xEF7D, 0xF79E,
  0xF79E, 0xF7BE, 0xFFDF, 0xF7BE, 0xF79E, 0xEF7E, 0xE75D, 0xC6DC, 0xBE39, 0xB596, 0xA534, 0x9CD3, 0x8C71, 0x8410, 0x73AE, 0x738E,
  0x6B6D, 0x6B6D, 0x6B6D, 0x8410, 0xB5B6, 0xCE9A, 0xAE19, 0x9D98, 0x8D57, 0x8D37, 0x8D37, 0x8D16, 0x8CD5, 0x84B4, 0x7C73, 0x7C32,
  0x7C11, 0x73CF, 0x73CF, 0x73CF, 0x73AF, 0x73AE, 0x738E, 0x738E, 0x738E, 0x738E, 0x73AE, 0x7BCF, 0x8410, 0x8C51, 0x9492, 0x9CD3,
  0xA514, 0xA514, 0xA534, 0xA514, 0xA514, 0x9CF3, 0x9CF3, 0x9CD3, 0x94B2, 0x8C71, 0x8C51, 0x8430, 0x7BEF, 0x7BCF, 0x73AE, 0x738E,
  0x6B6D, 0x6B4D, 0x632C, 0x630C, 0x630C, 0x630C, 0x630C, 0x630C, 0x630C, 0x630C, 0x630C, 0x632C, 0x6B4D, 0x6B8E, 0x8451, 0x9D76,
  0xAE18, 0xBE18, 0x9492, 0x5AEB, 0x528A, 0x4A49, 0x39E7, 0x31A6, 0x31A6, 0x3186, 0x3186, 0x3186, 0x2965, 0x2965, 0x2945, 0x2945,
  0x2945, 0x2124, 0x2124, 0x2104, 0x18E3, 0x18E3, 0x18C3, 0x18C3, 0x2965, 0x31A6, 0x2124, 0x2124, 0x18E3, 0x18E3, 0x10A2, 0x0841,
  0x0841, 0x0861, 0x0861, 0x0861, 0x1082, 0x10A2, 0x10A2, 0x18C3, 0x18E3, 0x2104, 0x2104, 0x2124, 0x2124, 0x2945, 0x2965, 0x2965,
  0x3186, 0x31A6, 0x39C7, 0x39E7, 0x4228, 0x4228, 0x4A49, 0x4A69, 0x5ACB, 0x6B4D, 0x8C51, 0xB5F8, 0xB5F8, 0x9D97, 0x8D16, 0x8C94,
  0x738E, 0x52CA, 0x4208, 0x2965, 0x2104, 0x1082, 0x10A2, 0x18E3, 0x2945, 0x39E7, 0x52AA, 0x73D1, 0x94F7, 0xADF8, 0x9598, 0x8536,
  0xA5D7, 0xC639, 0xC639, 0xB5F8, 0xA5B7, 0x9DB8, 0x9DD8, 0xA5F9, 0xAE3A, 0xBE5A, 0xCE9A, 0xDEFC, 0xDEFB, 0xDEFB, 0xE71C, 0xE71C,
  0xE71C, 0xE73C, 0xE71C, 0xE71C, 0xD6FC, 0xD6FC, 0xDF1C, 0xEF5D, 0xEF5D, 0xEF5D, 0xEF5D, 0xEF5D, 0xEF5D, 0xEF5D, 0xEF5D, 0xEF5D,
  0xEF5D, 0xDEFB, 0xC679, 0xA5D9, 0x95D9, 0xC6BB, 0xDEDB, 0xB65A, 0x7D37, 0x74D7, 0x8D98, 0xB639, 0xBE5A, 0xB5F9, 0x9DB7, 0x9556,
  0x9536, 0x9516, 0x9516, 0x8CF5, 0x8CF5, 0x8CF5, 0x8CF5, 0x8CF5, 0x8CD5, 0x8CD5, 0x8CD5, 0x8CD5, 0x8CD5, 0x8CD5, 0x8CD5, 0x8CF5,
  0x8CF5, 0x8CF5, 0x94F5, 0x94F6, 0x9516, 0x9536, 0x9D57, 0x9D98, 0xA5B8, 0xA5D8, 0xA5F9, 0xADF9, 0xAE19, 0xB639, 0xB639, 0xB619,
  0xB639, 0xC67A, 0xC69A, 0xCEDB, 0xD6DB, 0xD6DB, 0xD6DB, 0xD6DB, 0xD6DB, 0xD6DB, 0xD6DB, 0xDEFB, 0xDEFC, 0xDF1C, 0xE71C, 0xE71C,
  0xE73C, 0xE73C, 0xE73C, 0xE73C, 0xE71C, 0xDEFB, 0xDEFB, 0xDEDB, 0xDEDB, 0xDEDB, 0xDEDB, 0xDEDB, 0xDEDB, 0xDEDB, 0xDEFB, 0xE71C,
  0xD6BA, 0xD6BA, 0xDEDB, 0xDEFB, 0xE71C, 0xE73C, 0xEF5D, 0xF79E, 0xF79E, 0xF7BE, 0xF7BE, 0xF7BE, 0xF7BE, 0xF7BE, 0xF7BE, 0xFFBE,
  0xF7BE, 0xE77E, 0xCF1D, 0xD71C, 0xDF1C, 0xE71B, 0xE71C, 0xE73C, 0xE73D, 0xC6DD, 0xB6BD, 0xCF1D, 0xE77E, 0xEF7E, 0xF79E, 0xF79E,
  0xF79E, 0xF79E, 0xF79E, 0xF79E, 0xEF7D, 0xEF7D, 0xEF7D, 0xEF7D, 0xEF5D, 0xDF3D, 0xD73D, 0xDF3D, 0xEF5D, 0xEF7D, 0xEF7D, 0xEF7D,
  0xF79E, 0xF7BE, 0xF7DF, 0xF7BF, 0xEF7E, 0xEF7E, 0xE73D, 0xC6DC, 0xBE39, 0xB5B6, 0xA555, 0x9CD3, 0x8C71, 0x8430, 0x7BCF, 0x738E,
  0x6B6D, 0x6B4D, 0x73AE, 0xAD55, 0xCE59, 0xB5D7, 0x9D55, 0x8CD4, 0x8493, 0x8452, 0x7C32, 0x7C11, 0x7BCF, 0x73AF, 0x6B6D, 0x630C,
  0x630B, 0x62EB, 0x5AEB, 0x630B, 0x6B2C, 0x632C, 0x632C, 0x632C, 0x632C, 0x632C, 0x6B4D, 0x6B6D, 0x73AE, 0x7BEF, 0x8410, 0x8C51,
  0x9492, 0x9492, 0x94B2, 0x94B2, 0x9492, 0x9492, 0x8C71, 0x8C71, 0x8C51, 0x8410, 0x7BEF, 0x7BCF, 0x7BCF, 0x73AE, 0x738E, 0x738E,
  0x6B6D, 0x6B6D, 0x6B4D, 0x632C, 0x632C, 0x632C, 0x6B4D, 0x6B4D, 0x6B4D, 0x6B4D, 0x6B4D, 0x738E, 0x7BCF, 0x94F3, 0xADF8, 0xBE59,
  0xC659, 0xA514, 0x738E, 0x630C, 0x52AA, 0x4A49, 0x4228, 0x4208, 0x39E7, 0x39E7, 0x39C7, 0x39C7, 0x31A6, 0x3186, 0x3186, 0x2965,
  0x2965, 0x2945, 0x2124, 0x2104, 0x18E3, 0x18E3, 0x10A2, 0x1082, 0x10A2, 0x2104, 0x2104, 0x18C3, 0x1082, 0x1082, 0x10A2, 0x0861,
  0x0841, 0x0841, 0x0861, 0x0861, 0x1082, 0x1082, 0x10A2, 0x18C3, 0x18E3, 0x2104, 0x2124, 0x2945, 0x2965, 0x2965, 0x3186, 0x31A6,
  0x39C7, 0x39E7, 0x4208, 0x4228, 0x4A49, 0x4A69, 0x528A, 0x52AA, 0x630C, 0x6B6D, 0x8451, 0xB5D8, 0xBE19, 0xA5B8, 0x9537, 0x8CD6,
  0x8411, 0x6B4C, 0x526A, 0x39C7, 0x2945, 0x2104, 0x10A2, 0x18C3, 0x2124, 0x31A6, 0x4A49, 0x6B6E, 0x8CB5, 0xA5B8, 0x9D97, 0x84F6,
  0x8D36, 0xADD7, 0xBE18, 0xADD8, 0x9D97, 0x9577, 0x9598, 0x95B8, 0xA5F9, 0xAE19, 0xB63A, 0xC69B, 0xDEDB, 0xDEFB, 0xDEFB, 0xDEFB,
  0xE71C, 0xE71C, 0xE71C, 0xE71C, 0xDEFC, 0xD6DC, 0xD6FC, 0xDF3C, 0xEF5D, 0xEF5D, 0xE73C, 0xEF5D, 0xEF5D, 0xEF5D, 0xEF5D, 0xEF5D,
  0xEF5D, 0xE75D, 0xD6DB, 0xA5F9, 0x8DD9, 0xBE7B, 0xDEDB, 0xBE5A, 0x7D17, 0x6C56, 0x74F7, 0x95B8, 0xADF9, 0xA5D8, 0x9597, 0x9557,
  0x8D16, 0x8CF5, 0x8CF5, 0x8CF5, 0x8CF5, 0x8CF5, 0x8CF5, 0x8CF5, 0x94F5, 0x8CF5, 0x8CD5, 0x8CD5, 0x8CF5, 0x8CF5, 0x8CF5, 0x8CF5,
  0x8CF5, 0x8CD5, 0x8CD5, 0x94F5, 0x94F5, 0x9516, 0x9D37, 0x9D77, 0xA598, 0xA598, 0xA5B8, 0xA5D9, 0xA5F9, 0xAE19, 0xAE19, 0xADF8,
  0xB619, 0xBE59, 0xC67A, 0xC69B, 0xCEBB, 0xCEBB, 0xCEBB, 0xCEBB, 0xCEBB, 0xCEBB, 0xCEBB, 0xD6BB, 0xD6DB, 0xD6FB, 0xD6FB, 0xD6FB,
  0xDEFC, 0xE71C, 0xE71C, 0xE71C, 0xE71C, 0xDEFB, 0xDEFB, 0xDEDB, 0xDEDB, 0xD6BA, 0xD6BA, 0xD6BA, 0xDEDB, 0xDEDB, 0xDEFB, 0xE71C,
  0xDEFB, 0xE71C, 0xE73C, 0xEF7D, 0xF79E, 0xF79E, 0xF7BE, 0xF7BE, 0xF7BE, 0xF7BE, 0xF7BE, 0xF7BE, 0xF7BE, 0xF7DE, 0xFFBE, 0xF7BE,
  0xE77D, 0xD71D, 0xDF1D, 0xE71C, 0xE6FC, 0xE71C, 0xE73C, 0xE73D, 0xBEBD, 0xAE7D, 0xBEFD, 0xDF5E, 0xF79E, 0xF7BE, 0xF7BE, 0xF79E,
  0xF79E, 0xF79E, 0xF79E, 0xF79E, 0xF77D, 0xEF7D, 0xEF7D, 0xE75D, 0xD71C, 0xCEFC, 0xCEFD, 0xCEFD, 0xDF3D, 0xE75D, 0xEF5D, 0xEF7D,
  0xF79E, 0xF79E, 0xF7BE, 0xE79E, 0xE75D, 0xEF5D, 0xE75D, 0xC6DC, 0xBE5A, 0xB5B6, 0xA555, 0x9CD3, 0x8C71, 0x8430, 0x7BEF, 0x73AE,
  0x6B6D, 0x632C, 0x738E, 0x8430, 0x8410, 0x7BCF, 0x7BCE, 0x73AE, 0x738E, 0x6B6D, 0x6B4C, 0x632C, 0x630C, 0x5B0C, 0x5AEB, 0x52AA,
  0x4A69, 0x4A49, 0x4A49, 0x4A49, 0x528A, 0x52AB, 0x52AA, 0x5ACB, 0x5AEB, 0x5AEB, 0x630C, 0x632C, 0x6B4D, 0x6B6D, 0x73AE, 0x7BCF,
  0x8410, 0x8430, 0x8430, 0x8430, 0x8410, 0x7BEF, 0x7BCF, 0x7BCF, 0x73AE, 0x738E, 0x6B6D, 0x6B4D, 0x6B4D, 0x6B6D, 0x6B6D, 0x6B6D,
  0x6B6D, 0x6B6D, 0x6B6D, 0x6B6D, 0x6B6D, 0x6B6D, 0x6B6D, 0x6B6D, 0x738E, 0x738E, 0x73AE, 0x7BCF, 0x94B2, 0xC659, 0xCE9A, 0xCE9A,
  0xB596, 0x8410, 0x738E, 0x632C, 0x5ACB, 0x528A, 0x4A69, 0x4A49, 0x4228, 0x4208, 0x4208, 0x39E7, 0x39E7, 0x39C7, 0x31A6, 0x3186,
  0x2965, 0x2124, 0x2104, 0x18E3, 0x18C3, 0x10A2, 0x1082, 0x0861, 0x0861, 0x1082, 0x18C3, 0x10A2, 0x0861, 0x0861, 0x1082, 0x10A2,
  0x1082, 0x0841, 0x0841, 0x0861, 0x1082, 0x10A2, 0x18C3, 0x18E3, 0x2104, 0x2124, 0x2945, 0x3186, 0x3186, 0x31A6, 0x39C7, 0x39E7,
  0x4208, 0x4228, 0x4A49, 0x528A, 0x52AA, 0x52AA, 0x5ACB, 0x5AEB, 0x632C, 0x73AE, 0x8C51, 0xB5D7, 0xBE59, 0xADF9, 0x9578, 0x94F7,
  0x8C73, 0x73AE, 0x5AEB, 0x4229, 0x31A6, 0x2945, 0x2104, 0x18E3, 0x2104, 0x2966, 0x4228, 0x62EC, 0x8453, 0x9D77, 0xA5B7, 0x84F6,
  0x84D6, 0x9D77, 0xB5F7, 0xADD8, 0x9577, 0x8D57, 0x8D57, 0x9558, 0x9598, 0x9DD8, 0x9DF9, 0xAE1A, 0xBE7A, 0xD6DB, 0xDEFC, 0xDEFC,
  0xE71C, 0xE71C, 0xE71C, 0xE71C, 0xD6FC, 0xCEBB, 0xCEDB, 0xD71C, 0xE73C, 0xE73C, 0xE73C, 0xEF3D, 0xEF5D, 0xEF5D, 0xEF5D, 0xEF5D,
  0xEF5D, 0xEF5D, 0xDF1C, 0xBE7B, 0xAE3A, 0xC69A, 0xD6BA, 0xB639, 0x74F7, 0x6416, 0x6C56, 0x7D17, 0x9598, 0x9598, 0x9577, 0x8D36,
  0x8CF5, 0x8CD5, 0x8CD5, 0x8CD5, 0x8CD5, 0x8CD5, 0x8CD5, 0x8CF5, 0x8CF5, 0x94F5, 0x8CD5, 0x8CD5, 0x8CF5, 0x94F5, 0x94F5, 0x8CF5,
  0x8CF5, 0x8CD5, 0x8CD5, 0x8CD5, 0x8CD5, 0x8CF5, 0x9516, 0x9D37, 0x9D57, 0x9D77, 0x9D98, 0x9DB8, 0xA5D8, 0xA5D8, 0xA5D8, 0xA5D8,
  0xADF8, 0xAE19, 0xB65A, 0xBE5A, 0xC67A, 0xC67A, 0xC67A, 0xC67A, 0xC69A, 0xCE9A, 0xCE9A, 0xCE9B, 0xCEBB, 0xCEBB, 0xCEBB, 0xD6DB,
  0xD6DB, 0xD6FB, 0xD6FB, 0xDEFB, 0xDEFB, 0xDEFB, 0xDEFB, 0xDEDA, 0xD6DB, 0xD6BA, 0xD6BA, 0xD6BA, 0xD6BA, 0xDEDB, 0xDEFB, 0xE71C,
  0xEF7D, 0xF79E, 0xF79E, 0xF7BE, 0xF7BE, 0xF7BE, 0xF7BE, 0xF7BE, 0xF7BE, 0xF7BE, 0xF7BE, 0xF7BE, 0xF7BE, 0xFFBE, 0xF7BE, 0xDF7E,
  0xD71D, 0xDF1C, 0xE71C, 0xE71C, 0xDEFB, 0xE71B, 0xDF1C, 0xBEBD, 0xAE7C, 0xBEDD, 0xDF5E, 0xF79E, 0xFFBE, 0xF7DE, 0xF7BE, 0xF79E,
  0xF79E, 0xF79E, 0xF79E, 0xF79E, 0xEF9E, 0xEF7D, 0xDF3D, 0xD71D, 0xCEFC, 0xC6DC, 0xBEDC, 0xC6FC, 0xD71D, 0xDF1D, 0xE75D, 0xEF5D,
  0xEF7E, 0xEF9E, 0xEF9E, 0xDF5E, 0xD73D, 0xE75D, 0xDF5D, 0xC6DC, 0xBE5A, 0xBDD7, 0xAD55, 0x9CF3, 0x9492, 0x8C51, 0x7BEF, 0x73AE,
  0x6B4D, 0x630C, 0x630C, 0x5AEB, 0x630C, 0x630C, 0x630C, 0x630C, 0x630C, 0x5AEB, 0x5ACB, 0x52AA, 0x528A, 0x4A69, 0x4A69, 0x4A49,
  0x4208, 0x39C7, 0x39C7, 0x39C7, 0x4208, 0x4A69, 0x528A, 0x52AA, 0x5ACB, 0x5ACB, 0x5AEB, 0x5AEB, 0x630C, 0x632C, 0x6B4D, 0x6B6D,
  0x73AE, 0x73AE, 0x73AE, 0x73AE, 0x7BAE, 0x7BEF, 0x7C10, 0x73CF, 0x632C, 0x5AEB, 0x5ACB, 0x5AEB, 0x5AEB, 0x630C, 0x632C, 0x6B4D,
  0x6B6D, 0x738E, 0x738E, 0x738E, 0x738E, 0x738E, 0x73AE, 0x7BCF, 0x7BCF, 0x7BEF, 0x8410, 0x8430, 0x94B2, 0xC638, 0xDEDB, 0xBDF7,
  0x9492, 0x8410, 0x73AE, 0x6B4D, 0x630C, 0x5AEB, 0x5ACB, 0x52AA, 0x528A, 0x4A49, 0x4A49, 0x4228, 0x4208, 0x39C7, 0x3186, 0x2965,
  0x2945, 0x2104, 0x18E3, 0x10A2, 0x1082, 0x0861, 0x0861, 0x0841, 0x0020, 0x0841, 0x1082, 0x1082, 0x1082, 0x0861, 0x1082, 0x10A2,
  0x10A2, 0x1082, 0x1082, 0x1082, 0x1082, 0x18C3, 0x18E3, 0x2104, 0x2945, 0x2965, 0x31A6, 0x39C7, 0x39E7, 0x4208, 0x4228, 0x4A49,
  0x4A69, 0x528A, 0x52AA, 0x5ACB, 0x5AEB, 0x630C, 0x630C, 0x6B4D, 0x738E, 0x7BEF, 0x8C71, 0xB5D7, 0xC67A, 0xB639, 0x9DB9, 0x9537,
  0x94B5, 0x8410, 0x6B4C, 0x528A, 0x4208, 0x3186, 0x2965, 0x2945, 0x2124, 0x2965, 0x3A07, 0x52AA, 0x73F1, 0x9516, 0xA598, 0x8CF6,
  0x7C95, 0x8CF6, 0x9D97, 0xA5B7, 0x9577, 0x8D36, 0x8516, 0x8D17, 0x8D57, 0x9598, 0x9598, 0x95B8, 0xA5F9, 0xBE7A, 0xD6DB, 0xDEFB,
  0xDEFB, 0xE71C, 0xE71C, 0xE71B, 0xDEFC, 0xCEBB, 0xC6BB, 0xCEDB, 0xD6DB, 0xD6FB, 0xE73C, 0xEF5D, 0xEF5C, 0xEF3C, 0xE73C, 0xEF5D,
  0xE73C, 0xE73C, 0xE71C, 0xD6DB, 0xCEBB, 0xD6BA, 0xD6BA, 0xAE1A, 0x6CD7, 0x5BF5, 0x63F5, 0x7496, 0x7D17, 0x8D57, 0x8D37, 0x8D16,
  0x84D5, 0x8CD5, 0x8CD5, 0x8CD5, 0x8CD5, 0x8CD5, 0x8CD5, 0x8CD5, 0x8CF5, 0x8CF5, 0x8CD5, 0x8CF5, 0x8CF5, 0x8CF5, 0x8CF5, 0x8CF5,
  0x8CF5, 0x8CD5, 0x8CD5, 0x8CD5, 0x8CD5, 0x8CD5, 0x8CF5, 0x94F6, 0x9516, 0x9537, 0x9D57, 0x9D77, 0x9D98, 0x9D98, 0x9DB8, 0x9D98,
  0xA5B8, 0xA5F9, 0xAE19, 0xB63A, 0xBE5A, 0xBE5A, 0xBE5A, 0xBE5A, 0xBE5A, 0xBE5A, 0xC67A, 0xC67A, 0xC69B, 0xC69B, 0xC69B, 0xC69B,
  0xCEBB, 0xCEDB, 0xCEDB, 0xCEDB, 0xD6DB, 0xD6BB, 0xD6BB, 0xD6BA, 0xD6BA, 0xD6BA, 0xD6BA, 0xD6BA, 0xD6BA, 0xDEDB, 0xDEFB, 0xE71C,
  0xF7BE, 0xF7BE, 0xF7BE, 0xF7BE, 0xF7BE, 0xF7BE, 0xF7BE, 0xF7BE, 0xF7BE, 0xF7BE, 0xF7BE, 0xF7BE, 0xF7BE, 0xF7BE, 0xDF7E, 0xD71E,
  0xDF3C, 0xE71B, 0xDEFC, 0xDEFB, 0xE6FB, 0xE73C, 0xC6BC, 0xAE5C, 0xC6DC, 0xE77E, 0xF7BE, 0xF7DE, 0xF7DE, 0xF7BE, 0xF7BE, 0xF79E,
  0xF79E, 0xF79E, 0xF79E, 0xEF9E, 0xE77E, 0xDF3D, 0xD71D, 0xCEFD, 0xBEBD, 0xBEBC, 0xBEDC, 0xBEDC, 0xCEFC, 0xD6FC, 0xDF1C, 0xE75D,
  0xE75D, 0xE75E, 0xD73D, 0xCEFD, 0xCEFD, 0xDF3D, 0xDF5D, 0xC6DC, 0xC67A, 0xBDF7, 0xAD75, 0x9CF3, 0x9492, 0x8C51, 0x8410, 0x73AE,
  0x6B4D, 0x630C, 0x5AEB, 0x5AEB, 0x5AEB, 0x5AEB, 0x5ACB, 0x52AA, 0x52AA, 0x528A, 0x528A, 0x4A69, 0x4228, 0x4208, 0x4208, 0x39E7,
  0x39C7, 0x31A6, 0x3186, 0x31A6, 0x39C7, 0x4A49, 0x528A, 0x5ACB, 0x5ACB, 0x5ACB, 0x5ACB, 0x5ACB, 0x5ACB, 0x5ACB, 0x5AEB, 0x632C,
  0x6B4D, 0x6B6D, 0x94B2, 0xAD55, 0xA534, 0x94B3, 0x73CF, 0x5AEC, 0x4A6A, 0x4A49, 0x4A49, 0x4A69, 0x4A69, 0x52AA, 0x630C, 0x632C,
  0x6B6D, 0x738E, 0x73AE, 0x73AE, 0x7BCF, 0x7BEF, 0x7BEF, 0x8410, 0x8430, 0x8C51, 0x8C71, 0x94B2, 0x94B2, 0xB596, 0xC638, 0xA514,
  0x9492, 0x8C71, 0x7BEF, 0x73AE, 0x738E, 0x6B6D, 0x6B4D, 0x630C, 0x5ACB, 0x528A, 0x4A49, 0x4228, 0x39E7, 0x39C7, 0x3186, 0x2945,
  0x2104, 0x18C3, 0x10A2, 0x1082, 0x0861, 0x0841, 0x0841, 0x0841, 0x0020, 0x0020, 0x1082, 0x1082, 0x1082, 0x0861, 0x1082, 0x1082,
  0x10A2, 0x1082, 0x10A2, 0x10A2, 0x18C3, 0x18E3, 0x2124, 0x2965, 0x3186, 0x39C7, 0x4208, 0x4228, 0x4A49, 0x4A69, 0x528A, 0x5ACB,
  0x5AEB, 0x5AEB, 0x630C, 0x632C, 0x6B4D, 0x6B6D, 0x738E, 0x73AE, 0x7BEF, 0x8430, 0x9492, 0xB5B7, 0xC69A, 0xBE5A, 0xA5F9, 0x9578,
  0x94F7, 0x8C52, 0x738D, 0x5ACB, 0x4A49, 0x39C7, 0x3186, 0x3186, 0x3186, 0x3186, 0x39E7, 0x4A69, 0x6B6E, 0x94B5, 0xA577, 0x9536,
  0x7C75, 0x8495, 0x8D36, 0x9597, 0x9557, 0x8D16, 0x84F6, 0x84D6, 0x8CF6, 0x8D17, 0x9537, 0x9558, 0x9598, 0x9DD9, 0xB65A, 0xD6BB,
  0xDEFB, 0xE6FB, 0xDEFC, 0xE6FB, 0xDEFB, 0xD6DB, 0xC6BB, 0xBE9B, 0xBE7B, 0xBE7B, 0xCEDC, 0xDF3D, 0xE75D, 0xEF5D, 0xEF5D, 0xE73C,
  0xE71C, 0xDEFC, 0xDEFB, 0xDEDA, 0xD6BB, 0xD6BA, 0xD69A, 0xA5FA, 0x6CF7, 0x5BD5, 0x5B94, 0x6436, 0x74D7, 0x7D17, 0x8516, 0x8CD5,
  0x84B5, 0x84B5, 0x8494, 0x8494, 0x8CB4, 0x8CB5, 0x8CB5, 0x8CD5, 0x94F5, 0x8CF5, 0x8CD5, 0x8CF5, 0x8CF5, 0x8CF5, 0x8CF5, 0x8CF5,
  0x8CF5, 0x8CD5, 0x8CD5, 0x8CD5, 0x8CD5, 0x8CD5, 0x8CD5, 0x8CD5, 0x8CD6, 0x94F6, 0x9517, 0x9D57, 0x9D57, 0x9D77, 0x9D78, 0x9577,
  0x9577, 0x9DB8, 0xA5F9, 0xA619, 0xAE3A, 0xB639, 0xB639, 0xB639, 0xB659, 0xB659, 0xBE5A, 0xBE5A, 0xBE7A, 0xC67A, 0xC67A, 0xC67A,
  0xC69B, 0xC69B, 0xC69B, 0xC69B, 0xC69B, 0xC69B, 0xC67A, 0xC67A, 0xC67A, 0xCE9A, 0xCE9A, 0xD69A, 0xD6BA, 0xD6BA, 0xDEDB, 0xDEFB,
  0xF79E, 0xF7BE, 0xF79E, 0xF7BE, 0xF7BE, 0xF79E, 0xF79E, 0xEF9E, 0xF79E, 0xF7BE, 0xF7BE, 0xF7BE, 0xF7BE, 0xDF7E, 0xCF1E, 0xDF3D,
  0xE73C, 0xDEFB, 0xDEFC, 0xE71C, 0xE71C, 0xE71C, 0xBE9C, 0xC6BC, 0xEF7E, 0xF7BE, 0xFFBE, 0xF7BE, 0xF7BE, 0xF7BE, 0xF79E, 0xF79E,
  0xF79E, 0xF79E, 0xF79E, 0xEF5D, 0xDF3D, 0xD71D, 0xCEFD, 0xC6DC, 0xBEBC, 0xB6BC, 0xB6BC, 0xBEBC, 0xC6DC, 0xCEDC, 0xCEFC, 0xD6FC,
  0xD71C, 0xD6FD, 0xC6FC, 0xB6BC, 0xBEDC, 0xD71D, 0xDF3D, 0xC6DC, 0xC69A, 0xC618, 0xB5B6, 0xA534, 0x9CD3, 0x8C71, 0x8410, 0x7BCF,
  0x6B4D, 0x630C, 0x5AEB, 0x5AEB, 0x5AEB, 0x5ACB, 0x52AA, 0x52AA, 0x4A69, 0x4A69, 0x4A49, 0x4A49, 0x4A49, 0x4208, 0x39E7, 0x39C7,
  0x31A6, 0x31A6, 0x3186, 0x3186, 0x39E7, 0x4A49, 0x52AA, 0x5AEB, 0x5AEB, 0x5ACB, 0x5ACB, 0x52AA, 0x52AA, 0x52AA, 0x52AA, 0x5ACB,
  0x5ACB, 0x8430, 0xB5B6, 0x94B2, 0x6B4D, 0x4A49, 0x39C7, 0x39C7, 0x39E7, 0x39E7, 0x39E7, 0x4208, 0x4228, 0x528A, 0x5ACB, 0x632C,
  0x6B6D, 0x73AE, 0x73AE, 0x7BCF, 0x8410, 0x8430, 0x8C51, 0x8C71, 0x94B2, 0x9CD3, 0x9CF3, 0xA534, 0xAD55, 0xAD75, 0xAD75, 0xA534,
  0xA514, 0x94B2, 0x9492, 0x8C51, 0x8410, 0x7BCF, 0x738E, 0x632C, 0x5ACB, 0x4A69, 0x4A49, 0x4208, 0x39C7, 0x2965, 0x2945, 0x2104,
  0x18C3, 0x10A2, 0x0861, 0x0861, 0x0841, 0x0841, 0x0020, 0x0020, 0x0020, 0x0020, 0x0841, 0x10A2, 0x10A2, 0x10A2, 0x10A2, 0x1082,
  0x1082, 0x10A2, 0x1082, 0x10A2, 0x18E3, 0x2945, 0x2965, 0x31A6, 0x39E7, 0x4228, 0x4A69, 0x528A, 0x5ACB, 0x5AEB, 0x630C, 0x632C,
  0x6B4D, 0x6B6D, 0x738E, 0x73AE, 0x7BCF, 0x7BEF, 0x7BEF, 0x8430, 0x8C51, 0x9492, 0x9CD3, 0xAD55, 0xBE39, 0xC69A, 0xB639, 0x9D98,
  0x9517, 0x8C93, 0x73AE, 0x5B0C, 0x4A69, 0x4208, 0x39C7, 0x39C7, 0x39C7, 0x39C7, 0x39E8, 0x4A69, 0x632D, 0x8453, 0x9D57, 0x9556,
  0x8475, 0x7C54, 0x84D5, 0x8D36, 0x8D56, 0x8D16, 0x84B6, 0x8495, 0x84B5, 0x8CD6, 0x8CF7, 0x8D17, 0x8D37, 0x8D58, 0x9598, 0xAE39,
  0xCEBB, 0xE6FC, 0xDEFB, 0xDEFB, 0xDEFB, 0xDEFB, 0xCE9B, 0xB67B, 0xAE5A, 0xA61A, 0xAE3A, 0xBE9B, 0xCEDC, 0xDF1C, 0xE73C, 0xDEFB,
  0xDEDB, 0xDEDB, 0xD6BA, 0xD6BA, 0xD6BA, 0xD6BA, 0xBE5A, 0x95B8, 0x64D7, 0x5BD5, 0x5B74, 0x6415, 0x74D7, 0x7D17, 0x8516, 0x84D6,
  0x8495, 0x8494, 0x8474, 0x8494, 0x8494, 0x8C94, 0x8CB4, 0x8CD5, 0x8CF5, 0x8CF5, 0x8CD5, 0x8CD5, 0x94F5, 0x94F5, 0x94F5, 0x94F5,
  0x94D5, 0x8CD5, 0x8CD5, 0x8CD5, 0x8CB5, 0x8CB5, 0x8CB5, 0x8CB5, 0x8CB6, 0x8CD6, 0x94F6, 0x9516, 0x9517, 0x9537, 0x9537, 0x9536,
  0x9557, 0x9577, 0x9DB8, 0x9DD8, 0x9DF9, 0xA5F9, 0xADF9, 0xAE19, 0xAE19, 0xAE19, 0xAE19, 0xB639, 0xB639, 0xB65A, 0xBE5A, 0xBE5A,
  0xBE7A, 0xBE7A, 0xBE7A, 0xBE5A, 0xBE5A, 0xBE5A, 0xB659, 0xBE39, 0xB639, 0xBE59, 0xBE59, 0xC659, 0xCE79, 0xCE7A, 0xD6BA, 0xDEFB,
};
#define BACKGROUND_LEVELS 5
